"key","name","entity_type","cui","count"
"(-)","(-)","LAB_VALUE","","1"
",",",","DETAILED_DESCRIPTION","","1"
", H-1, I-",", H-1, I-","DETAILED_DESCRIPTION","","2"
"-rich","-rich","DETAILED_DESCRIPTION","","2"
"0.03 mm","0.03 mm","DISTANCE","","1"
"0.04 mm","0.04 mm","DISTANCE","","1"
"0.4 cm","0.4 cm","DISTANCE","","4"
"0.4-0.6 m/s","0.4-0.6 m/s","LAB_VALUE","","6"
"0.5 m/s","0.5 m/s","QUANTITATIVE_CONCEPT","","1"
"0.6 cm","0.6 cm","DISTANCE","","2"
"0.6 mg","0.6 mg","DOSAGE","","2"
"0.7 m/s","0.7 m/s","QUANTITATIVE_CONCEPT","","1"
"0.8 mm","0.8 mm","DISTANCE","","1"
"0.8-0.9 m/s","0.8-0.9 m/s","LAB_VALUE","","1"
"0.9 m/s","0.9 m/s","LAB_VALUE","","1"
"0.9 ml","0.9 ml","VOLUME","","2"
"0.9%","0.9%","DOSAGE","","4"
"0/3","0/3","QUANTITATIVE_CONCEPT","","2"
"01/02/2022","01/02/2022","DATE","","1"
"01/04/2021","01/04/2021","DATE","","3"
"04/2023","04/2023","DATE","","1"
"07/10/2021","07/10/2021","DATE","","1"
"08/02/2022","08/02/2022","DATE","","1"
"1-2 kg","1-2 kg","MASS","","1"
"1-2 mm","1-2 mm","QUANTITATIVE_CONCEPT","","1"
"1-2 tablespoons daily","1-2 tablespoons daily","DOSAGE","","1"
"1.0","1.0","LAB_VALUE","","4"
"1.20 m/s","1.20 m/s","QUANTITATIVE_CONCEPT","","1"
"1.25 m/s","1.25 m/s","QUANTITATIVE_CONCEPT","","1"
"1.5 litres","1.5 litres","VOLUME","","3"
"1.5 ml","1.5 ml","VOLUME","","1"
"1.5-2 l","1.5-2 l","VOLUME","","1"
"1.6 ml","1.6 ml","VOLUME","","1"
"1.8 ml","1.8 ml","VOLUME","","1"
"1.8 mm","1.8 mm","DISTANCE","","1"
"1.8-2 m/s","1.8-2 m/s","QUANTITATIVE_CONCEPT","","1"
"10 ml/minute","10 ml/minute","DOSAGE","","2"
"10 o'clock","10 o'clock","AREA","","2"
"10-14 days","10-14 days","DURATION","","1"
"10.3 ml","10.3 ml","VOLUME","","1"
"10.5 ml","10.5 ml","VOLUME","","1"
"10.6 g/dl","10.6 g/dl","LAB_VALUE","","2"
"10.9 ml","10.9 ml","VOLUME","","1"
"10/10","10/10","SEVERITY","","1"
"10/2022","10/2022","DATE","","1"
"1000x the upper limit","1000x the upper limit","LAB_VALUE","","2"
"10:00","10:00","TIME","","1"
"10:30","10:30","TIME","","1"
"10:40","10:40","TIME","","1"
"10x11x15 mm","10x11x15 mm","DISTANCE","","2"
"10x11x8 mm","10x11x8 mm","DISTANCE","","2"
"10x13x37 mm","10x13x37 mm","DISTANCE","","1"
"10x30x8 mm","10x30x8 mm","DISTANCE","","1"
"10x4x8 mm","10x4x8 mm","DISTANCE","","1"
"10x5 mm","10x5 mm","DISTANCE","","2"
"10x5x13 mm","10x5x13 mm","DISTANCE","","1"
"10x6 mm","10x6 mm","DISTANCE","","1"
"10x7","10x7","DISTANCE","","1"
"10x8x34 mm","10x8x34 mm","DISTANCE","","1"
"10x8x35 mm","10x8x35 mm","DISTANCE","","1"
"10x8x9 mm","10x8x9 mm","DISTANCE","","1"
"10x9x13 mm","10x9x13 mm","DISTANCE","","1"
"11 of the 15","11 of the 15","DOSAGE","","1"
"11.3x8.4 cm","11.3x8.4 cm","DISTANCE","","1"
"11.5 ml","11.5 ml","VOLUME","","2"
"11.7 ml","11.7 ml","VOLUME","","2"
"11.7 mm","11.7 mm","VOLUME","","1"
"11/2022","11/2022","DATE","","1"
"110x120 mm","110x120 mm","DISTANCE","","6"
"11:15","11:15","TIME","","1"
"11x10x11 mm","11x10x11 mm","DISTANCE","","2"
"11x11x39 mm","11x11x39 mm","DISTANCE","","1"
"11x23x19 mm","11x23x19 mm","DISTANCE","","1"
"11x5x9 mm","11x5x9 mm","DISTANCE","","1"
"11x8x13 mm","11x8x13 mm","DISTANCE","","2"
"11x8x22 mm","11x8x22 mm","DISTANCE","","1"
"11x9 mm","11x9 mm","DISTANCE","","1"
"11x9x21 mm","11x9x21 mm","DISTANCE","","1"
"12 by 45 by 18 millimetres","12 by 45 by 18 millimetres","DISTANCE","","1"
"12 o'clock","12 o'clock","AREA","","2"
"12 years ago","12 years ago","DATE","","1"
"12-13","12-13","TIME","","1"
"12.5 ml","12.5 ml","VOLUME","","1"
"12.7 ml","12.7 ml","VOLUME","","2"
"12.9","12.9","LAB_VALUE","","1"
"120 ms","120 ms","LAB_VALUE","","2"
"12:00","12:00","TIME","","2"
"12x12x38 mm","12x12x38 mm","DISTANCE","","1"
"12x13x39 mm","12x13x39 mm","DISTANCE","","4"
"12x16x18 mm","12x16x18 mm","DISTANCE","","1"
"12x45x18 mm","12x45x18 mm","DISTANCE","","1"
"12x9 mm","12x9 mm","DISTANCE","","1"
"12x9x31 mm","12x9x31 mm","DISTANCE","","1"
"13 March 2023","13 March 2023","DATE","","1"
"13 by 12 mm","13 by 12 mm","DISTANCE","","1"
"13 by 15 by 22 millimetres","13 by 15 by 22 millimetres","DISTANCE","","1"
"13.4 ml","13.4 ml","VOLUME","","1"
"13/02/2023","13/02/2023","DATE","","1"
"13x12x48 mm","13x12x48 mm","DISTANCE","","1"
"13x13x19 mm","13x13x19 mm","DISTANCE","","1"
"13x13x35 mm","13x13x35 mm","DISTANCE","","1"
"13x15x10 mm","13x15x10 mm","DISTANCE","","2"
"13x15x22 mm","13x15x22 mm","DISTANCE","","3"
"13x15x46 mm","13x15x46 mm","DISTANCE","","1"
"13x16x53 mm","13x16x53 mm","DISTANCE","","1"
"13x17x39 mm","13x17x39 mm","DISTANCE","","1"
"13x19x9 mm","13x19x9 mm","DISTANCE","","2"
"13x6 mm","13x6 mm","DISTANCE","","1"
"13x7 mm","13x7 mm","DISTANCE","","2"
"14 by 16 by 42 millimetres","14 by 16 by 42 millimetres","DISTANCE","","1"
"14/03/2023","14/03/2023","DATE","","1"
"140 ms","140 ms","LAB_VALUE","","4"
"140/90 mmHg","140/90 mmHg","LAB_VALUE","","1"
"14x10x41 mm","14x10x41 mm","DISTANCE","","1"
"14x11 mm","14x11 mm","DISTANCE","","3"
"14x12x45 mm","14x12x45 mm","DISTANCE","","4"
"14x13x54 mm","14x13x54 mm","DISTANCE","","1"
"14x13x57 mm","14x13x57 mm","DISTANCE","","1"
"14x14x41 mm","14x14x41 mm","DISTANCE","","1"
"14x15x40 mm","14x15x40 mm","DISTANCE","","1"
"14x15x47 mm","14x15x47 mm","DISTANCE","","1"
"14x16x42 ml","14x16x42 ml","DISTANCE","","1"
"14x16x42 mm","14x16x42 mm","DISTANCE","","2"
"14x17x47 mm","14x17x47 mm","DISTANCE","","1"
"14x18x52 mm","14x18x52 mm","DISTANCE","","1"
"14x19x27 mm","14x19x27 mm","DISTANCE","","1"
"14x19x47 mm","14x19x47 mm","DISTANCE","","1"
"14x5x4 mm","14x5x4 mm","DISTANCE","","1"
"14x8x16 mm","14x8x16 mm","DISTANCE","","1"
"15 March 2011","15 March 2011","DATE","","3"
"15 March 2023","15 March 2023","DATE","","2"
"15 by 57 by 16 millimetres","15 by 57 by 16 millimetres","DISTANCE","","1"
"15 x 18 x 47 mm","15 x 18 x 47 mm","DISTANCE","","1"
"15%","15%","QUANTITATIVE_CONCEPT","","1"
"150 mg/l","150 mg/l","LAB_VALUE","","1"
"1500 ml","1500 ml","VOLUME","","1"
"155 ms","155 ms","DURATION","","1"
"15x10 mm","15x10 mm","DISTANCE","","1"
"15x11 mm","15x11 mm","AREA","","1"
"15x11x18 mm","15x11x18 mm","DISTANCE","","1"
"15x13x19 mm","15x13x19 mm","DISTANCE","","2"
"15x13x56 mm","15x13x56 mm","DISTANCE","","1"
"15x14x47 mm","15x14x47 mm","DISTANCE","","1"
"15x16x47 mm","15x16x47 mm","DISTANCE","","1"
"15x16x53 mm","15x16x53 mm","DISTANCE","","1"
"15x16x9 mm","15x16x9 mm","DISTANCE","","2"
"15x5 mm","15x5 mm","DISTANCE","","3"
"15x57x16 mm","15x57x16 mm","DISTANCE","","1"
"15x7x21 mm","15x7x21 mm","DISTANCE","","1"
"16 June 2023","16 June 2023","DATE","","1"
"16 May 2023","16 May 2023","DATE","","2"
"16 ng/ml","16 ng/ml","LAB_VALUE","","1"
"16.5 Gy","16.5 Gy","DOSAGE","","1"
"160 mg/dl","160 mg/dl","LAB_VALUE","","1"
"160 ms","160 ms","TIME","","1"
"16x13x20 mm","16x13x20 mm","DISTANCE","","1"
"16x15x44 mm","16x15x44 mm","DISTANCE","","1"
"16x15x45 mm","16x15x45 mm","DISTANCE","","2"
"16x15x46 mm","16x15x46 mm","DISTANCE","","2"
"16x16x45 mm","16x16x45 mm","DISTANCE","","1"
"16x16x52 mm","16x16x52 mm","DISTANCE","","1"
"16x18x29 mm","16x18x29 mm","DISTANCE","","1"
"16x4 mm","16x4 mm","DISTANCE","","1"
"16x9 mm","16x9 mm","AREA","","1"
"17 May 2023","17 May 2023","DATE","","1"
"17-24-22 mm","17-24-22 mm","LAB_VALUE","","2"
"17.6","17.6","LAB_VALUE","","1"
"17.8 ml","17.8 ml","VOLUME","","2"
"17G","17G","MASS","","1"
"17x15x45 mm","17x15x45 mm","DISTANCE","","1"
"17x17x57 mm","17x17x57 mm","DISTANCE","","1"
"17x4 mm","17x4 mm","DISTANCE","","1"
"17x43x18 mm","17x43x18 mm","DISTANCE","","1"
"18x15x53 mm","18x15x53 mm","DISTANCE","","1"
"18x16x41 mm","18x16x41 mm","DISTANCE","","1"
"18x18x45 mm","18x18x45 mm","DISTANCE","","1"
"18x18x48 mm","18x18x48 mm","DISTANCE","","1"
"18x20x59 mm","18x20x59 mm","DISTANCE","","1"
"18x25x28 mm","18x25x28 mm","DISTANCE","","1"
"18x8 mm","18x8 mm","DISTANCE","","1"
"19 July 2022","19 July 2022","DATE","","1"
"19 by 22 by 54 millimetres","19 by 22 by 54 millimetres","DISTANCE","","1"
"19 by 22 by 57 millimetres","19 by 22 by 57 millimetres","DISTANCE","","1"
"19 cm/s","19 cm/s","LAB_VALUE","","2"
"19 x 16 x 45 mm","19 x 16 x 45 mm","DISTANCE","","1"
"190 ms","190 ms","TIME","","1"
"1981","1981","DATE","","2"
"19x13x30 mm","19x13x30 mm","DISTANCE","","1"
"19x14x27 mm","19x14x27 mm","DISTANCE","","1"
"19x15x11 mm","19x15x11 mm","DISTANCE","","2"
"19x15x46 mm","19x15x46 mm","DISTANCE","","1"
"19x16x25 mm","19x16x25 mm","DISTANCE","","1"
"19x20x55 mm","19x20x55 mm","DISTANCE","","1"
"19x22x54 mm","19x22x54 mm","DISTANCE","","2"
"19x22x57 mm","19x22x57 mm","DISTANCE","","1"
"19x9 mm","19x9 mm","DISTANCE","","1"
"2 July 2021","2 July 2021","DATE","","2"
"2 kg","2 kg","MASS","","1"
"2-3/6","2-3/6","SEVERITY","","1"
"2.0 mm","2.0 mm","DISTANCE","","1"
"2.4 mm","2.4 mm","DISTANCE","","1"
"2.5 mg","2.5 mg","DOSAGE","","1"
"2.5 ml","2.5 ml","VOLUME","","1"
"2.5 mm","2.5 mm","DISTANCE","","2"
"2.6 ml","2.6 ml","VOLUME","","1"
"2.6 mm","2.6 mm","DISTANCE","","1"
"2.8 ml","2.8 ml","VOLUME","","1"
"2/3","2/3","QUANTITATIVE_CONCEPT","","1"
"20 April 2023","20 April 2023","DATE","","1"
"20 February 2023","20 February 2023","DATE","","1"
"20 mg/kg","20 mg/kg","DOSAGE","","1"
"20-30 mm","20-30 mm","DISTANCE","","1"
"20/02/2023","20/02/2023","DATE","","1"
"2000-2100 kcal","2000-2100 kcal","QUANTITATIVE_CONCEPT","","1"
"2011","2011","DATE","","4"
"2013","2013","DATE","","3"
"2015","2015","DATE","","5"
"2016","2016","DATE","","5"
"2018","2018","DATE","","2"
"2019","2019","DATE","","2"
"20x10x14 mm","20x10x14 mm","DISTANCE","","1"
"20x14 mm","20x14 mm","AREA","","1"
"20x14x16 mm","20x14x16 mm","DISTANCE","","1"
"20x14x30 mm","20x14x30 mm","DISTANCE","","2"
"20x15 mm","20x15 mm","DISTANCE","","1"
"20x22x49 mm","20x22x49 mm","DISTANCE","","3"
"20x25x41 mm","20x25x41 mm","DISTANCE","","1"
"20x52x18 mm","20x52x18 mm","DISTANCE","","1"
"21 March 2023","21 March 2023","DATE","","2"
"21 years ago","21 years ago","DATE","","1"
"21x12 mm","21x12 mm","DISTANCE","","1"
"21x15x50 mm","21x15x50 mm","DISTANCE","","1"
"21x19x47 mm","21x19x47 mm","DISTANCE","","1"
"21x19x49 mm","21x19x49 mm","DISTANCE","","2"
"21x22x18 mm","21x22x18 mm","DISTANCE","","1"
"21x24x26 mm","21x24x26 mm","DISTANCE","","1"
"21x4 mm","21x4 mm","DISTANCE","","1"
"22 February 2022","22 February 2022","DATE","","1"
"22 by 18 by 57 millimetres","22 by 18 by 57 millimetres","DISTANCE","","2"
"22:00","22:00","TIME","","3"
"22x11 mm","22x11 mm","DISTANCE","","1"
"22x18x57 mm","22x18x57 mm","DISTANCE","","3"
"22x22x60 mm","22x22x60 mm","DISTANCE","","1"
"22x64x18 mm","22x64x18 mm","DISTANCE","","1"
"23 February 2023","23 February 2023","DATE","","1"
"23 January 2023","23 January 2023","DATE","","1"
"23.1","23.1","LAB_VALUE","","1"
"23/05","23/05","DATE","","1"
"23:00","23:00","TIME","","1"
"23x16x24 mm","23x16x24 mm","DISTANCE","","1"
"23x18x52 mm","23x18x52 mm","DISTANCE","","2"
"23x20 mm","23x20 mm","DISTANCE","","1"
"23x25x58 mm","23x25x58 mm","DISTANCE","","1"
"23x47x20 mm","23x47x20 mm","DISTANCE","","1"
"23x59x21 mm","23x59x21 mm","DISTANCE","","1"
"24-hour calcium loss","24-hour calcium loss","DIAGNOSTIC_PROCEDURE","","1"
"24-hour urine collection for catecholamine metabolites","24-hour urine collection for catecholamine metabolites","DIAGNOSTIC_PROCEDURE","","1"
"241.1 MBq","241.1 MBq","DOSAGE","","2"
"244 MBq","244 MBq","DOSAGE","","1"
"24x20x10 mm","24x20x10 mm","DISTANCE","","2"
"24x40x18 mm","24x40x18 mm","DISTANCE","","1"
"24x9 mm","24x9 mm","DISTANCE","","1"
"25 by 25 by 52 millimetres","25 by 25 by 52 millimetres","DISTANCE","","1"
"25 by 26 by 30 millimetres","25 by 26 by 30 millimetres","DISTANCE","","1"
"25.4 ml","25.4 ml","VOLUME","","1"
"25/02/2022","25/02/2022","DATE","","1"
"25x20x42 mm","25x20x42 mm","DISTANCE","","1"
"25x25x52 mm","25x25x52 mm","DISTANCE","","2"
"25x26x30 mm","25x26x30 mm","DISTANCE","","2"
"25x71x22 mm","25x71x22 mm","DISTANCE","","1"
"26 April 2023","26 April 2023","DATE","","2"
"26.6 ml","26.6 ml","VOLUME","","1"
"26x17x55 mm","26x17x55 mm","DISTANCE","","1"
"26x30x24 mm","26x30x24 mm","DISTANCE","","2"
"27 March 2022","27 March 2022","DATE","","1"
"27 March 2023","27 March 2023","DATE","","3"
"28 May 2023","28 May 2023","DATE","","1"
"28 fractions","28 fractions","DOSAGE","","1"
"28/07/2021","28/07/2021","DATE","","1"
"28x51x26 mm","28x51x26 mm","DISTANCE","","1"
"29 June 2022","29 June 2022","DATE","","2"
"29/01/2020","29/01/2020","DATE","","1"
"2x","2x","FREQUENCY","","1"
"2x2 mm","2x2 mm","DISTANCE","","1"
"2x2.5 mm","2x2.5 mm","DISTANCE","","1"
"3 by 3 by 3 millimetres","3 by 3 by 3 millimetres","DISTANCE","","1"
"3 litres","3 litres","VOLUME","","1"
"3+4","3+4","LAB_VALUE","","2"
"3, 2, 1","3, 2, 1","DETAILED_DESCRIPTION","","1"
"3-4 mm","3-4 mm","DISTANCE","","1"
"3.1 ml","3.1 ml","VOLUME","","1"
"3.125 mg","3.125 mg","DOSAGE","","1"
"3.7 ml","3.7 ml","VOLUME","","4"
"3.8","3.8","LAB_VALUE","","1"
"3.8 ml","3.8 ml","VOLUME","","1"
"3.9 ml","3.9 ml","VOLUME","","2"
"3/11/2021","3/11/2021","DATE","","1"
"30 fractions","30 fractions","DOSAGE","","1"
"30 to 2","30 to 2","FREQUENCY","","2"
"30/03/2022","30/03/2022","DATE","","1"
"30/09/2021","30/09/2021","DATE","","1"
"300 J","300 J","DOSAGE","","1"
"300 mg","300 mg","DOSAGE","","4"
"30x11 mm","30x11 mm","DISTANCE","","1"
"310 ms","310 ms","DURATION","","3"
"31x21x56 mm","31x21x56 mm","DISTANCE","","1"
"31x25x56 mm","31x25x56 mm","DISTANCE","","1"
"31x39x22 mm","31x39x22 mm","DISTANCE","","1"
"32x21 mm","32x21 mm","AREA","","1"
"33x22x67 mm","33x22x67 mm","DISTANCE","","1"
"34x28x74 mm","34x28x74 mm","DISTANCE","","1"
"35%","35%","QUANTITATIVE_CONCEPT","","1"
"35x31x80 mm","35x31x80 mm","DISTANCE","","1"
"36%","36%","QUANTITATIVE_CONCEPT","","1"
"36.5 cm2","36.5 cm2","AREA","","1"
"36.6 ml","36.6 ml","VOLUME","","1"
"360 J","360 J","DOSAGE","","1"
"360 ms","360 ms","DURATION","","1"
"36x35x64 mm","36x35x64 mm","DISTANCE","","1"
"375 ms","375 ms","DURATION","","1"
"37x36x57 mm","37x36x57 mm","DISTANCE","","3"
"39-40 mm","39-40 mm","DISTANCE","","1"
"39x29 mm","39x29 mm","AREA","","1"
"3:00","3:00","TIME","","1"
"3x1 mm","3x1 mm","DISTANCE","","2"
"3x2 mm","3x2 mm","DISTANCE","","3"
"3x3 mm","3x3 mm","DISTANCE","","2"
"3x3x3 mm","3x3x3 mm","DISTANCE","","4"
"3x3x4 mm","3x3x4 mm","DISTANCE","","2"
"3x4x3.5 mm","3x4x3.5 mm","DISTANCE","","1"
"3x4x4 mm","3x4x4 mm","DISTANCE","","1"
"4 by 4 millimetres","4 by 4 millimetres","DISTANCE","","3"
"4 by 4.5 by 4 millimetres","4 by 4.5 by 4 millimetres","DISTANCE","","3"
"4 by 5 by 7 millimetres","4 by 5 by 7 millimetres","DISTANCE","","1"
"4-9 mm","4-9 mm","DISTANCE","","1"
"4-chamber view","4-chamber view","DIAGNOSTIC_PROCEDURE","","5"
"4.2 ml","4.2 ml","VOLUME","","1"
"4.4 ml","4.4 ml","VOLUME","","2"
"4.5 ml","4.5 ml","VOLUME","","2"
"4.5x8 mm","4.5x8 mm","DISTANCE","","1"
"4.7","4.7","LAB_VALUE","","2"
"4/6","4/6","LAB_VALUE","","1"
"40 fractions","40 fractions","DOSAGE","","1"
"40 to 60","40 to 60","QUANTITATIVE_CONCEPT","","1"
"40.3 ml","40.3 ml","VOLUME","","3"
"40.7 mm","40.7 mm","LAB_VALUE","","1"
"40.9 mm","40.9 mm","QUANTITATIVE_CONCEPT","","1"
"400 ms","400 ms","LAB_VALUE","","1"
"41-26-78 mm","41-26-78 mm","DISTANCE","","1"
"420 ms","420 ms","DURATION","","3"
"43x27x39 mm","43x27x39 mm","DISTANCE","","1"
"43x27x42 mm","43x27x42 mm","DISTANCE","","1"
"43x30 mm","43x30 mm","DISTANCE","","1"
"44 Gy","44 Gy","DOSAGE","","1"
"44.1 mm","44.1 mm","QUANTITATIVE_CONCEPT","","3"
"44x24 mm","44x24 mm","DISTANCE","","1"
"44x31x58 mm","44x31x58 mm","DISTANCE","","1"
"48x28x70 mm","48x28x70 mm","DISTANCE","","1"
"4x2 mm","4x2 mm","DISTANCE","","1"
"4x2x3 mm","4x2x3 mm","DISTANCE","","2"
"4x3 mm","4x3 mm","DISTANCE","","2"
"4x3x4 mm","4x3x4 mm","DISTANCE","","4"
"4x3x6 mm","4x3x6 mm","DISTANCE","","2"
"4x4 mm","4x4 mm","DISTANCE","","1"
"4x4.5x4 mm","4x4.5x4 mm","DISTANCE","","4"
"4x5 mm","4x5 mm","DISTANCE","","1"
"4x5x7 mm","4x5x7 mm","DISTANCE","","2"
"5 fractions","5 fractions","DOSAGE","","2"
"5%","5%","DOSAGE","","3"
"5-7 mm","5-7 mm","DISTANCE","","2"
"5.2 cm","5.2 cm","DISTANCE","","1"
"5.2 ml","5.2 ml","VOLUME","","4"
"5.5 ml","5.5 ml","VOLUME","","2"
"5.5x11x12 mm","5.5x11x12 mm","DISTANCE","","1"
"5.7 ml","5.7 ml","VOLUME","","1"
"5.72 ml","5.72 ml","VOLUME","","1"
"5.8 ml","5.8 ml","VOLUME","","2"
"5.87 ml","5.87 ml","VOLUME","","1"
"5.9 ml","5.9 ml","VOLUME","","2"
"50 mg/kg","50 mg/kg","DOSAGE","","5"
"50.4 Gy","50.4 Gy","DOSAGE","","1"
"50/50","50/50","QUANTITATIVE_CONCEPT","","1"
"55 Gy","55 Gy","DOSAGE","","2"
"5th rib","5th rib","BIOLOGICAL_STRUCTURE","","1"
"5x10 mm","5x10 mm","DISTANCE","","2"
"5x2 mm","5x2 mm","DISTANCE","","1"
"5x3 mm","5x3 mm","DISTANCE","","1"
"5x3x6 mm","5x3x6 mm","DISTANCE","","1"
"5x4x3 mm","5x4x3 mm","DISTANCE","","1"
"6 by 50 mm","6 by 50 mm","DISTANCE","","1"
"6.1 ml","6.1 ml","VOLUME","","2"
"6.3 ml","6.3 ml","VOLUME","","1"
"6.4 ml","6.4 ml","VOLUME","","1"
"6.5 ml","6.5 ml","VOLUME","","1"
"6.5 mm","6.5 mm","LAB_VALUE","","1"
"6.5x3.5 mm","6.5x3.5 mm","DISTANCE","","1"
"6.6 ml","6.6 ml","VOLUME","","1"
"6.7 ml","6.7 ml","VOLUME","","2"
"6.8 ml","6.8 ml","VOLUME","","1"
"6.9 ml","6.9 ml","VOLUME","","1"
"600 mg","600 mg","DOSAGE","","1"
"61%","61%","LAB_VALUE","","1"
"63 Gy","63 Gy","DOSAGE","","1"
"63%","63%","LAB_VALUE","","1"
"64%","64%","QUANTITATIVE_CONCEPT","","3"
"65x34 mm","65x34 mm","DISTANCE","","1"
"66%","66%","LAB_VALUE","","2"
"68%","68%","LAB_VALUE","","1"
"6x12x5 mm","6x12x5 mm","DISTANCE","","1"
"6x6 mm","6x6 mm","DISTANCE","","1"
"6x6x4 mm","6x6x4 mm","DISTANCE","","1"
"6x8x10 mm","6x8x10 mm","DISTANCE","","1"
"7 by 4 by 7 millimetres","7 by 4 by 7 millimetres","DISTANCE","","1"
"7 by 6 by 7 millimetres","7 by 6 by 7 millimetres","DISTANCE","","1"
"7-day","7-day","DURATION","","1"
"7.0","7.0","QUANTITATIVE_CONCEPT","","2"
"7.3","7.3","LAB_VALUE","","2"
"7.4 ml","7.4 ml","VOLUME","","1"
"7.5x16 mm","7.5x16 mm","AREA","","1"
"7.6 ml","7.6 ml","VOLUME","","1"
"7.8","7.8","LAB_VALUE","","1"
"70-80 g","70-80 g","MASS","","1"
"77x45 mm","77x45 mm","DISTANCE","","1"
"7:00","7:00","TIME","","1"
"7:30","7:30","TIME","","1"
"7x10x14 mm","7x10x14 mm","DISTANCE","","1"
"7x12 mm","7x12 mm","DISTANCE","","2"
"7x2 mm","7x2 mm","DISTANCE","","1"
"7x6x8 mm","7x6x8 mm","DISTANCE","","1"
"7x7x8 mm","7x7x8 mm","DISTANCE","","1"
"7x8x8 mm","7x8x8 mm","DISTANCE","","1"
"7x9x15 mm","7x9x15 mm","DISTANCE","","2"
"7x9x18 mm","7x9x18 mm","DISTANCE","","1"
"7x9x27 mm","7x9x27 mm","DISTANCE","","2"
"8 by 10 mm","8 by 10 mm","DISTANCE","","2"
"8.0","8.0","QUANTITATIVE_CONCEPT","","3"
"8.1 ml","8.1 ml","VOLUME","","2"
"8.6 ml","8.6 ml","VOLUME","","1"
"8.8 ml","8.8 ml","VOLUME","","1"
"80-82%","80-82%","LAB_VALUE","","1"
"80-85 g","80-85 g","DOSAGE","","1"
"85%","85%","QUANTITATIVE_CONCEPT","","1"
"89%","89%","LAB_VALUE","","1"
"8:00","8:00","TIME","","1"
"8x10x21 mm","8x10x21 mm","DISTANCE","","1"
"8x11 mm","8x11 mm","DISTANCE","","1"
"8x16 mm","8x16 mm","DISTANCE","","1"
"8x17 mm","8x17 mm","DISTANCE","","1"
"8x5x13 mm","8x5x13 mm","DISTANCE","","1"
"8x8 mm","8x8 mm","DISTANCE","","1"
"8x9x14 mm","8x9x14 mm","DISTANCE","","1"
"9 May 2023","9 May 2023","DATE","","3"
"9 by 5 by 10 millimetres","9 by 5 by 10 millimetres","DISTANCE","","1"
"9 by 9 by 16 millimetres","9 by 9 by 16 millimetres","DISTANCE","","1"
"9-10 mm","9-10 mm","DISTANCE","","1"
"9.0","9.0","LAB_VALUE","","2"
"9.2 ml","9.2 ml","VOLUME","","2"
"9.3","9.3","LAB_VALUE","","1"
"9.8","9.8","LAB_VALUE","","2"
"9.9 ml","9.9 ml","VOLUME","","1"
"97-99%","97-99%","LAB_VALUE","","1"
"9:00","9:00","TIME","","1"
"9:10","9:10","TIME","","2"
"9:30","9:30","TIME","","1"
"9x14x40 mm","9x14x40 mm","DISTANCE","","1"
"9x5 mm","9x5 mm","DISTANCE","","2"
"9x5x10 mm","9x5x10 mm","DISTANCE","","2"
"9x6x6 mm","9x6x6 mm","DISTANCE","","1"
"9x7","9x7","DISTANCE","","1"
"9x9x16 mm","9x9x16 mm","DISTANCE","","2"
"9x9x24 mm","9x9x24 mm","DISTANCE","","2"
"ACR TI-RADS 2017","ACR TI-RADS 2017","DIAGNOSTIC_PROCEDURE","","2"
"AITD","AITD","DISEASE_DISORDER","","1"
"ALK-BOND-","ALK-BOND-","LAB_VALUE","","1"
"APC-R","APC-R","DIAGNOSTIC_PROCEDURE","","2"
"AV annulus","AV annulus","BIOLOGICAL_STRUCTURE","","1"
"Acellular material","Acellular material","DETAILED_DESCRIPTION","","1"
"Activon Tube Manuka honey","Activon Tube Manuka honey","MEDICATION","","1"
"Adding salt to meals","Adding salt to meals","THERAPEUTIC_PROCEDURE","","1"
"Adult Cardiology Clinic","Adult Cardiology Clinic","NONBIOLOGICAL_LOCATION","","2"
"Ag-","Ag-","LAB_VALUE","","1"
"Alantan","Alantan","MEDICATION","","1"
"Altered marrow signal","Altered marrow signal","SIGN_SYMPTOM","","1"
"Analgesic treatment","Analgesic treatment","THERAPEUTIC_PROCEDURE","","2"
"Aquacel Foam","Aquacel Foam","MEDICATION","","1"
"Arrhythmia Clinic of the University Clinical Centre","Arrhythmia Clinic of the University Clinical Centre","NONBIOLOGICAL_LOCATION","","2"
"Arterial Hypertension Clinic of the University Clinical Centre","Arterial Hypertension Clinic of the University Clinical Centre","NONBIOLOGICAL_LOCATION","","1"
"Asynchronous ventilation","Asynchronous ventilation","THERAPEUTIC_PROCEDURE","","2"
"Atrauman Ag","Atrauman Ag","MEDICATION","","2"
"Atrauman Ag mesh dressing","Atrauman Ag mesh dressing","MEDICATION","","1"
"Atrauman Ag+ dressing","Atrauman Ag+ dressing","MEDICATION","","1"
"Atrophy of the sternocleidomastoid and trapezius muscles on the right side","Atrophy of the sternocleidomastoid and trapezius muscles on the right side","SIGN_SYMPTOM","","1"
"BIRADS 2","BIRADS 2","LAB_VALUE","","2"
"Baastrup's sign","Baastrup's sign","DISEASE_DISORDER","","1"
"Background parenchyma","Background parenchyma","BIOLOGICAL_STRUCTURE","","1"
"Bactigras","Bactigras","MEDICATION","","1"
"Belosalic ointment","Belosalic ointment","MEDICATION","","1"
"Biały Jeleń","Biały Jeleń","MEDICATION","","2"
"Bibloc","Bibloc","MEDICATION","","1"
"Bilaterally within the","Bilaterally within the","DETAILED_DESCRIPTION","","1"
"C/Th/L/S spine","C/Th/L/S spine","BIOLOGICAL_STRUCTURE","","2"
"C0000726","Abdomen","BIOLOGICAL_STRUCTURE","C0000726","20"
"C0000737","Abdominal Pain","SIGN_SYMPTOM","C0000737","3"
"C0000768","Congenital Abnormality","SIGN_SYMPTOM","C0000768","7"
"C0000833","Abscess","DISEASE_DISORDER","C0000833","4"
"C0000872","Academic Medical Centers","NONBIOLOGICAL_LOCATION","C0000872","7"
"C0000894","Acceleration","SIGN_SYMPTOM","C0000894","8"
"C0000924","Accidents","OTHER_EVENT","C0000924","1"
"C0000962","Bone structure of acetabulum","BIOLOGICAL_STRUCTURE","C0000962","1"
"C0000970","acetaminophen","MEDICATION","C0000970","3"
"C0001208","Acromioclavicular joint structure","BIOLOGICAL_STRUCTURE","C0001208","1"
"C0001268","spectinomycin","BIOLOGICAL_STRUCTURE","C0001268","1"
"C0001418","Adenocarcinoma","DISEASE_DISORDER","C0001418","5"
"C0001428","Adenoidal structure","BIOLOGICAL_STRUCTURE","C0001428","2"
"C0001516","Adhesives","QUALITATIVE_CONCEPT","C0001516","1"
"C0001527","Adipose tissue","BIOLOGICAL_STRUCTURE","C0001527","8"
"C0001551","Immunologic Adjuvants","DETAILED_DESCRIPTION","C0001551","2"
"C0001554","Administration occupational activities","ADMINISTRATION","C0001554","16"
"C0001625","Adrenal Glands","BIOLOGICAL_STRUCTURE","C0001625","4"
"C0001632","Adrenalectomy","THERAPEUTIC_PROCEDURE","C0001632","1"
"C0001699","Klebsiella pneumoniae","DISEASE_DISORDER","C0001699","2"
"C0001899","Alanine Transaminase","DIAGNOSTIC_PROCEDURE","C0001899","1"
"C0001927","albuterol","MEDICATION","C0001927","1"
"C0001948","Alcohol consumption","ACTIVITY","C0001948","1"
"C0001962","ethanol","OTHER_ENTITY","C0001962","1"
"C0001973","Alcoholic Intoxication, Chronic","DISEASE_DISORDER","C0001973","8"
"C0002059","Alkaline Phosphatase","DIAGNOSTIC_PROCEDURE","C0002059","1"
"C0002111","Allergy Specialty","DISEASE_DISORDER","C0002111","2"
"C0002395","Alzheimer's Disease","DISEASE_DISORDER","C0002395","2"
"C0002424","Ambulatory Care Facilities","NONBIOLOGICAL_LOCATION","C0002424","5"
"C0002598","amiodarone","MEDICATION","C0002598","9"
"C0002645","amoxicillin","MEDICATION","C0002645","1"
"C0002680","ampicillin","MEDICATION","C0002680","2"
"C0002690","Amputation Stumps","BIOLOGICAL_STRUCTURE","C0002690","1"
"C0002766","Pain management","NONBIOLOGICAL_LOCATION","C0002766","4"
"C0002771","Analgesics","MEDICATION","C0002771","1"
"C0002772","Analgesics, Opioid","MEDICATION","C0002772","1"
"C0002778","Analysis of substances","DIAGNOSTIC_PROCEDURE","C0002778","2"
"C0002792","anaphylaxis","DISEASE_DISORDER","C0002792","1"
"C0002871","Anemia","DISEASE_DISORDER","C0002871","14"
"C0002886","Anemia, Macrocytic","DISEASE_DISORDER","C0002886","1"
"C0002915","General Anesthesia","THERAPEUTIC_PROCEDURE","C0002915","1"
"C0002930","Anesthesiology","AREA","C0002930","1"
"C0002940","Aneurysm","DISEASE_DISORDER","C0002940","1"
"C0002978","angiogram","DIAGNOSTIC_PROCEDURE","C0002978","1"
"C0003232","Antibiotics","MEDICATION","C0003232","6"
"C0003241","Antibodies","DIAGNOSTIC_PROCEDURE","C0003241","1"
"C0003242","Antibodies, Anti-Idiotypic","BIOLOGICAL_STRUCTURE","C0003242","6"
"C0003299","Antiepileptic Agents","MEDICATION","C0003299","2"
"C0003308","Antifungal Agents","MEDICATION","C0003308","2"
"C0003364","Antihypertensive Agents","THERAPEUTIC_PROCEDURE","C0003364","1"
"C0003424","Antisepsis","THERAPEUTIC_PROCEDURE","C0003424","2"
"C0003438","antithrombin III","DIAGNOSTIC_PROCEDURE","C0003438","2"
"C0003461","Anus","BIOLOGICAL_STRUCTURE","C0003461","1"
"C0003483","Aorta","BIOLOGICAL_STRUCTURE","C0003483","9"
"C0003484","Abdominal aorta structure","BIOLOGICAL_STRUCTURE","C0003484","7"
"C0003489","Aortic arch structure","BIOLOGICAL_STRUCTURE","C0003489","10"
"C0003492","Aortic coarctation","DISEASE_DISORDER","C0003492","1"
"C0003501","Aortic valve structure","BIOLOGICAL_STRUCTURE","C0003501","5"
"C0003504","Aortic Valve Insufficiency","DISEASE_DISORDER","C0003504","6"
"C0003507","Aortic Valve Stenosis","DISEASE_DISORDER","C0003507","9"
"C0003578","Apnea","SIGN_SYMPTOM","C0003578","4"
"C0003629","Appointments","CLINICAL_EVENT","C0003629","10"
"C0003630","Appointments and Schedules","CLINICAL_EVENT","C0003630","1"
"C0003737","Architecture","DETAILED_DESCRIPTION","C0003737","1"
"C0003811","Cardiac Arrhythmia","DISEASE_DISORDER","C0003811","7"
"C0003842","Arteries","BIOLOGICAL_STRUCTURE","C0003842","1"
"C0003844","Arteriography","DIAGNOSTIC_PROCEDURE","C0003844","1"
"C0003893","Arthroplasty","THERAPEUTIC_PROCEDURE","C0003893","3"
"C0003956","Ascending aorta structure","BIOLOGICAL_STRUCTURE","C0003956","8"
"C0003962","Ascites","SIGN_SYMPTOM","C0003962","5"
"C0003964","Peritoneal Fluid (body substance)","BIOLOGICAL_STRUCTURE","C0003964","1"
"C0004002","Aspartate Transaminase","DIAGNOSTIC_PROCEDURE","C0004002","1"
"C0004048","Inspiration function","BIOLOGICAL_ATTRIBUTE","C0004048","8"
"C0004057","aspirin","MEDICATION","C0004057","1"
"C0004093","Asthenia","SIGN_SYMPTOM","C0004093","4"
"C0004114","Astrocytoma","DISEASE_DISORDER","C0004114","1"
"C0004144","Atelectasis","DISEASE_DISORDER","C0004144","1"
"C0004238","Atrial Fibrillation","DISEASE_DISORDER","C0004238","4"
"C0004239","Atrial Flutter","DISEASE_DISORDER","C0004239","1"
"C0004245","Atrioventricular Block","DISEASE_DISORDER","C0004245","1"
"C0004339","Auscultation","DIAGNOSTIC_PROCEDURE","C0004339","15"
"C0004352","Autistic Disorder","DISEASE_DISORDER","C0004352","4"
"C0004454","Axilla","BIOLOGICAL_STRUCTURE","C0004454","1"
"C0004457","Axis vertebra","BIOLOGICAL_ATTRIBUTE","C0004457","6"
"C0004600","Back","BIOLOGICAL_STRUCTURE","C0004600","7"
"C0004604","Back Pain","SIGN_SYMPTOM","C0004604","2"
"C0004611","Bacteria","OTHER_ENTITY","C0004611","2"
"C0004670","Prevotella melaninogenica","BIOLOGICAL_STRUCTURE","C0004670","1"
"C0004708","Balloon Valvuloplasty","THERAPEUTIC_PROCEDURE","C0004708","3"
"C0004726","Bandage","OTHER_ENTITY","C0004726","3"
"C0004793","Base Sequence","DIAGNOSTIC_PROCEDURE","C0004793","6"
"C0004916","Beds","BIOLOGICAL_STRUCTURE","C0004916","5"
"C0004936","Mental disorders","DISEASE_DISORDER","C0004936","1"
"C0005070","benzoin resin","LAB_VALUE","C0005070","1"
"C0005149","beta-2 Microglobulin","DIAGNOSTIC_PROCEDURE","C0005149","1"
"C0005367","Bicarbonates","BIOLOGICAL_ATTRIBUTE","C0005367","3"
"C0005373","Bicuspid","DISEASE_DISORDER","C0005373","3"
"C0005377","Bicycling (recreational activity)","ACTIVITY","C0005377","1"
"C0005401","Intrahepatic bile duct","BIOLOGICAL_STRUCTURE","C0005401","1"
"C0005437","Bilirubin","DIAGNOSTIC_PROCEDURE","C0005437","1"
"C0005558","Biopsy","DIAGNOSTIC_PROCEDURE","C0005558","20"
"C0005680","Black Populations","COLOR","C0005680","5"
"C0005682","Urinary Bladder","BIOLOGICAL_STRUCTURE","C0005682","1"
"C0005684","Malignant neoplasm of urinary bladder","DISEASE_DISORDER","C0005684","1"
"C0005767","Blood","BIOLOGICAL_STRUCTURE","C0005767","7"
"C0005770","Blood Banks","NONBIOLOGICAL_LOCATION","C0005770","1"
"C0005771","Blood Cell Count","DIAGNOSTIC_PROCEDURE","C0005771","3"
"C0005775","Blood Circulation","BIOLOGICAL_ATTRIBUTE","C0005775","7"
"C0005798","Blood Flow Velocity","BIOLOGICAL_ATTRIBUTE","C0005798","5"
"C0005802","Blood Glucose","LAB_VALUE","C0005802","4"
"C0005803","Blood Glucose Self-Monitoring","DETAILED_DESCRIPTION","C0005803","3"
"C0005823","Blood Pressure","BIOLOGICAL_ATTRIBUTE","C0005823","4"
"C0005824","Blood pressure determination","DIAGNOSTIC_PROCEDURE","C0005824","3"
"C0005825","Continuous Sphygmomanometers","DIAGNOSTIC_PROCEDURE","C0005825","1"
"C0005847","Blood Vessel","BIOLOGICAL_STRUCTURE","C0005847","23"
"C0005902","Body Surface Area","BIOLOGICAL_ATTRIBUTE","C0005902","1"
"C0005903","Body Temperature","DIAGNOSTIC_PROCEDURE","C0005903","4"
"C0005910","Body Weight","BIOLOGICAL_ATTRIBUTE","C0005910","10"
"C0005931","Bone and Bones","BIOLOGICAL_STRUCTURE","C0005931","2"
"C0005938","Bone Density","BIOLOGICAL_ATTRIBUTE","C0005938","1"
"C0005953","Bone Marrow","BIOLOGICAL_STRUCTURE","C0005953","3"
"C0005954","Bone marrow biopsy","DIAGNOSTIC_PROCEDURE","C0005954","3"
"C0005957","Bone Marrow Examination","DIAGNOSTIC_PROCEDURE","C0005957","1"
"C0005961","Bone Marrow Transplantation","NONBIOLOGICAL_LOCATION","C0005961","2"
"C0006087","Structure of brachial artery","BIOLOGICAL_STRUCTURE","C0006087","1"
"C0006090","Brachial plexus structure","BIOLOGICAL_STRUCTURE","C0006090","1"
"C0006098","Brachytherapy","THERAPEUTIC_PROCEDURE","C0006098","4"
"C0006104","Brain","BIOLOGICAL_STRUCTURE","C0006104","23"
"C0006114","Cerebral Edema","DISEASE_DISORDER","C0006114","2"
"C0006118","Brain Neoplasms","DISEASE_DISORDER","C0006118","2"
"C0006121","Brain Stem","BIOLOGICAL_STRUCTURE","C0006121","2"
"C0006141","Breast","BIOLOGICAL_STRUCTURE","C0006141","14"
"C0006142","Malignant neoplasm of breast","DISEASE_DISORDER","C0006142","7"
"C0006145","Breast Diseases","NONBIOLOGICAL_LOCATION","C0006145","3"
"C0006147","Breast Feeding","NONBIOLOGICAL_LOCATION","C0006147","1"
"C0006155","Breathing Exercises","THERAPEUTIC_PROCEDURE","C0006155","1"
"C0006279","Bronchoalveolar Lavage Fluid","BIOLOGICAL_STRUCTURE","C0006279","1"
"C0006280","Bronchodilator Agents","MEDICATION","C0006280","1"
"C0006290","Bronchoscopy","DIAGNOSTIC_PROCEDURE","C0006290","3"
"C0006497","Buttocks","BIOLOGICAL_STRUCTURE","C0006497","3"
"C0006560","C-reactive protein","DIAGNOSTIC_PROCEDURE","C0006560","9"
"C0006625","Cachexia","OUTCOME","C0006625","4"
"C0006660","Physiologic calcification","SIGN_SYMPTOM","C0006660","15"
"C0006675","calcium","SIGN_SYMPTOM","C0006675","1"
"C0006686","calcium chloride","MEDICATION","C0006686","3"
"C0006736","Calculi","DISEASE_DISORDER","C0006736","1"
"C0006826","Malignant Neoplasms","DISEASE_DISORDER","C0006826","8"
"C0006849","Oral candidiasis","DISEASE_DISORDER","C0006849","1"
"C0006856","CANE, INCLUDES CANES OF ALL MATERIALS, ADJUSTABLE OR FIXED, WITH TIP","OTHER_ENTITY","C0006856","1"
"C0006863","cannabidiol","BIOLOGICAL_STRUCTURE","C0006863","1"
"C0006935","capsule (pharmacologic)","DOSAGE","C0006935","1"
"C0007082","Carcinoembryonic Antigen","DIAGNOSTIC_PROCEDURE","C0007082","2"
"C0007097","Carcinoma","DISEASE_DISORDER","C0007097","26"
"C0007107","Malignant neoplasm of larynx","DISEASE_DISORDER","C0007107","1"
"C0007113","Rectal Carcinoma","DISEASE_DISORDER","C0007113","1"
"C0007114","Malignant neoplasm of skin","DISEASE_DISORDER","C0007114","2"
"C0007117","Basal cell carcinoma","DISEASE_DISORDER","C0007117","6"
"C0007124","Noninfiltrating Intraductal Carcinoma","DISEASE_DISORDER","C0007124","2"
"C0007131","Non-Small Cell Lung Carcinoma","DISEASE_DISORDER","C0007131","1"
"C0007133","Carcinoma, Papillary","DISEASE_DISORDER","C0007133","1"
"C0007134","Renal Cell Carcinoma","DISEASE_DISORDER","C0007134","9"
"C0007137","Squamous cell carcinoma","DISEASE_DISORDER","C0007137","6"
"C0007144","Cardia of stomach","DISEASE_DISORDER","C0007144","2"
"C0007177","Cardiac Tamponade","DISEASE_DISORDER","C0007177","6"
"C0007189","Cardiology discipline","NONBIOLOGICAL_LOCATION","C0007189","5"
"C0007193","Cardiomyopathy, Dilated","DISEASE_DISORDER","C0007193","1"
"C0007203","Cardiopulmonary Resuscitation","THERAPEUTIC_PROCEDURE","C0007203","8"
"C0007272","Carotid Arteries","BIOLOGICAL_STRUCTURE","C0007272","5"
"C0007286","Carpal Tunnel Syndrome","DISEASE_DISORDER","C0007286","1"
"C0007430","Catheterization","THERAPEUTIC_PROCEDURE","C0007430","2"
"C0007457","Caucasian","COLOR","C0007457","1"
"C0007531","Cecum","BIOLOGICAL_STRUCTURE","C0007531","1"
"C0007546","cefazolin","MEDICATION","C0007546","2"
"C0007561","ceftriaxone","MEDICATION","C0007561","3"
"C0007562","cefuroxime","MEDICATION","C0007562","2"
"C0007570","Celiac Disease","DIAGNOSTIC_PROCEDURE","C0007570","1"
"C0007610","Cell Nucleus","BIOLOGICAL_STRUCTURE","C0007610","1"
"C0007716","cephalexin","MEDICATION","C0007716","2"
"C0007764","Structure of cerebellopontine angle","BIOLOGICAL_STRUCTURE","C0007764","1"
"C0007765","Cerebellum","BIOLOGICAL_STRUCTURE","C0007765","1"
"C0007770","Structure of cerebral artery","BIOLOGICAL_STRUCTURE","C0007770","1"
"C0007799","Cerebral Ventricles","BIOLOGICAL_STRUCTURE","C0007799","5"
"C0007820","Cerebrovascular Disorders","NONBIOLOGICAL_LOCATION","C0007820","1"
"C0007847","Malignant tumor of cervix","DISEASE_DISORDER","C0007847","1"
"C0007855","Cervical polyp","DISEASE_DISORDER","C0007855","1"
"C0007874","Cervix Uteri","BIOLOGICAL_STRUCTURE","C0007874","1"
"C0007961","charge amounts","THERAPEUTIC_PROCEDURE","C0007961","3"
"C0007966","Cheek structure","BIOLOGICAL_STRUCTURE","C0007966","3"
"C0008031","Chest Pain","SIGN_SYMPTOM","C0008031","5"
"C0008033","Pleuritic pain","THERAPEUTIC_PROCEDURE","C0008033","1"
"C0008034","Chest Tubes","THERAPEUTIC_PROCEDURE","C0008034","1"
"C0008073","Developmental Disabilities","DISEASE_DISORDER","C0008073","1"
"C0008301","Choking","SIGN_SYMPTOM","C0008301","1"
"C0008320","Cholecystectomy procedure","THERAPEUTIC_PROCEDURE","C0008320","1"
"C0008325","Cholecystitis","DISEASE_DISORDER","C0008325","1"
"C0008350","Cholelithiasis","DISEASE_DISORDER","C0008350","1"
"C0008373","Cholesteatoma","DISEASE_DISORDER","C0008373","1"
"C0008377","cholesterol","MEDICATION","C0008377","1"
"C0008479","Chondrosarcoma","DISEASE_DISORDER","C0008479","1"
"C0008679","Chronic disease","DISEASE_DISORDER","C0008679","1"
"C0008715","Chronically Ill","DISEASE_DISORDER","C0008715","1"
"C0008838","cisplatin","MEDICATION","C0008838","1"
"C0008902","Classification","LAB_VALUE","C0008902","2"
"C0008913","Bone structure of clavicle","BIOLOGICAL_STRUCTURE","C0008913","2"
"C0008947","clindamycin","MEDICATION","C0008947","1"
"C0009262","colchicine","MEDICATION","C0009262","1"
"C0009264","Cold Temperature","SIGN_SYMPTOM","C0009264","2"
"C0009378","colonoscopy","DIAGNOSTIC_PROCEDURE","C0009378","8"
"C0009393","Color","BIOLOGICAL_ATTRIBUTE","C0009393","1"
"C0009402","Colorectal Carcinoma","DISEASE_DISORDER","C0009402","3"
"C0009404","Colorectal Neoplasms","DISEASE_DISORDER","C0009404","1"
"C0009413","Colostrum","MEDICATION","C0009413","1"
"C0009437","Common bile duct structure","BIOLOGICAL_STRUCTURE","C0009437","1"
"C0009450","Communicable Diseases","DISEASE_DISORDER","C0009450","10"
"C0009516","Complement component C4","BIOLOGICAL_STRUCTURE","C0009516","1"
"C0009555","Complete Blood Count","DIAGNOSTIC_PROCEDURE","C0009555","19"
"C0009563","Biomechanical compliance","BIOLOGICAL_ATTRIBUTE","C0009563","2"
"C0009566","Complication","DISEASE_DISORDER","C0009566","2"
"C0009653","Condoms, Male","THERAPEUTIC_PROCEDURE","C0009653","2"
"C0009676","Confusion","SIGN_SYMPTOM","C0009676","1"
"C0009778","Connecticut","DIAGNOSTIC_PROCEDURE","C0009778","26"
"C0009806","Constipation","SIGN_SYMPTOM","C0009806","2"
"C0009818","Consultation","CLINICAL_EVENT","C0009818","16"
"C0009906","Combined Oral Contraceptives","MEDICATION","C0009906","2"
"C0009924","Contrast Media","MEDICATION","C0009924","24"
"C0010054","Coronary Arteriosclerosis","DISEASE_DISORDER","C0010054","8"
"C0010066","Coronary Care Units","NONBIOLOGICAL_LOCATION","C0010066","1"
"C0010200","Coughing","SIGN_SYMPTOM","C0010200","2"
"C0010265","Structure of posterior fossa of cranial cavity","BIOLOGICAL_STRUCTURE","C0010265","7"
"C0010268","Cranial Nerves","BIOLOGICAL_STRUCTURE","C0010268","1"
"C0010287","Creatine Kinase","DIAGNOSTIC_PROCEDURE","C0010287","1"
"C0010294","creatinine","DIAGNOSTIC_PROCEDURE","C0010294","9"
"C0010383","Crowding","SIGN_SYMPTOM","C0010383","3"
"C0010397","Crutches","OTHER_ENTITY","C0010397","1"
"C0010453","Anthropological Culture","DIAGNOSTIC_PROCEDURE","C0010453","3"
"C0010520","Cyanosis","SIGN_SYMPTOM","C0010520","4"
"C0010606","Adenoid Cystic Carcinoma","DISEASE_DISORDER","C0010606","3"
"C0010654","cysteine","TEXTURE","C0010654","1"
"C0010702","Cystoscopy","DIAGNOSTIC_PROCEDURE","C0010702","3"
"C0010705","Cystostomy","THERAPEUTIC_PROCEDURE","C0010705","2"
"C0010709","Cyst","SIGN_SYMPTOM","C0010709","13"
"C0010818","Cytological Techniques","DIAGNOSTIC_PROCEDURE","C0010818","6"
"C0010947","Dairy Products","DETAILED_DESCRIPTION","C0010947","1"
"C0011008","Date in time","DATE","C0011008","1"
"C0011017","Day Care, Medical","DETAILED_DESCRIPTION","C0011017","2"
"C0011079","Debridement","THERAPEUTIC_PROCEDURE","C0011079","2"
"C0011127","Pressure Ulcer","DISEASE_DISORDER","C0011127","14"
"C0011164","Abnormal degeneration","DISEASE_DISORDER","C0011164","8"
"C0011168","Deglutition Disorders","SIGN_SYMPTOM","C0011168","2"
"C0011175","Dehydration","SIGN_SYMPTOM","C0011175","7"
"C0011212","Delivery Rooms","NONBIOLOGICAL_LOCATION","C0011212","1"
"C0011253","Delusions","SIGN_SYMPTOM","C0011253","1"
"C0011304","Demyelination","DISEASE_DISORDER","C0011304","3"
"C0011321","Densitometry","NONBIOLOGICAL_LOCATION","C0011321","1"
"C0011331","Dental Procedures","THERAPEUTIC_PROCEDURE","C0011331","2"
"C0011334","Dental caries","BIOLOGICAL_STRUCTURE","C0011334","4"
"C0011344","Dental Clinics","NONBIOLOGICAL_LOCATION","C0011344","3"
"C0011379","Dental Materials","SIGN_SYMPTOM","C0011379","3"
"C0011546","emotional dependency","DISEASE_DISORDER","C0011546","1"
"C0011570","Mental Depression","DISEASE_DISORDER","C0011570","1"
"C0011615","Dermatitis, Atopic","DISEASE_DISORDER","C0011615","2"
"C0011627","Dermatology field","NONBIOLOGICAL_LOCATION","C0011627","2"
"C0011682","Desiccation","QUALITATIVE_CONCEPT","C0011682","1"
"C0011777","dexamethasone","MEDICATION","C0011777","1"
"C0011847","Diabetes","DISEASE_DISORDER","C0011847","6"
"C0011848","Diabetes Insipidus","DISEASE_DISORDER","C0011848","1"
"C0011854","Diabetes Mellitus, Insulin-Dependent","DISEASE_DISORDER","C0011854","1"
"C0011860","Diabetes Mellitus, Non-Insulin-Dependent","DISEASE_DISORDER","C0011860","1"
"C0011900","Diagnosis","CLINICAL_EVENT","C0011900","3"
"C0011923","Diagnostic Imaging","DIAGNOSTIC_PROCEDURE","C0011923","10"
"C0011980","Respiratory Diaphragm","BIOLOGICAL_STRUCTURE","C0011980","1"
"C0011991","Diarrhea","SIGN_SYMPTOM","C0011991","3"
"C0012000","Diastole","BIOLOGICAL_ATTRIBUTE","C0012000","4"
"C0012155","Diet","ACTIVITY","C0012155","7"
"C0012164","Formula - diet","THERAPEUTIC_PROCEDURE","C0012164","1"
"C0012167","Reducing diet","THERAPEUTIC_PROCEDURE","C0012167","2"
"C0012222","Diffusion","DIAGNOSTIC_PROCEDURE","C0012222","1"
"C0012359","Pathological Dilatation","SIGN_SYMPTOM","C0012359","7"
"C0012619","disc disorder","DISEASE_DISORDER","C0012619","2"
"C0012621","Body Fluid Discharge","THERAPEUTIC_PROCEDURE","C0012621","13"
"C0012634","Disease","DISEASE_DISORDER","C0012634","1"
"C0012683","Disinfection","THERAPEUTIC_PROCEDURE","C0012683","3"
"C0012727","Spatial Displacement","SIGN_SYMPTOM","C0012727","1"
"C0012751","Distance","DISTANCE","C0012751","1"
"C0012797","Diuresis","BIOLOGICAL_ATTRIBUTE","C0012797","1"
"C0012798","Diuretics","MEDICATION","C0012798","2"
"C0012817","Diverticulum","DISEASE_DISORDER","C0012817","2"
"C0012833","Dizziness","SIGN_SYMPTOM","C0012833","2"
"C0013119","Medical dressing","OTHER_ENTITY","C0013119","10"
"C0013144","Drowsiness","SIGN_SYMPTOM","C0013144","2"
"C0013182","Drug Allergy","DISEASE_DISORDER","C0013182","1"
"C0013216","Pharmacotherapy","THERAPEUTIC_PROCEDURE","C0013216","33"
"C0013220","Drug Tolerance","CLINICAL_EVENT","C0013220","3"
"C0013227","Pharmaceutical Preparations","MEDICATION","C0013227","15"
"C0013231","Drugs, Non-Prescription","MEDICATION","C0013231","1"
"C0013274","Patent ductus arteriosus","DISEASE_DISORDER","C0013274","6"
"C0013336","Dwarfism","SIGN_SYMPTOM","C0013336","2"
"C0013404","Dyspnea","SIGN_SYMPTOM","C0013404","25"
"C0013453","External Ear","BIOLOGICAL_STRUCTURE","C0013453","3"
"C0013516","Echocardiography","DIAGNOSTIC_PROCEDURE","C0013516","9"
"C0013604","Edema","SIGN_SYMPTOM","C0013604","36"
"C0013687","effusion","SIGN_SYMPTOM","C0013687","9"
"C0013720","Ehlers-Danlos Syndrome","DISEASE_DISORDER","C0013720","3"
"C0013770","Elbow joint structure","BIOLOGICAL_STRUCTURE","C0013770","1"
"C0013778","Electric Countershock","THERAPEUTIC_PROCEDURE","C0013778","5"
"C0013798","Electrocardiogram","DIAGNOSTIC_PROCEDURE","C0013798","10"
"C0013801","Holter Electrocardiography","DIAGNOSTIC_PROCEDURE","C0013801","6"
"C0013812","electrode","OTHER_ENTITY","C0013812","9"
"C0013831","Electrolyte Balance","MEDICATION","C0013831","1"
"C0013832","Electrolytes","DIAGNOSTIC_PROCEDURE","C0013832","12"
"C0013865","Electrophysiology (science)","NONBIOLOGICAL_LOCATION","C0013865","1"
"C0013867","Electroretinography","DIAGNOSTIC_PROCEDURE","C0013867","1"
"C0013930","Embolism, Tumor","DISEASE_DISORDER","C0013930","3"
"C0013956","Emergency Situation","DETAILED_DESCRIPTION","C0013956","1"
"C0013983","Emollients","MEDICATION","C0013983","1"
"C0013990","Pathological accumulation of air in tissues","DISEASE_DISORDER","C0013990","1"
"C0014116","Endocardial Cushion Defects","BIOLOGICAL_STRUCTURE","C0014116","1"
"C0014121","Bacterial Endocarditis","DISEASE_DISORDER","C0014121","2"
"C0014136","Endocrine system","NONBIOLOGICAL_LOCATION","C0014136","3"
"C0014243","Endoscopes","OTHER_ENTITY","C0014243","1"
"C0014245","Endoscopy (procedure)","DIAGNOSTIC_PROCEDURE","C0014245","7"
"C0014268","Administration of enema","THERAPEUTIC_PROCEDURE","C0014268","1"
"C0014335","Enteritis","DISEASE_DISORDER","C0014335","1"
"C0014440","Clinical Enzyme Tests (procedure)","DIAGNOSTIC_PROCEDURE","C0014440","1"
"C0014448","eosine yellowish","COLOR","C0014448","1"
"C0014474","Ependymoma","DISEASE_DISORDER","C0014474","1"
"C0014520","Epidermis","BIOLOGICAL_STRUCTURE","C0014520","3"
"C0014544","Epilepsy","SIGN_SYMPTOM","C0014544","2"
"C0014563","epinephrine","MEDICATION","C0014563","25"
"C0014609","Epithelium","BIOLOGICAL_STRUCTURE","C0014609","1"
"C0014834","Escherichia coli","DISEASE_DISORDER","C0014834","1"
"C0015028","Ethmoid sinus structure","BIOLOGICAL_STRUCTURE","C0015028","6"
"C0015230","Exanthema","SIGN_SYMPTOM","C0015230","1"
"C0015252","removal technique","BIOLOGICAL_STRUCTURE","C0015252","27"
"C0015258","Evisceration - action","SEVERITY","C0015258","1"
"C0015259","Exercise","ACTIVITY","C0015259","8"
"C0015264","Exertion","ACTIVITY","C0015264","2"
"C0015302","External exotoses","DISEASE_DISORDER","C0015302","1"
"C0015357","Extracorporeal Membrane Oxygenation","THERAPEUTIC_PROCEDURE","C0015357","1"
"C0015371","Extrapyramidal Disorders","DISEASE_DISORDER","C0015371","1"
"C0015385","Limb structure","BIOLOGICAL_STRUCTURE","C0015385","1"
"C0015388","Exudate","SIGN_SYMPTOM","C0015388","1"
"C0015392","Eye","BIOLOGICAL_STRUCTURE","C0015392","2"
"C0015450","Face","BIOLOGICAL_STRUCTURE","C0015450","6"
"C0015462","Facial nerve structure","BIOLOGICAL_STRUCTURE","C0015462","3"
"C0015663","Fasting","ACTIVITY","C0015663","6"
"C0015695","Fatty Liver","DISEASE_DISORDER","C0015695","1"
"C0015731","Feathers","TEXTURE","C0015731","1"
"C0015733","Feces","BIOLOGICAL_STRUCTURE","C0015733","2"
"C0015811","Femur","BIOLOGICAL_STRUCTURE","C0015811","1"
"C0015813","Head of femur","BIOLOGICAL_STRUCTURE","C0015813","1"
"C0015879","Ferritin","BIOLOGICAL_STRUCTURE","C0015879","1"
"C0015967","Fever","SIGN_SYMPTOM","C0015967","4"
"C0015982","Fibrin","BIOLOGICAL_STRUCTURE","C0015982","1"
"C0016006","fibrinogen","DIAGNOSTIC_PROCEDURE","C0016006","2"
"C0016018","Fibrinolytic Agents","MEDICATION","C0016018","1"
"C0016059","Fibrosis","SIGN_SYMPTOM","C0016059","23"
"C0016169","pathologic fistula","DISEASE_DISORDER","C0016169","1"
"C0016277","fluconazole","MEDICATION","C0016277","2"
"C0016284","Fluid Balance","DIAGNOSTIC_PROCEDURE","C0016284","2"
"C0016286","Fluid Therapy","THERAPEUTIC_PROCEDURE","C0016286","6"
"C0016293","flumazenil","MEDICATION","C0016293","2"
"C0016313","Fluorescein Angiography","DIAGNOSTIC_PROCEDURE","C0016313","2"
"C0016382","Flushing","THERAPEUTIC_PROCEDURE","C0016382","9"
"C0016410","folic acid","BIOLOGICAL_STRUCTURE","C0016410","5"
"C0016470","Food Allergy","NONBIOLOGICAL_LOCATION","C0016470","1"
"C0016504","Foot","BIOLOGICAL_STRUCTURE","C0016504","4"
"C0016522","Foramen Ovale, Patent","DISEASE_DISORDER","C0016522","10"
"C0016542","Foreign Bodies","OTHER_ENTITY","C0016542","2"
"C0016557","Forensic Medicine","AREA","C0016557","1"
"C0016658","Fracture","DISEASE_DISORDER","C0016658","8"
"C0016734","Frontal Sinus","BIOLOGICAL_STRUCTURE","C0016734","1"
"C0016745","fructose","BIOLOGICAL_STRUCTURE","C0016745","1"
"C0016823","Structure of fundus of eye","BIOLOGICAL_STRUCTURE","C0016823","1"
"C0016976","Gallbladder","BIOLOGICAL_STRUCTURE","C0016976","4"
"C0017040","Gamma-glutamyl transferase","DIAGNOSTIC_PROCEDURE","C0017040","1"
"C0017110","Gases","SIGN_SYMPTOM","C0017110","1"
"C0017118","Gastrectomy","THERAPEUTIC_PROCEDURE","C0017118","1"
"C0017136","Gastric mucosa","BIOLOGICAL_STRUCTURE","C0017136","3"
"C0017152","Gastritis","DISEASE_DISORDER","C0017152","1"
"C0017181","Gastrointestinal Hemorrhage","SIGN_SYMPTOM","C0017181","4"
"C0017189","Gastrointestinal tract structure","BIOLOGICAL_STRUCTURE","C0017189","3"
"C0017195","Endoscopy of stomach","DIAGNOSTIC_PROCEDURE","C0017195","16"
"C0017243","Gel","MEDICATION","C0017243","2"
"C0017420","Genitalia","BIOLOGICAL_STRUCTURE","C0017420","2"
"C0017446","Geographic Locations","BIOLOGICAL_STRUCTURE","C0017446","2"
"C0017467","Geriatric Psychiatry specialty","NONBIOLOGICAL_LOCATION","C0017467","1"
"C0017469","Geriatrics","NONBIOLOGICAL_LOCATION","C0017469","1"
"C0017562","Gingiva","BIOLOGICAL_STRUCTURE","C0017562","2"
"C0017601","Glaucoma","DISEASE_DISORDER","C0017601","1"
"C0017636","Glioblastoma","DISEASE_DISORDER","C0017636","1"
"C0017673","Glossectomy","THERAPEUTIC_PROCEDURE","C0017673","3"
"C0017725","glucose","MEDICATION","C0017725","11"
"C0017955","Glycophorin A","DISEASE_DISORDER","C0017955","2"
"C0018021","Goiter","DISEASE_DISORDER","C0018021","1"
"C0018023","Nodular Goiter","DISEASE_DISORDER","C0018023","1"
"C0018188","Granuloma","DISEASE_DISORDER","C0018188","1"
"C0018193","Granuloma, Foreign-Body","DISEASE_DISORDER","C0018193","1"
"C0018208","Grapes (Dietary)","DETAILED_DESCRIPTION","C0018208","1"
"C0018213","Graves Disease","DIAGNOSTIC_PROCEDURE","C0018213","1"
"C0018270","Growth","SIGN_SYMPTOM","C0018270","3"
"C0018284","Growth Factor","MEDICATION","C0018284","2"
"C0018417","Gynecology","AREA","C0018417","1"
"C0018553","Hamartoma Syndrome, Multiple","DIAGNOSTIC_PROCEDURE","C0018553","1"
"C0018563","Hand","BIOLOGICAL_STRUCTURE","C0018563","2"
"C0018570","Hand Disinfection","THERAPEUTIC_PROCEDURE","C0018570","2"
"C0018581","Handwashing","THERAPEUTIC_PROCEDURE","C0018581","2"
"C0018670","Head","BIOLOGICAL_STRUCTURE","C0018670","8"
"C0018681","Headache","SIGN_SYMPTOM","C0018681","2"
"C0018704","Health care facility","NONBIOLOGICAL_LOCATION","C0018704","4"
"C0018738","Health Promotion","THERAPEUTIC_PROCEDURE","C0018738","1"
"C0018787","Heart","BIOLOGICAL_STRUCTURE","C0018787","7"
"C0018790","Cardiac Arrest","DISEASE_DISORDER","C0018790","9"
"C0018798","Congenital Heart Defects","NONBIOLOGICAL_LOCATION","C0018798","6"
"C0018808","Heart murmur","SIGN_SYMPTOM","C0018808","5"
"C0018810","heart rate","BIOLOGICAL_ATTRIBUTE","C0018810","15"
"C0018817","Atrial Septal Defects","DISEASE_DISORDER","C0018817","6"
"C0018818","Ventricular Septal Defects","DISEASE_DISORDER","C0018818","3"
"C0018819","Heart Septum","BIOLOGICAL_STRUCTURE","C0018819","1"
"C0018820","Heart Sounds","BIOLOGICAL_ATTRIBUTE","C0018820","2"
"C0018821","Cardiac Surgery procedures","NONBIOLOGICAL_LOCATION","C0018821","2"
"C0018823","Heart Transplantation","THERAPEUTIC_PROCEDURE","C0018823","3"
"C0018824","Heart valve disease","NONBIOLOGICAL_LOCATION","C0018824","1"
"C0018827","Heart Ventricle","BIOLOGICAL_STRUCTURE","C0018827","7"
"C0018870","Heel","BIOLOGICAL_STRUCTURE","C0018870","5"
"C0018916","Hemangioma","DISEASE_DISORDER","C0018916","1"
"C0018932","Hematochezia","SIGN_SYMPTOM","C0018932","1"
"C0018941","Hematologic Tests","DIAGNOSTIC_PROCEDURE","C0018941","1"
"C0018944","Hematoma","DISEASE_DISORDER","C0018944","2"
"C0018965","Hematuria","SIGN_SYMPTOM","C0018965","2"
"C0019018","Glycosylated hemoglobin A","DIAGNOSTIC_PROCEDURE","C0019018","1"
"C0019046","Hemoglobin","OTHER_ENTITY","C0019046","10"
"C0019079","Hemoptysis","SIGN_SYMPTOM","C0019079","3"
"C0019080","Hemorrhage","SIGN_SYMPTOM","C0019080","13"
"C0019112","Hemorrhoids","DISEASE_DISORDER","C0019112","3"
"C0019139","Heparin, Low-Molecular-Weight","MEDICATION","C0019139","4"
"C0019151","Hepatic Encephalopathy","DISEASE_DISORDER","C0019151","1"
"C0019159","Hepatitis A","NONBIOLOGICAL_LOCATION","C0019159","3"
"C0019163","Hepatitis B","DISEASE_DISORDER","C0019163","1"
"C0019212","Hepatorenal Syndrome","DISEASE_DISORDER","C0019212","1"
"C0019409","Heterogeneity","TEXTURE","C0019409","35"
"C0019558","Hip Joint","BIOLOGICAL_STRUCTURE","C0019558","1"
"C0019621","Histiocytosis, Langerhans-Cell","DISEASE_DISORDER","C0019621","2"
"C0019664","History","HISTORY","C0019664","14"
"C0019829","Hodgkin Disease","DISEASE_DISORDER","C0019829","2"
"C0019855","Home Care Services","THERAPEUTIC_PROCEDURE","C0019855","1"
"C0019972","Hospital Information Systems","SIGN_SYMPTOM","C0019972","1"
"C0019993","Hospitalization","CLINICAL_EVENT","C0019993","32"
"C0019994","Hospitals","NONBIOLOGICAL_LOCATION","C0019994","3"
"C0020063","PTH protein, human","LAB_VALUE","C0020063","2"
"C0020164","Bone structure of humerus","BIOLOGICAL_STRUCTURE","C0020164","1"
"C0020283","Hydrogen-Ion Concentration","BIOLOGICAL_ATTRIBUTE","C0020283","2"
"C0020311","Hydrotherapy","NONBIOLOGICAL_LOCATION","C0020311","2"
"C0020431","Hyperbaric oxygenation therapy","NONBIOLOGICAL_LOCATION","C0020431","1"
"C0020443","Hypercholesterolemia","DISEASE_DISORDER","C0020443","1"
"C0020452","Hyperemia","SIGN_SYMPTOM","C0020452","3"
"C0020453","Hyperesthesia","SIGN_SYMPTOM","C0020453","4"
"C0020456","Hyperglycemia","SIGN_SYMPTOM","C0020456","2"
"C0020461","Hyperkalemia","DISEASE_DISORDER","C0020461","1"
"C0020488","Hypernatremia","SIGN_SYMPTOM","C0020488","1"
"C0020517","Hypersensitivity","DISEASE_DISORDER","C0020517","1"
"C0020538","Hypertensive disease","DISEASE_DISORDER","C0020538","5"
"C0020564","Hypertrophy","SIGN_SYMPTOM","C0020564","2"
"C0020580","Hypesthesia","SIGN_SYMPTOM","C0020580","2"
"C0020591","Hypnotics","MEDICATION","C0020591","1"
"C0020614","Hypoglossal nerve structure","BIOLOGICAL_STRUCTURE","C0020614","3"
"C0020615","Hypoglycemia","DISEASE_DISORDER","C0020615","1"
"C0020621","Hypokalemia","DISEASE_DISORDER","C0020621","1"
"C0020625","Hyponatremia","DISEASE_DISORDER","C0020625","1"
"C0020649","Hypotension","SIGN_SYMPTOM","C0020649","1"
"C0020672","Hypothermia, natural","DISEASE_DISORDER","C0020672","2"
"C0020676","Hypothyroidism","DISEASE_DISORDER","C0020676","2"
"C0020717","I Blood-Group System","BIOLOGICAL_STRUCTURE","C0020717","4"
"C0020883","Creation of ileostomy","THERAPEUTIC_PROCEDURE","C0020883","1"
"C0020912","Optical Image Reconstruction","THERAPEUTIC_PROCEDURE","C0020912","6"
"C0020944","Immobilization","THERAPEUTIC_PROCEDURE","C0020944","1"
"C0020985","Immunoblotting","BIOLOGICAL_STRUCTURE","C0020985","1"
"C0021061","Immunologic Tests","DIAGNOSTIC_PROCEDURE","C0021061","1"
"C0021102","Implants","OTHER_ENTITY","C0021102","1"
"C0021107","Implantation procedure","BIOLOGICAL_STRUCTURE","C0021107","3"
"C0021156","Incisor","BIOLOGICAL_STRUCTURE","C0021156","1"
"C0021206","Indiana","DATE","C0021206","2"
"C0021368","Inflammation","DISEASE_DISORDER","C0021368","8"
"C0021376","Chronic inflammation","DISEASE_DISORDER","C0021376","2"
"C0021436","Infusion Pump","THERAPEUTIC_PROCEDURE","C0021436","2"
"C0021440","Intravenous infusion procedures","ADMINISTRATION","C0021440","1"
"C0021459","Inhalation Therapy","CLINICAL_EVENT","C0021459","1"
"C0021485","Injection of therapeutic agent","THERAPEUTIC_PROCEDURE","C0021485","2"
"C0021501","Wounds - qualifier","DISEASE_DISORDER","C0021501","2"
"C0021621","Institute of Medicine (U.S.)","NONBIOLOGICAL_LOCATION","C0021621","1"
"C0021641","Insulin","MEDICATION","C0021641","6"
"C0021709","Intensive Care Units, Neonatal","NONBIOLOGICAL_LOCATION","C0021709","1"
"C0021724","Structure of intercostal muscle","BIOLOGICAL_STRUCTURE","C0021724","1"
"C0021782","Internal medicine specialty","CLINICAL_EVENT","C0021782","2"
"C0021815","Intervertebral disc structure","SIGN_SYMPTOM","C0021815","1"
"C0021818","Intervertebral Disk Displacement","SIGN_SYMPTOM","C0021818","3"
"C0021831","Intestinal Diseases","NONBIOLOGICAL_LOCATION","C0021831","1"
"C0021843","Intestinal Obstruction","DISEASE_DISORDER","C0021843","1"
"C0021851","Large Intestine","BIOLOGICAL_STRUCTURE","C0021851","12"
"C0021852","Intestines, Small","BIOLOGICAL_STRUCTURE","C0021852","5"
"C0021853","Intestines","BIOLOGICAL_STRUCTURE","C0021853","4"
"C0021880","Intracranial Pressure","BIOLOGICAL_ATTRIBUTE","C0021880","1"
"C0021925","Intubation (procedure)","THERAPEUTIC_PROCEDURE","C0021925","2"
"C0021931","Intubation, Gastrointestinal","THERAPEUTIC_PROCEDURE","C0021931","2"
"C0022100","Irrigation","THERAPEUTIC_PROCEDURE","C0022100","2"
"C0022346","Icterus","SIGN_SYMPTOM","C0022346","1"
"C0022417","Joints","AREA","C0022417","1"
"C0022427","Structure of jugular vein","BIOLOGICAL_STRUCTURE","C0022427","3"
"C0022634","Ketones","LAB_VALUE","C0022634","2"
"C0022646","Kidney","MEDICATION","C0022646","2"
"C0022660","Kidney Failure, Acute","DISEASE_DISORDER","C0022660","1"
"C0022671","Kidney Transplantation","THERAPEUTIC_PROCEDURE","C0022671","2"
"C0022680","Polycystic Kidney Diseases","DISEASE_DISORDER","C0022680","1"
"C0022742","Knee","BIOLOGICAL_STRUCTURE","C0022742","1"
"C0022877","Laboratory","NONBIOLOGICAL_LOCATION","C0022877","2"
"C0022878","Dental laboratory","NONBIOLOGICAL_LOCATION","C0022878","1"
"C0022885","Laboratory Procedures","DIAGNOSTIC_PROCEDURE","C0022885","16"
"C0022924","Lactates","BIOLOGICAL_ATTRIBUTE","C0022924","2"
"C0022949","lactose","THERAPEUTIC_PROCEDURE","C0022949","2"
"C0022957","lactulose","MEDICATION","C0022957","1"
"C0023024","lanolin","MEDICATION","C0023024","1"
"C0023078","Larynx","BIOLOGICAL_STRUCTURE","C0023078","7"
"C0023134","Laundering","ACTIVITY","C0023134","2"
"C0023216","Lower Extremity","BIOLOGICAL_STRUCTURE","C0023216","8"
"C0023223","Leg Ulcer","DISEASE_DISORDER","C0023223","1"
"C0023418","leukemia","DISEASE_DISORDER","C0023418","1"
"C0023434","Chronic Lymphocytic Leukemia","DISEASE_DISORDER","C0023434","2"
"C0023448","Lymphoid leukemia","DISEASE_DISORDER","C0023448","1"
"C0023449","Acute lymphocytic leukemia","QUANTITATIVE_CONCEPT","C0023449","1"
"C0023467","Leukemia, Myelocytic, Acute","BIOLOGICAL_STRUCTURE","C0023467","1"
"C0023516","Leukocytes","BIOLOGICAL_STRUCTURE","C0023516","1"
"C0023530","Leukopenia","DISEASE_DISORDER","C0023530","6"
"C0023660","lidocaine","MEDICATION","C0023660","2"
"C0023798","Lipoma","DISEASE_DISORDER","C0023798","4"
"C0023884","Liver","BIOLOGICAL_STRUCTURE","C0023884","20"
"C0023890","Liver Cirrhosis","DISEASE_DISORDER","C0023890","1"
"C0023911","Transplantation of liver","THERAPEUTIC_PROCEDURE","C0023911","2"
"C0024003","Lordosis","BIOLOGICAL_STRUCTURE","C0024003","1"
"C0024081","Ludwig's Angina","BIOLOGICAL_STRUCTURE","C0024081","2"
"C0024091","Bone structure of lumbar vertebra","BIOLOGICAL_STRUCTURE","C0024091","1"
"C0024109","Lung","BIOLOGICAL_STRUCTURE","C0024109","21"
"C0024115","Lung diseases","NONBIOLOGICAL_LOCATION","C0024115","5"
"C0024121","Lung Neoplasms","DISEASE_DISORDER","C0024121","2"
"C0024128","Lung Transplantation","NONBIOLOGICAL_LOCATION","C0024128","2"
"C0024198","Lyme Disease","DISEASE_DISORDER","C0024198","1"
"C0024203","Lymph node excision","THERAPEUTIC_PROCEDURE","C0024203","4"
"C0024204","lymph nodes","BIOLOGICAL_STRUCTURE","C0024204","65"
"C0024236","Lymphedema","DISEASE_DISORDER","C0024236","1"
"C0024264","Lymphocyte","BIOLOGICAL_STRUCTURE","C0024264","1"
"C0024296","Lymphoid Tissue","BIOLOGICAL_STRUCTURE","C0024296","5"
"C0024299","Lymphoma","DISEASE_DISORDER","C0024299","4"
"C0024467","magnesium","DOSAGE","C0024467","24"
"C0024480","magnesium sulfate","MEDICATION","C0024480","1"
"C0024485","Magnetic Resonance Imaging","DIAGNOSTIC_PROCEDURE","C0024485","39"
"C0024496","Main Bronchus","BIOLOGICAL_STRUCTURE","C0024496","1"
"C0024524","Malacia","DISEASE_DISORDER","C0024524","1"
"C0024671","Mammography","DIAGNOSTIC_PROCEDURE","C0024671","8"
"C0024779","Map","DIAGNOSTIC_PROCEDURE","C0024779","1"
"C0024796","Marfan Syndrome","DISEASE_DISORDER","C0024796","1"
"C0024861","Masks","OTHER_ENTITY","C0024861","4"
"C0024881","Mastectomy","THERAPEUTIC_PROCEDURE","C0024881","2"
"C0024885","Segmental Mastectomy","THERAPEUTIC_PROCEDURE","C0024885","1"
"C0024887","Mastectomy, Subcutaneous","THERAPEUTIC_PROCEDURE","C0024887","1"
"C0024894","Mastitis","DISEASE_DISORDER","C0024894","1"
"C0024947","Maxilla","BIOLOGICAL_STRUCTURE","C0024947","2"
"C0024957","Maxillary Sinus","BIOLOGICAL_STRUCTURE","C0024957","4"
"C0025066","Mediastinum","BIOLOGICAL_STRUCTURE","C0025066","7"
"C0025080","Medical Devices","OTHER_ENTITY","C0025080","17"
"C0025102","Medical Records","OTHER_ENTITY","C0025102","9"
"C0025125","Medicinal Herbs","NONBIOLOGICAL_LOCATION","C0025125","1"
"C0025148","Medulla Oblongata","BIOLOGICAL_STRUCTURE","C0025148","1"
"C0025222","Melena","SIGN_SYMPTOM","C0025222","3"
"C0025255","Tissue membrane","SIGN_SYMPTOM","C0025255","2"
"C0025274","Menarche","CLINICAL_EVENT","C0025274","2"
"C0025286","Meningioma","DISEASE_DISORDER","C0025286","1"
"C0025320","Menopause","NONBIOLOGICAL_LOCATION","C0025320","1"
"C0025360","Mentally Ill Persons","DISEASE_DISORDER","C0025360","1"
"C0025424","mercury","LAB_VALUE","C0025424","1"
"C0025513","Activation, Metabolic","BIOLOGICAL_ATTRIBUTE","C0025513","16"
"C0025516","Metabolic Detoxication, Drug","THERAPEUTIC_PROCEDURE","C0025516","5"
"C0025517","Metabolic Diseases","NONBIOLOGICAL_LOCATION","C0025517","4"
"C0025646","methionine","DISEASE_DISORDER","C0025646","1"
"C0025872","metronidazole","MEDICATION","C0025872","1"
"C0025953","Microbiological","DIAGNOSTIC_PROCEDURE","C0025953","1"
"C0026056","midazolam","MEDICATION","C0026056","2"
"C0026221","Mississippi (geographic location)","LAB_VALUE","C0026221","1"
"C0026264","Mitral Valve","BIOLOGICAL_STRUCTURE","C0026264","8"
"C0026266","Mitral Valve Insufficiency","DISEASE_DISORDER","C0026266","2"
"C0026267","Mitral Valve Prolapse Syndrome","DISEASE_DISORDER","C0026267","1"
"C0026277","Mixed Salivary Gland Tumor","DISEASE_DISORDER","C0026277","1"
"C0026426","Blood pressure monitoring","DIAGNOSTIC_PROCEDURE","C0026426","1"
"C0026549","morphine","MEDICATION","C0026549","2"
"C0026606","Physical activity","DIAGNOSTIC_PROCEDURE","C0026606","21"
"C0026639","Oral mucous membrane structure","BIOLOGICAL_STRUCTURE","C0026639","2"
"C0026649","Movement","SIGN_SYMPTOM","C0026649","1"
"C0026724","Mucous Membrane","BIOLOGICAL_STRUCTURE","C0026724","7"
"C0026764","Multiple Myeloma","DISEASE_DISORDER","C0026764","1"
"C0026769","Multiple Sclerosis","DISEASE_DISORDER","C0026769","1"
"C0026771","Multiple Trauma","NONBIOLOGICAL_LOCATION","C0026771","1"
"C0026820","Muscle Contraction","SIGN_SYMPTOM","C0026820","1"
"C0026845","Muscle Tissue","BIOLOGICAL_STRUCTURE","C0026845","2"
"C0026846","Muscular Atrophy","SIGN_SYMPTOM","C0026846","1"
"C0026848","Myopathy","DISEASE_DISORDER","C0026848","1"
"C0026926","Mycobacterium tuberculosis","OTHER_ENTITY","C0026926","2"
"C0027059","Myocarditis","DISEASE_DISORDER","C0027059","2"
"C0027061","Myocardium","BIOLOGICAL_STRUCTURE","C0027061","2"
"C0027070","Myoepithelioma","DISEASE_DISORDER","C0027070","2"
"C0027269","Mucous retention cyst of cervix uteri","DISEASE_DISORDER","C0027269","1"
"C0027358","naloxone","MEDICATION","C0027358","3"
"C0027423","Nasal cavity","BIOLOGICAL_STRUCTURE","C0027423","2"
"C0027442","Nasopharynx","BIOLOGICAL_STRUCTURE","C0027442","6"
"C0027497","Nausea","SIGN_SYMPTOM","C0027497","3"
"C0027530","Neck","BIOLOGICAL_STRUCTURE","C0027530","37"
"C0027532","Skeletal muscle structure of neck","BIOLOGICAL_STRUCTURE","C0027532","1"
"C0027540","Necrosis","DISEASE_DISORDER","C0027540","10"
"C0027621","Neonatology","AREA","C0027621","1"
"C0027627","Neoplasm Metastasis","DISEASE_DISORDER","C0027627","10"
"C0027651","Neoplasms","NONBIOLOGICAL_LOCATION","C0027651","41"
"C0027671","Neoplastic Processes","DISEASE_DISORDER","C0027671","6"
"C0027721","Lipoid nephrosis","DISEASE_DISORDER","C0027721","1"
"C0027740","Nerve","BIOLOGICAL_STRUCTURE","C0027740","13"
"C0027809","Neurilemmoma","DISEASE_DISORDER","C0027809","1"
"C0027830","neurofibroma","DISEASE_DISORDER","C0027830","2"
"C0027831","Neurofibromatosis 1","DISEASE_DISORDER","C0027831","2"
"C0027853","Neurologic Examination","DIAGNOSTIC_PROCEDURE","C0027853","1"
"C0027855","Neurology speciality","AREA","C0027855","1"
"C0027926","Science of neurosurgery","NONBIOLOGICAL_LOCATION","C0027926","1"
"C0027932","Neurotic Disorders","DISEASE_DISORDER","C0027932","4"
"C0027962","Melanocytic nevus","DISEASE_DISORDER","C0027962","2"
"C0028109","Nipples","BIOLOGICAL_STRUCTURE","C0028109","1"
"C0028128","nitric oxide","LAB_VALUE","C0028128","1"
"C0028259","Nodule","DISEASE_DISORDER","C0028259","35"
"C0028351","norepinephrine","MEDICATION","C0028351","2"
"C0028429","Nose","BIOLOGICAL_STRUCTURE","C0028429","1"
"C0028582","Discipline of Nuclear Medicine","NONBIOLOGICAL_LOCATION","C0028582","2"
"C0028754","Obesity","DISEASE_DISORDER","C0028754","5"
"C0028775","Obstetrics Department","NONBIOLOGICAL_LOCATION","C0028775","1"
"C0028778","Obstruction","DISEASE_DISORDER","C0028778","6"
"C0028785","Occipital lobe","BIOLOGICAL_STRUCTURE","C0028785","1"
"C0028797","Occupational Diseases","NONBIOLOGICAL_LOCATION","C0028797","2"
"C0028802","occupational medicine field","NONBIOLOGICAL_LOCATION","C0028802","1"
"C0028881","Structure of odontoid process of axis","BIOLOGICAL_STRUCTURE","C0028881","1"
"C0028912","Ointments","MEDICATION","C0028912","1"
"C0028977","Omentum","BIOLOGICAL_STRUCTURE","C0028977","1"
"C0029064","Operating Room","NONBIOLOGICAL_LOCATION","C0029064","3"
"C0029087","Ophthalmology specialty","DIAGNOSTIC_PROCEDURE","C0029087","5"
"C0029090","Ophthalmoscopy","DIAGNOSTIC_PROCEDURE","C0029090","1"
"C0029100","Opioid intoxication","DISEASE_DISORDER","C0029100","2"
"C0029126","Optic Chiasms","BIOLOGICAL_STRUCTURE","C0029126","2"
"C0029127","Optic Disk","BIOLOGICAL_STRUCTURE","C0029127","1"
"C0029130","Optic Nerve","BIOLOGICAL_STRUCTURE","C0029130","1"
"C0029161","Oral Glucose Tolerance Test","DIAGNOSTIC_PROCEDURE","C0029161","3"
"C0029164","Dental Hygiene","THERAPEUTIC_PROCEDURE","C0029164","3"
"C0029180","Ocular orbit","BIOLOGICAL_STRUCTURE","C0029180","1"
"C0029279","ORNITHINE CARBAMOYLTRANSFERASE","DIAGNOSTIC_PROCEDURE","C0029279","1"
"C0029335","Orthodontics speciality","NONBIOLOGICAL_LOCATION","C0029335","1"
"C0029341","Orthomyxoviridae","OTHER_ENTITY","C0029341","1"
"C0029408","Degenerative polyarthritis","DISEASE_DISORDER","C0029408","1"
"C0029456","Osteoporosis","DISEASE_DISORDER","C0029456","1"
"C0029464","Osteosclerosis","SIGN_SYMPTOM","C0029464","1"
"C0029892","Otolaryngology specialty","NONBIOLOGICAL_LOCATION","C0029892","3"
"C0029921","Outpatients","CLINICAL_EVENT","C0029921","1"
"C0029944","Drug Overdose","DISEASE_DISORDER","C0029944","1"
"C0030054","oxygen","MEDICATION","C0030054","3"
"C0030163","Artificial cardiac pacemaker","DIAGNOSTIC_PROCEDURE","C0030163","2"
"C0030193","Pain","SIGN_SYMPTOM","C0030193","8"
"C0030219","Palate, Soft","BIOLOGICAL_STRUCTURE","C0030219","2"
"C0030231","Palliative Care","THERAPEUTIC_PROCEDURE","C0030231","2"
"C0030247","Palpation","DIAGNOSTIC_PROCEDURE","C0030247","1"
"C0030252","Palpitations","SIGN_SYMPTOM","C0030252","5"
"C0030274","Pancreas","BIOLOGICAL_STRUCTURE","C0030274","3"
"C0030275","Pancreas Transplantation","NONBIOLOGICAL_LOCATION","C0030275","2"
"C0030288","Pancreatic duct","BIOLOGICAL_STRUCTURE","C0030288","1"
"C0030312","Pancytopenia","DISEASE_DISORDER","C0030312","2"
"C0030421","Paraganglioma","DISEASE_DISORDER","C0030421","2"
"C0030446","Paralytic Ileus","DISEASE_DISORDER","C0030446","1"
"C0030471","Nasal sinus","BIOLOGICAL_STRUCTURE","C0030471","8"
"C0030486","Paraplegia","NONBIOLOGICAL_LOCATION","C0030486","1"
"C0030499","Parasitic Diseases","DISEASE_DISORDER","C0030499","1"
"C0030547","Parenteral Nutrition","THERAPEUTIC_PROCEDURE","C0030547","1"
"C0030552","Paresis","SIGN_SYMPTOM","C0030552","2"
"C0030554","Paresthesia","SIGN_SYMPTOM","C0030554","1"
"C0030558","Parietal bone structure","BIOLOGICAL_STRUCTURE","C0030558","2"
"C0030650","Legal patent","QUALITATIVE_CONCEPT","C0030650","5"
"C0030657","Pathogenicity Aspects","BIOLOGICAL_ATTRIBUTE","C0030657","12"
"C0030664","Pathology","SIGN_SYMPTOM","C0030664","77"
"C0030666","Pathology Department, Hospital","NONBIOLOGICAL_LOCATION","C0030666","2"
"C0030685","Patient Discharge","CLINICAL_EVENT","C0030685","3"
"C0030738","Peas - dietary","DISEASE_DISORDER","C0030738","2"
"C0030747","Pectoralis Muscles","BIOLOGICAL_STRUCTURE","C0030747","3"
"C0030797","Pelvis","BIOLOGICAL_STRUCTURE","C0030797","9"
"C0030827","penicillin G","MEDICATION","C0030827","2"
"C0030858","pentaerythritol tetranitrate","QUANTITATIVE_CONCEPT","C0030858","1"
"C0031050","Pericardial sac structure","BIOLOGICAL_STRUCTURE","C0031050","22"
"C0031066","Anogenital region","BIOLOGICAL_STRUCTURE","C0031066","1"
"C0031133","Peristalsis","BIOLOGICAL_ATTRIBUTE","C0031133","2"
"C0031139","Peritoneal Dialysis","THERAPEUTIC_PROCEDURE","C0031139","1"
"C0031153","Peritoneum","SIGN_SYMPTOM","C0031153","1"
"C0031154","Peritonitis","DISEASE_DISORDER","C0031154","1"
"C0031262","petrolatum","MEDICATION","C0031262","4"
"C0031266","Structure of petrous part of temporal bone","BIOLOGICAL_STRUCTURE","C0031266","1"
"C0031268","Pet Animal","DIAGNOSTIC_PROCEDURE","C0031268","11"
"C0031354","Pharyngeal structure","BIOLOGICAL_STRUCTURE","C0031354","12"
"C0031807","Physical Exertion","ACTIVITY","C0031807","2"
"C0031809","Physical Examination","DIAGNOSTIC_PROCEDURE","C0031809","144"
"C0031812","Physical Fitness","BIOLOGICAL_ATTRIBUTE","C0031812","1"
"C0031819","Physical Therapy Department, Hospital","NONBIOLOGICAL_LOCATION","C0031819","1"
"C0031834","Physicians' Offices","NONBIOLOGICAL_LOCATION","C0031834","1"
"C0031847","physiopathological","SIGN_SYMPTOM","C0031847","2"
"C0031955","piperacillin","MEDICATION","C0031955","1"
"C0032074","Cognitive function: planning","DIAGNOSTIC_PROCEDURE","C0032074","1"
"C0032089","Plant Proteins","DETAILED_DESCRIPTION","C0032089","2"
"C0032181","Platelet Count measurement","LAB_VALUE","C0032181","3"
"C0032225","Pleura","BIOLOGICAL_STRUCTURE","C0032225","2"
"C0032285","Pneumonia","DISEASE_DISORDER","C0032285","4"
"C0032483","polyethylene glycols","THERAPEUTIC_PROCEDURE","C0032483","4"
"C0032584","polyps","DISEASE_DISORDER","C0032584","7"
"C0032611","polytetrafluoroethylene","DIAGNOSTIC_PROCEDURE","C0032611","1"
"C0032639","Pontine structure","BIOLOGICAL_STRUCTURE","C0032639","2"
"C0032743","Positron-Emission Tomography","DIAGNOSTIC_PROCEDURE","C0032743","2"
"C0032790","Postoperative Period","BIOLOGICAL_STRUCTURE","C0032790","6"
"C0032821","potassium","OTHER_ENTITY","C0032821","4"
"C0032825","potassium chloride","MEDICATION","C0032825","1"
"C0032854","Poverty","QUALITATIVE_CONCEPT","C0032854","3"
"C0032961","Pregnancy","BIOLOGICAL_ATTRIBUTE","C0032961","5"
"C0033036","Atrial Premature Complexes","NONBIOLOGICAL_LOCATION","C0033036","4"
"C0033085","Biologic Preservation","QUALITATIVE_CONCEPT","C0033085","7"
"C0033095","Pressure- physical agent","SIGN_SYMPTOM","C0033095","2"
"C0033107","prevention & control","THERAPEUTIC_PROCEDURE","C0033107","10"
"C0033131","Primary Care Physicians","NONBIOLOGICAL_LOCATION","C0033131","4"
"C0033137","Primary Health Care","NONBIOLOGICAL_LOCATION","C0033137","24"
"C0033175","Private Room","DETAILED_DESCRIPTION","C0033175","1"
"C0033377","Ptosis","SIGN_SYMPTOM","C0033377","3"
"C0033572","Prostate","BIOLOGICAL_STRUCTURE","C0033572","4"
"C0033573","Prostatectomy","THERAPEUTIC_PROCEDURE","C0033573","2"
"C0033684","Proteins","OTHER_ENTITY","C0033684","2"
"C0033687","Proteinuria","SIGN_SYMPTOM","C0033687","1"
"C0033822","Pseudomyxoma Peritonei","TEXTURE","C0033822","3"
"C0033868","Psychiatric Department, Hospital","NONBIOLOGICAL_LOCATION","C0033868","5"
"C0033870","Psychiatric Nursing (specialty)","THERAPEUTIC_PROCEDURE","C0033870","2"
"C0033873","Psychiatry Specialty","AREA","C0033873","2"
"C0033968","Psychotherapy","THERAPEUTIC_PROCEDURE","C0033968","2"
"C0033972","Psychotherapy, Multiple","THERAPEUTIC_PROCEDURE","C0033972","1"
"C0033975","Psychotic Disorders","DISEASE_DISORDER","C0033975","5"
"C0034014","Bone structure of pubis","BIOLOGICAL_STRUCTURE","C0034014","6"
"C0034044","Puerto Rico","DIAGNOSTIC_PROCEDURE","C0034044","2"
"C0034052","Pulmonary artery structure","BIOLOGICAL_STRUCTURE","C0034052","9"
"C0034057","Pulmonary Circulation","BIOLOGICAL_STRUCTURE","C0034057","1"
"C0034060","Pulmonary Medicine","NONBIOLOGICAL_LOCATION","C0034060","4"
"C0034065","Pulmonary Embolism","DISEASE_DISORDER","C0034065","4"
"C0034086","Pulmonary valve structure","BIOLOGICAL_STRUCTURE","C0034086","8"
"C0034088","Pulmonary Valve Insufficiency","DISEASE_DISORDER","C0034088","4"
"C0034090","Pulmonary veins","BIOLOGICAL_STRUCTURE","C0034090","1"
"C0034106","Pulsatile Flow","SIGN_SYMPTOM","C0034106","2"
"C0034107","Pulse taking","BIOLOGICAL_ATTRIBUTE","C0034107","8"
"C0034121","Pupil","BIOLOGICAL_STRUCTURE","C0034121","13"
"C0034503","Racemases","DIAGNOSTIC_PROCEDURE","C0034503","1"
"C0034571","roentgenographic","DIAGNOSTIC_PROCEDURE","C0034571","2"
"C0034573","Radiography, Abdominal","DIAGNOSTIC_PROCEDURE","C0034573","3"
"C0034600","Radiology Department, Hospital","NONBIOLOGICAL_LOCATION","C0034600","1"
"C0034602","Interventional radiology","NONBIOLOGICAL_LOCATION","C0034602","1"
"C0034606","Radionuclide Imaging","DIAGNOSTIC_PROCEDURE","C0034606","2"
"C0034619","radiotherapeutic","THERAPEUTIC_PROCEDURE","C0034619","67"
"C0034640","Rain","THERAPEUTIC_PROCEDURE","C0034640","1"
"C0034642","Rales","SIGN_SYMPTOM","C0034642","2"
"C0034754","Reading (activity)","DIAGNOSTIC_PROCEDURE","C0034754","1"
"C0034896","Rectum","BIOLOGICAL_STRUCTURE","C0034896","4"
"C0034897","Recurrence","DISEASE_DISORDER","C0034897","43"
"C0034927","Patient referral","CLINICAL_EVENT","C0034927","11"
"C0034991","Rehabilitation therapy","THERAPEUTIC_PROCEDURE","C0034991","10"
"C0034993","Rehabilitation Centers","NONBIOLOGICAL_LOCATION","C0034993","4"
"C0035203","Respiration","THERAPEUTIC_PROCEDURE","C0035203","7"
"C0035234","Respiratory Sounds","BIOLOGICAL_ATTRIBUTE","C0035234","4"
"C0035237","Respiratory System","BIOLOGICAL_STRUCTURE","C0035237","3"
"C0035253","Rest","ACTIVITY","C0035253","2"
"C0035258","Restless Legs Syndrome","DISEASE_DISORDER","C0035258","1"
"C0035273","Resuscitation procedure","THERAPEUTIC_PROCEDURE","C0035273","2"
"C0035281","Retention cyst","DISEASE_DISORDER","C0035281","1"
"C0035298","Retina","BIOLOGICAL_STRUCTURE","C0035298","1"
"C0035359","Retroperitoneal Space","BIOLOGICAL_STRUCTURE","C0035359","1"
"C0035412","Rhabdomyosarcoma","DISEASE_DISORDER","C0035412","1"
"C0035561","Bone structure of rib","BIOLOGICAL_STRUCTURE","C0035561","3"
"C0035569","Ricin","BIOLOGICAL_STRUCTURE","C0035569","1"
"C0035868","Rotation","SIGN_SYMPTOM","C0035868","1"
"C0036033","Sacral Region","BIOLOGICAL_STRUCTURE","C0036033","5"
"C0036098","Salivary Glands","BIOLOGICAL_STRUCTURE","C0036098","2"
"C0036099","Minor salivary gland structure","SIGN_SYMPTOM","C0036099","1"
"C0036140","Salts","MEDICATION","C0036140","2"
"C0036202","Sarcoidosis","DISEASE_DISORDER","C0036202","1"
"C0036277","Bone structure of scapula","BIOLOGICAL_STRUCTURE","C0036277","3"
"C0036429","Sclerosis","SIGN_SYMPTOM","C0036429","2"
"C0036471","Scrotum","BIOLOGICAL_STRUCTURE","C0036471","1"
"C0036537","Bodily secretions","SIGN_SYMPTOM","C0036537","1"
"C0036557","Sedatives","MEDICATION","C0036557","1"
"C0036572","Seizures","SIGN_SYMPTOM","C0036572","2"
"C0036628","Seminal Vesicles","BIOLOGICAL_STRUCTURE","C0036628","1"
"C0036690","Septicemia","DISEASE_DISORDER","C0036690","1"
"C0036743","Serologic tests","NONBIOLOGICAL_LOCATION","C0036743","1"
"C0036760","Serous Membrane","BIOLOGICAL_STRUCTURE","C0036760","1"
"C0036974","Shock","THERAPEUTIC_PROCEDURE","C0036974","3"
"C0036983","Septic Shock","DISEASE_DISORDER","C0036983","1"
"C0037009","Joint structure of shoulder region","BIOLOGICAL_STRUCTURE","C0037009","1"
"C0037088","Signs and Symptoms","CLINICAL_EVENT","C0037088","1"
"C0037179","Unmarried person","QUANTITATIVE_CONCEPT","C0037179","17"
"C0037197","Structure of sinus of Valsalva","BIOLOGICAL_STRUCTURE","C0037197","2"
"C0037253","Skeletal system","BIOLOGICAL_STRUCTURE","C0037253","4"
"C0037265","skilled nursing facility","NONBIOLOGICAL_LOCATION","C0037265","1"
"C0037284","Skin lesion","DISEASE_DISORDER","C0037284","4"
"C0037286","Skin Neoplasms","DISEASE_DISORDER","C0037286","1"
"C0037313","Sleep","ACTIVITY","C0037313","1"
"C0037315","Sleep Apnea Syndromes","DISEASE_DISORDER","C0037315","9"
"C0037317","Sleep disturbances","SIGN_SYMPTOM","C0037317","2"
"C0037366","Smoke","ACTIVITY","C0037366","1"
"C0037438","Social support","NONBIOLOGICAL_LOCATION","C0037438","2"
"C0037473","sodium","MEDICATION","C0037473","1"
"C0037494","sodium chloride","MEDICATION","C0037494","1"
"C0037663","Growth Hormone","MEDICATION","C0037663","3"
"C0037683","Son (person)","FAMILY_HISTORY","C0037683","1"
"C0037822","Speech Disorders","SIGN_SYMPTOM","C0037822","1"
"C0037885","Sphenoidal sinus","BIOLOGICAL_STRUCTURE","C0037885","5"
"C0037922","Spinal Canal","BIOLOGICAL_STRUCTURE","C0037922","10"
"C0037925","Spinal Cord","BIOLOGICAL_STRUCTURE","C0037925","3"
"C0037926","Compression of spinal cord","DISEASE_DISORDER","C0037926","1"
"C0037937","Spinal Injuries","DISEASE_DISORDER","C0037937","1"
"C0037949","Vertebral column","BIOLOGICAL_STRUCTURE","C0037949","8"
"C0037982","spironolactone","MEDICATION","C0037982","2"
"C0037993","Spleen","BIOLOGICAL_STRUCTURE","C0037993","8"
"C0038001","Structure of splenic vein","BIOLOGICAL_STRUCTURE","C0038001","1"
"C0038040","sports medicine specialty","AREA","C0038040","1"
"C0038172","Staphylococcus aureus","OTHER_ENTITY","C0038172","1"
"C0038257","Stent, device","OTHER_ENTITY","C0038257","3"
"C0038288","Sexual sterilization","NONBIOLOGICAL_LOCATION","C0038288","1"
"C0038293","Sternum","BIOLOGICAL_STRUCTURE","C0038293","4"
"C0038348","Compression Stockings","THERAPEUTIC_PROCEDURE","C0038348","2"
"C0038351","Stomach","BIOLOGICAL_STRUCTURE","C0038351","3"
"C0038352","Gastric Content","BIOLOGICAL_STRUCTURE","C0038352","1"
"C0038363","Aphthous Stomatitis","DISEASE_DISORDER","C0038363","1"
"C0038379","Strabismus","DISEASE_DISORDER","C0038379","1"
"C0038410","Streptococcus pneumoniae","OTHER_ENTITY","C0038410","2"
"C0038454","Cerebrovascular accident","DISEASE_DISORDER","C0038454","8"
"C0038530","Structure of subclavian artery","BIOLOGICAL_STRUCTURE","C0038530","1"
"C0038556","Submandibular gland","BIOLOGICAL_STRUCTURE","C0038556","5"
"C0038558","Submandibular Gland Neoplasms","BIOLOGICAL_STRUCTURE","C0038558","3"
"C0038638","Suction drainage","THERAPEUTIC_PROCEDURE","C0038638","9"
"C0038833","Superior Vena Cava Syndrome","DISEASE_DISORDER","C0038833","1"
"C0038894","Surgery specialty","THERAPEUTIC_PROCEDURE","C0038894","12"
"C0038896","Surgery Department, Hospital","NONBIOLOGICAL_LOCATION","C0038896","3"
"C0038908","Specialty of oral surgery","THERAPEUTIC_PROCEDURE","C0038908","1"
"C0038925","Surgical Flaps","BIOLOGICAL_STRUCTURE","C0038925","1"
"C0038951","Surveys","QUANTITATIVE_CONCEPT","C0038951","3"
"C0038969","Surgical sutures","OTHER_ENTITY","C0038969","1"
"C0039070","Syncope","SIGN_SYMPTOM","C0039070","5"
"C0039142","Syringes","OTHER_ENTITY","C0039142","2"
"C0039155","Systole","BIOLOGICAL_ATTRIBUTE","C0039155","6"
"C0039225","Tablet Dosage Form","ADMINISTRATION","C0039225","6"
"C0039239","Sinus Tachycardia","DISEASE_DISORDER","C0039239","1"
"C0039286","tamoxifen","MEDICATION","C0039286","2"
"C0039409","Tears body substance","DISEASE_DISORDER","C0039409","2"
"C0039536","Teratogens","DETAILED_DESCRIPTION","C0039536","1"
"C0039585","Androgen-Insensitivity Syndrome","DISEASE_DISORDER","C0039585","1"
"C0039685","Tetralogy of Fallot","THERAPEUTIC_PROCEDURE","C0039685","4"
"C0039798","therapeutic aspects","THERAPEUTIC_PROCEDURE","C0039798","87"
"C0039866","Thigh structure","BIOLOGICAL_STRUCTURE","C0039866","3"
"C0039985","Plain chest X-ray","DIAGNOSTIC_PROCEDURE","C0039985","10"
"C0039986","Thoracic Surgery Specialty","NONBIOLOGICAL_LOCATION","C0039986","4"
"C0039987","Bone structure of thoracic vertebra","BIOLOGICAL_STRUCTURE","C0039987","1"
"C0040034","Thrombocytopenia","DISEASE_DISORDER","C0040034","4"
"C0040053","Thrombosis","DISEASE_DISORDER","C0040053","7"
"C0040128","Thyroid Diseases","NONBIOLOGICAL_LOCATION","C0040128","1"
"C0040132","Thyroid Gland","BIOLOGICAL_STRUCTURE","C0040132","95"
"C0040135","Thyroid Hormones","DIAGNOSTIC_PROCEDURE","C0040135","1"
"C0040136","Thyroid Neoplasm","DISEASE_DISORDER","C0040136","1"
"C0040137","Thyroid Nodule","DISEASE_DISORDER","C0040137","2"
"C0040145","Thyroidectomy","THERAPEUTIC_PROCEDURE","C0040145","3"
"C0040160","thyrotropin","DIAGNOSTIC_PROCEDURE","C0040160","1"
"C0040184","Bone structure of tibia","BIOLOGICAL_STRUCTURE","C0040184","1"
"C0040278","Tissue Banks","NONBIOLOGICAL_LOCATION","C0040278","1"
"C0040300","Body tissue","BIOLOGICAL_STRUCTURE","C0040300","6"
"C0040357","Toes","BIOLOGICAL_STRUCTURE","C0040357","1"
"C0040405","X-Ray Computed Tomography","DIAGNOSTIC_PROCEDURE","C0040405","3"
"C0040408","Tongue","BIOLOGICAL_STRUCTURE","C0040408","6"
"C0040421","Palatine Tonsil","BIOLOGICAL_STRUCTURE","C0040421","12"
"C0040423","Tonsillectomy","THERAPEUTIC_PROCEDURE","C0040423","2"
"C0040429","Apex of tooth","BIOLOGICAL_STRUCTURE","C0040429","1"
"C0040519","Tourniquets","OTHER_ENTITY","C0040519","2"
"C0040541","Toxicology","NONBIOLOGICAL_LOCATION","C0040541","1"
"C0040590","Tracheostomy procedure","BIOLOGICAL_STRUCTURE","C0040590","2"
"C0040607","Training Programs","THERAPEUTIC_PROCEDURE","C0040607","1"
"C0040615","Antipsychotic Agents","MEDICATION","C0040615","2"
"C0040682","cell transformation","DISEASE_DISORDER","C0040682","1"
"C0040704","Transient Population Group","DURATION","C0040704","1"
"C0040771","Transurethral Resection of Prostate","THERAPEUTIC_PROCEDURE","C0040771","4"
"C0040808","Treatment Protocols","DETAILED_DESCRIPTION","C0040808","1"
"C0040822","Tremor","SIGN_SYMPTOM","C0040822","2"
"C0040961","Tricuspid Valve Insufficiency","SIGN_SYMPTOM","C0040961","7"
"C0041004","Triglycerides","BIOLOGICAL_ATTRIBUTE","C0041004","1"
"C0041159","Trochlear nerve structure","BIOLOGICAL_STRUCTURE","C0041159","2"
"C0041199","Troponin","SIGN_SYMPTOM","C0041199","2"
"C0041296","Tuberculosis","DIAGNOSTIC_PROCEDURE","C0041296","8"
"C0041341","Tuberous Sclerosis","DISEASE_DISORDER","C0041341","1"
"C0041364","Tumor Lysis Syndrome","DISEASE_DISORDER","C0041364","1"
"C0041365","Tumor Markers","DIAGNOSTIC_PROCEDURE","C0041365","2"
"C0041445","Tympanic membrane structure","BIOLOGICAL_STRUCTURE","C0041445","2"
"C0041582","Ulcer","SIGN_SYMPTOM","C0041582","5"
"C0041618","Ultrasonography","DIAGNOSTIC_PROCEDURE","C0041618","26"
"C0041654","Unconscious Personality Factor","SIGN_SYMPTOM","C0041654","3"
"C0041657","Unconscious State","SIGN_SYMPTOM","C0041657","5"
"C0041834","Erythema","SIGN_SYMPTOM","C0041834","2"
"C0041912","Upper Respiratory Infections","DISEASE_DISORDER","C0041912","1"
"C0042014","Urinalysis","DIAGNOSTIC_PROCEDURE","C0042014","2"
"C0042019","Urinary Catheterization","THERAPEUTIC_PROCEDURE","C0042019","3"
"C0042024","Urinary Incontinence","SIGN_SYMPTOM","C0042024","1"
"C0042029","Urinary tract infection","DISEASE_DISORDER","C0042029","1"
"C0042036","Urine","BIOLOGICAL_STRUCTURE","C0042036","5"
"C0042059","Urodynamics","NONBIOLOGICAL_LOCATION","C0042059","1"
"C0042196","Vaccination","THERAPEUTIC_PROCEDURE","C0042196","4"
"C0042200","Influenza vaccination","THERAPEUTIC_PROCEDURE","C0042200","2"
"C0042276","Vagus nerve structure","BIOLOGICAL_STRUCTURE","C0042276","3"
"C0042295","Values","LAB_VALUE","C0042295","1"
"C0042313","vancomycin","MEDICATION","C0042313","6"
"C0042373","Vascular Diseases","NONBIOLOGICAL_LOCATION","C0042373","1"
"C0042381","Vascular Surgical Procedures","NONBIOLOGICAL_LOCATION","C0042381","3"
"C0042382","Vascularization","SIGN_SYMPTOM","C0042382","2"
"C0042420","Vasovagal syncope","DISEASE_DISORDER","C0042420","3"
"C0042449","Veins","BIOLOGICAL_STRUCTURE","C0042449","4"
"C0042458","Inferior vena cava structure","BIOLOGICAL_STRUCTURE","C0042458","2"
"C0042491","Environmental air flow","THERAPEUTIC_PROCEDURE","C0042491","4"
"C0042509","Ventricular End-Diastolic Volume","BIOLOGICAL_ATTRIBUTE","C0042509","2"
"C0042510","Ventricular Fibrillation","DISEASE_DISORDER","C0042510","3"
"C0042514","Tachycardia, Ventricular","DISEASE_DISORDER","C0042514","2"
"C0042559","Structure of vertebral artery","BIOLOGICAL_STRUCTURE","C0042559","1"
"C0042682","vindesine","DISEASE_DISORDER","C0042682","1"
"C0042779","Viscera","BIOLOGICAL_STRUCTURE","C0042779","2"
"C0042789","Vision","CLINICAL_EVENT","C0042789","1"
"C0042845","vitamin B12","MEDICATION","C0042845","4"
"C0042890","Vitamins","MEDICATION","C0042890","1"
"C0042930","Vocal cord structure","BIOLOGICAL_STRUCTURE","C0042930","1"
"C0042963","Vomiting","SIGN_SYMPTOM","C0042963","2"
"C0043047","water","MEDICATION","C0043047","1"
"C0043094","Weight Gain","SIGN_SYMPTOM","C0043094","2"
"C0043144","Wheezing","SIGN_SYMPTOM","C0043144","1"
"C0043242","Superficial abrasion","DISEASE_DISORDER","C0043242","1"
"C0043250","Injury wounds","DISEASE_DISORDER","C0043250","7"
"C0043251","Wounds and Injuries","DISEASE_DISORDER","C0043251","3"
"C0043266","Writing (occupation or discipline)","SIGN_SYMPTOM","C0043266","1"
"C0043299","Diagnostic radiologic examination","DIAGNOSTIC_PROCEDURE","C0043299","1"
"C0046056","fluorodeoxyglucose F18","MEDICATION","C0046056","2"
"C0054836","carvedilol","MEDICATION","C0054836","2"
"C0054966","CD59 Antigen","THERAPEUTIC_PROCEDURE","C0054966","1"
"C0055144","CETAPHIL","MEDICATION","C0055144","1"
"C0055633","Chromogranin A","DIAGNOSTIC_PROCEDURE","C0055633","2"
"C0056562","crystalloid solutions","BIOLOGICAL_STRUCTURE","C0056562","1"
"C0058928","ECHO protocol","DIAGNOSTIC_PROCEDURE","C0058928","10"
"C0060627","FOM protocol","BIOLOGICAL_STRUCTURE","C0060627","1"
"C0061355","Glucagon-Like Peptide 1","MEDICATION","C0061355","1"
"C0063083","Hydrogel","MEDICATION","C0063083","1"
"C0072027","procalcitonin","LAB_VALUE","C0072027","3"
"C0072523","TFF1 protein, human","SIGN_SYMPTOM","C0072523","1"
"C0074830","Somatostatin Receptor","BIOLOGICAL_STRUCTURE","C0074830","2"
"C0075870","tazobactam","MEDICATION","C0075870","1"
"C0076840","torsemide","MEDICATION","C0076840","3"
"C0078414","cisplatin/etoposide protocol","MEDICATION","C0078414","1"
"C0079083","carboplatin","MEDICATION","C0079083","1"
"C0079459","Granulocyte Colony-Stimulating Factor","MEDICATION","C0079459","1"
"C0079611","Immunophenotyping","BIOLOGICAL_ATTRIBUTE","C0079611","3"
"C0079744","Diffuse Large B-Cell Lymphoma","DISEASE_DISORDER","C0079744","1"
"C0079946","National origin","AREA","C0079946","1"
"C0080078","Range of Motion, Articular","BIOLOGICAL_ATTRIBUTE","C0080078","1"
"C0080264","Ultrasonography, Mammary","DIAGNOSTIC_PROCEDURE","C0080264","6"
"C0080274","Urinary Retention","SIGN_SYMPTOM","C0080274","3"
"C0080306","Vena Cava Filters","THERAPEUTIC_PROCEDURE","C0080306","1"
"C0080331","Walking (activity)","ACTIVITY","C0080331","4"
"C0085089","Morphologic artifacts","OTHER_ENTITY","C0085089","9"
"C0085134","Cessation of smoking","THERAPEUTIC_PROCEDURE","C0085134","1"
"C0085220","Cerebral Amyloid Angiopathy","DISEASE_DISORDER","C0085220","2"
"C0085255","Synaptophysin","DIAGNOSTIC_PROCEDURE","C0085255","2"
"C0085268","Bone remodeling","SIGN_SYMPTOM","C0085268","5"
"C0085270","Orbital Pseudotumor","DISEASE_DISORDER","C0085270","1"
"C0085281","Addictive Behavior","DISEASE_DISORDER","C0085281","3"
"C0085405","Salvage Therapy","THERAPEUTIC_PROCEDURE","C0085405","1"
"C0085427","Tibial Arteries","BIOLOGICAL_STRUCTURE","C0085427","2"
"C0085484","Enterobacter cloacae","OTHER_ENTITY","C0085484","1"
"C0085495","Enterococcus faecium","OTHER_ENTITY","C0085495","1"
"C0085515","Rotator Cuff","BIOLOGICAL_STRUCTURE","C0085515","1"
"C0085532","Coronary angiography","DIAGNOSTIC_PROCEDURE","C0085532","8"
"C0085533","Chemotherapy, Adjuvant","THERAPEUTIC_PROCEDURE","C0085533","1"
"C0085555","Hospice Care","THERAPEUTIC_PROCEDURE","C0085555","3"
"C0085559","intensive care","DETAILED_DESCRIPTION","C0085559","1"
"C0085577","Normocytic anemia","DISEASE_DISORDER","C0085577","2"
"C0085593","Chills","SIGN_SYMPTOM","C0085593","1"
"C0085605","Liver Failure","DISEASE_DISORDER","C0085605","1"
"C0085612","Ventricular arrhythmia","DISEASE_DISORDER","C0085612","1"
"C0085614","First degree atrioventricular block","DISEASE_DISORDER","C0085614","1"
"C0085615","Right bundle branch block","DISEASE_DISORDER","C0085615","1"
"C0085623","Akinesia","SIGN_SYMPTOM","C0085623","1"
"C0085631","Agitation","SIGN_SYMPTOM","C0085631","2"
"C0085639","Falls","QUALITATIVE_CONCEPT","C0085639","2"
"C0085649","Peripheral edema","SIGN_SYMPTOM","C0085649","3"
"C0085671","Dressing change","THERAPEUTIC_PROCEDURE","C0085671","5"
"C0085678","Nasogastric tube","ADMINISTRATION","C0085678","5"
"C0085806","Andrology","NONBIOLOGICAL_LOCATION","C0085806","1"
"C0085846","Fine-needle biopsy","DIAGNOSTIC_PROCEDURE","C0085846","13"
"C0086143","Diagnostic tests","NONBIOLOGICAL_LOCATION","C0086143","2"
"C0086225","Enteral Feeding","THERAPEUTIC_PROCEDURE","C0086225","1"
"C0086437","Joint laxity","SIGN_SYMPTOM","C0086437","1"
"C0087086","Thrombus","DISEASE_DISORDER","C0087086","6"
"C0087111","Therapeutic procedure","DOSAGE","C0087111","2"
"C0087113","Treatment Effectiveness","OUTCOME","C0087113","1"
"C0087130","Uncertainty","LAB_VALUE","C0087130","1"
"C0087153","Ventilator - respiratory equipment","OTHER_ENTITY","C0087153","2"
"C0122734","Bandages, Hydrocolloid","MEDICATION","C0122734","1"
"C0132897","Novoscabin","MEDICATION","C0132897","2"
"C0138741","Prostate-Specific Antigen","DIAGNOSTIC_PROCEDURE","C0138741","2"
"C0140145","APEX1 protein, human","BIOLOGICAL_STRUCTURE","C0140145","8"
"C0144576","paclitaxel","MEDICATION","C0144576","1"
"C0149512","Acute sinusitis","DISEASE_DISORDER","C0149512","1"
"C0149543","Base of skull structure","BIOLOGICAL_STRUCTURE","C0149543","2"
"C0149556","Fourth ventricle structure","BIOLOGICAL_STRUCTURE","C0149556","1"
"C0149601","Structure of conus medullaris","BIOLOGICAL_STRUCTURE","C0149601","1"
"C0149630","Bicuspid aortic valve","DISEASE_DISORDER","C0149630","2"
"C0149783","Steroid therapy","THERAPEUTIC_PROCEDURE","C0149783","1"
"C0149871","Deep Vein Thrombosis","DISEASE_DISORDER","C0149871","1"
"C0149925","Small cell carcinoma of lung","DISEASE_DISORDER","C0149925","2"
"C0150312","Present","LAB_VALUE","C0150312","5"
"C0150369","Preventive monitoring","DIAGNOSTIC_PROCEDURE","C0150369","2"
"C0150694","Artificial Airways, Oropharyngeal","THERAPEUTIC_PROCEDURE","C0150694","2"
"C0151514","Atrophic condition of skin","SIGN_SYMPTOM","C0151514","4"
"C0151636","Premature ventricular contractions","SIGN_SYMPTOM","C0151636","3"
"C0151664","Gastrointestinal perforation","DISEASE_DISORDER","C0151664","1"
"C0151740","Intracranial Hypertension","SIGN_SYMPTOM","C0151740","1"
"C0151746","Abnormal renal function","SIGN_SYMPTOM","C0151746","1"
"C0151825","Bone pain","SIGN_SYMPTOM","C0151825","3"
"C0151878","Prolonged QT interval","BIOLOGICAL_ATTRIBUTE","C0151878","5"
"C0151936","Disorder of tendon","DISEASE_DISORDER","C0151936","1"
"C0152013","Adenocarcinoma of lung (disorder)","DISEASE_DISORDER","C0152013","1"
"C0152254","Fatty degeneration","SIGN_SYMPTOM","C0152254","1"
"C0152279","Lateral ventricle structure","BIOLOGICAL_STRUCTURE","C0152279","1"
"C0152287","Lateral aperture of fourth ventricle","BIOLOGICAL_STRUCTURE","C0152287","1"
"C0152424","Common ventricle","DISEASE_DISORDER","C0152424","2"
"C0152452","Fibrosis of pericardium","DISEASE_DISORDER","C0152452","1"
"C0153436","Malignant neoplasm of sigmoid colon","DISEASE_DISORDER","C0153436","2"
"C0153687","Secondary malignant neoplasm of skin","DISEASE_DISORDER","C0153687","1"
"C0153690","Secondary malignant neoplasm of bone","DISEASE_DISORDER","C0153690","1"
"C0158981","Neonatal diabetes mellitus","BIOLOGICAL_ATTRIBUTE","C0158981","1"
"C0162326","DNA Sequence","DIAGNOSTIC_PROCEDURE","C0162326","2"
"C0162340","Comprehension","SIGN_SYMPTOM","C0162340","1"
"C0162429","Malnutrition","DISEASE_DISORDER","C0162429","2"
"C0162481","Doppler Ultrasound (procedure)","DIAGNOSTIC_PROCEDURE","C0162481","4"
"C0162521","Exercise Tolerance","BIOLOGICAL_ATTRIBUTE","C0162521","1"
"C0162534","Prion Diseases","DIAGNOSTIC_PROCEDURE","C0162534","1"
"C0162577","Angioplasty","THERAPEUTIC_PROCEDURE","C0162577","1"
"C0162701","Polysomnography","DIAGNOSTIC_PROCEDURE","C0162701","7"
"C0162871","Aortic Aneurysm, Abdominal","DISEASE_DISORDER","C0162871","1"
"C0168634","BaseLine dental cement","QUALITATIVE_CONCEPT","C0168634","1"
"C0175566","Open","QUALITATIVE_CONCEPT","C0175566","1"
"C0175649","Prosthesis","OTHER_ENTITY","C0175649","1"
"C0175723","Bands","SHAPE","C0175723","2"
"C0175730","biomedical tube device","OTHER_ENTITY","C0175730","1"
"C0175735","Scissors (device)","OTHER_ENTITY","C0175735","1"
"C0175895","Calcified (qualifier)","SIGN_SYMPTOM","C0175895","1"
"C0178499","Base","BIOLOGICAL_STRUCTURE","C0178499","3"
"C0178587","density","SIGN_SYMPTOM","C0178587","1"
"C0178602","Dosage","DOSAGE","C0178602","1"
"C0178733","Loudness","QUALITATIVE_CONCEPT","C0178733","2"
"C0178784","Organ","BIOLOGICAL_STRUCTURE","C0178784","1"
"C0178802","Pleural cavity","BIOLOGICAL_STRUCTURE","C0178802","2"
"C0178913","Blood specimen","DIAGNOSTIC_PROCEDURE","C0178913","1"
"C0178987","Artificial Airways","BIOLOGICAL_STRUCTURE","C0178987","5"
"C0179031","Ampule","DOSAGE","C0179031","1"
"C0179196","Bag, device","OTHER_ENTITY","C0179196","5"
"C0179740","Peripherally inserted central catheter (physical object)","THERAPEUTIC_PROCEDURE","C0179740","2"
"C0179802","Urinary catheter","OTHER_ENTITY","C0179802","2"
"C0180053","Compresses (device)","THERAPEUTIC_PROCEDURE","C0180053","6"
"C0180208","Blood pressure cuff","OTHER_ENTITY","C0180208","1"
"C0180407","Dialysis units (machines)","NONBIOLOGICAL_LOCATION","C0180407","3"
"C0180453","Laryngoscopes","OTHER_ENTITY","C0180453","3"
"C0180499","Drain device","THERAPEUTIC_PROCEDURE","C0180499","2"
"C0180823","Orthodontic Face Mask","OTHER_ENTITY","C0180823","1"
"C0180860","Filters","OTHER_ENTITY","C0180860","1"
"C0181162","Cushions, Heel Stirrup","OTHER_ENTITY","C0181162","1"
"C0181278","Halo brace","SIGN_SYMPTOM","C0181278","3"
"C0181586","Leads (device)","OTHER_ENTITY","C0181586","1"
"C0181763","Massage Machines, Physical Therapy","THERAPEUTIC_PROCEDURE","C0181763","1"
"C0181904","Monitor Device","THERAPEUTIC_PROCEDURE","C0181904","3"
"C0182109","Pulse oximeter","OTHER_ENTITY","C0182109","1"
"C0182123","Oxygen concentrator (device)","THERAPEUTIC_PROCEDURE","C0182123","1"
"C0182158","Pads","OTHER_ENTITY","C0182158","1"
"C0182291","Pillow","OTHER_ENTITY","C0182291","1"
"C0182349","Positron emission tomography unit","NONBIOLOGICAL_LOCATION","C0182349","1"
"C0182370","Esophageal manometer","OTHER_ENTITY","C0182370","2"
"C0182537","pump (device)","OTHER_ENTITY","C0182537","2"
"C0183115","Scanning Systems","OTHER_ENTITY","C0183115","3"
"C0183129","Echocardiographs","DIAGNOSTIC_PROCEDURE","C0183129","2"
"C0183512","Biliary Stent Devices","THERAPEUTIC_PROCEDURE","C0183512","1"
"C0183663","Stylet, device","OTHER_ENTITY","C0183663","1"
"C0183753","Swab specimen","DIAGNOSTIC_PROCEDURE","C0183753","1"
"C0183828","Biomedical tape","OTHER_ENTITY","C0183828","1"
"C0184159","Tracheostomy tube","OTHER_ENTITY","C0184159","1"
"C0184228","Analyzers, Laboratory, Urine, Automated","DIAGNOSTIC_PROCEDURE","C0184228","1"
"C0184252","Medical Valves","BIOLOGICAL_STRUCTURE","C0184252","13"
"C0184348","Warmer, device","SIGN_SYMPTOM","C0184348","1"
"C0184511","Improved","OUTCOME","C0184511","1"
"C0184633","Oxygen Therapy Care","THERAPEUTIC_PROCEDURE","C0184633","7"
"C0184645","Mental health promotion","NONBIOLOGICAL_LOCATION","C0184645","1"
"C0184661","Interventional procedure","THERAPEUTIC_PROCEDURE","C0184661","18"
"C0184666","Hospital admission","CLINICAL_EVENT","C0184666","51"
"C0184908","Partial excision","THERAPEUTIC_PROCEDURE","C0184908","1"
"C0184909","Wedge resection - action","THERAPEUTIC_PROCEDURE","C0184909","1"
"C0184922","Incisional biopsy - action","DIAGNOSTIC_PROCEDURE","C0184922","1"
"C0184936","Removal of sutures","THERAPEUTIC_PROCEDURE","C0184936","1"
"C0185003","Reparative closure","THERAPEUTIC_PROCEDURE","C0185003","3"
"C0185317","Arthroplasty, Replacement","THERAPEUTIC_PROCEDURE","C0185317","1"
"C0189476","Insertion of pleural tube drain","THERAPEUTIC_PROCEDURE","C0189476","1"
"C0189477","Thoracentesis","THERAPEUTIC_PROCEDURE","C0189477","3"
"C0189557","Pleurodesis","THERAPEUTIC_PROCEDURE","C0189557","1"
"C0189967","Closure of patent foramen ovale","THERAPEUTIC_PROCEDURE","C0189967","5"
"C0191234","Pericardiocentesis","THERAPEUTIC_PROCEDURE","C0191234","1"
"C0191237","Drainage of pericardium","THERAPEUTIC_PROCEDURE","C0191237","1"
"C0192153","Partial glossectomy (procedure)","THERAPEUTIC_PROCEDURE","C0192153","2"
"C0192220","Partial pharyngectomy","THERAPEUTIC_PROCEDURE","C0192220","2"
"C0192861","Right colectomy","THERAPEUTIC_PROCEDURE","C0192861","1"
"C0193062","Rectum excision (procedure)","THERAPEUTIC_PROCEDURE","C0193062","3"
"C0193317","Parotidectomy","THERAPEUTIC_PROCEDURE","C0193317","8"
"C0193318","Complete parotidectomy","THERAPEUTIC_PROCEDURE","C0193318","2"
"C0193790","Subtotal thyroidectomy","THERAPEUTIC_PROCEDURE","C0193790","2"
"C0193864","Modified radical neck dissection (procedure)","THERAPEUTIC_PROCEDURE","C0193864","2"
"C0194086","Partial nephrectomy","THERAPEUTIC_PROCEDURE","C0194086","1"
"C0199176","Prophylactic treatment","THERAPEUTIC_PROCEDURE","C0199176","3"
"C0199236","Family Study","CLINICAL_EVENT","C0199236","2"
"C0199242","Administration of prophylactic anticoagulant","THERAPEUTIC_PROCEDURE","C0199242","2"
"C0199470","Mechanical ventilation","THERAPEUTIC_PROCEDURE","C0199470","2"
"C0199529","Pulmonary rehabilitation (procedure)","THERAPEUTIC_PROCEDURE","C0199529","2"
"C0199900","Rectal examination","DIAGNOSTIC_PROCEDURE","C0199900","4"
"C0199962","Transfusion of packed red blood cells","THERAPEUTIC_PROCEDURE","C0199962","1"
"C0200345","Specimen Collection","NONBIOLOGICAL_LOCATION","C0200345","1"
"C0200949","Blood culture","DIAGNOSTIC_PROCEDURE","C0200949","2"
"C0201544","Prostate specific antigen measurement","DIAGNOSTIC_PROCEDURE","C0201544","1"
"C0201719","Protein electrophoresis","DIAGNOSTIC_PROCEDURE","C0201719","4"
"C0202024","Free thyroxine index test","DIAGNOSTIC_PROCEDURE","C0202024","1"
"C0202657","CT follow-up","DIAGNOSTIC_PROCEDURE","C0202657","4"
"C0202823","Chest CT","DIAGNOSTIC_PROCEDURE","C0202823","1"
"C0202840","CT of abdomen with contrast","DIAGNOSTIC_PROCEDURE","C0202840","2"
"C0203028","Screening mammography","DIAGNOSTIC_PROCEDURE","C0203028","1"
"C0203668","Radioisotope scan of bone","DIAGNOSTIC_PROCEDURE","C0203668","2"
"C0204096","Neurological Rehabilitation","NONBIOLOGICAL_LOCATION","C0204096","2"
"C0204512","Psychiatric Rehabilitation","THERAPEUTIC_PROCEDURE","C0204512","2"
"C0204695","Feeding patient","THERAPEUTIC_PROCEDURE","C0204695","3"
"C0204727","Isolation procedure","THERAPEUTIC_PROCEDURE","C0204727","3"
"C0204819","Intubation, Nasogastric","THERAPEUTIC_PROCEDURE","C0204819","2"
"C0204977","Home care of patient","THERAPEUTIC_PROCEDURE","C0204977","2"
"C0205042","Coronary artery","BIOLOGICAL_STRUCTURE","C0205042","5"
"C0205052","rectal","BIOLOGICAL_STRUCTURE","C0205052","4"
"C0205081","Moderate (severity modifier)","SEVERITY","C0205081","24"
"C0205082","Severe (severity modifier)","SEVERITY","C0205082","15"
"C0205090","Right","BIOLOGICAL_STRUCTURE","C0205090","77"
"C0205091","Left","BIOLOGICAL_STRUCTURE","C0205091","68"
"C0205093","Lateral","AREA","C0205093","3"
"C0205094","Anterior","BIOLOGICAL_ATTRIBUTE","C0205094","4"
"C0205095","Dorsal","AREA","C0205095","9"
"C0205099","Central","AREA","C0205099","12"
"C0205100","Peripheral","QUALITATIVE_CONCEPT","C0205100","8"
"C0205101","Extrinsic","NONBIOLOGICAL_LOCATION","C0205101","3"
"C0205102","Internal","SIGN_SYMPTOM","C0205102","1"
"C0205103","Intermediate","SEVERITY","C0205103","2"
"C0205106","Transverse - anatomical location","AREA","C0205106","3"
"C0205107","Proximal","AREA","C0205107","4"
"C0205108","Distal (qualifier value)","BIOLOGICAL_STRUCTURE","C0205108","2"
"C0205117","Adjacent","AREA","C0205117","4"
"C0205122","Segmental","BIOLOGICAL_STRUCTURE","C0205122","1"
"C0205124","Superficial","QUALITATIVE_CONCEPT","C0205124","3"
"C0205125","Deep (qualifier value)","QUANTITATIVE_CONCEPT","C0205125","3"
"C0205130","Arcuate shape","SHAPE","C0205130","1"
"C0205132","Linear","OTHER_ENTITY","C0205132","3"
"C0205145","Site","COREFERENCE","C0205145","3"
"C0205146","Area","SIGN_SYMPTOM","C0205146","3"
"C0205148","Surface","BIOLOGICAL_STRUCTURE","C0205148","2"
"C0205154","Along edge (qualifier value)","BIOLOGICAL_STRUCTURE","C0205154","2"
"C0205156","Previous","TIME","C0205156","21"
"C0205160","Negative","LAB_VALUE","C0205160","7"
"C0205161","Abnormal","QUALITATIVE_CONCEPT","C0205161","2"
"C0205163","Equal","QUALITATIVE_CONCEPT","C0205163","2"
"C0205170","Good","QUALITATIVE_CONCEPT","C0205170","17"
"C0205178","acute","SEVERITY","C0205178","2"
"C0205179","Advanced phase","SEVERITY","C0205179","3"
"C0205183","Benign","QUALITATIVE_CONCEPT","C0205183","3"
"C0205191","chronic","SEVERITY","C0205191","4"
"C0205197","Complete","QUANTITATIVE_CONCEPT","C0205197","3"
"C0205200","Confluent","DETAILED_DESCRIPTION","C0205200","1"
"C0205204","Scab","SIGN_SYMPTOM","C0205204","1"
"C0205208","Solid","TEXTURE","C0205208","13"
"C0205216","Decreased","OUTCOME","C0205216","3"
"C0205217","Increased","QUALITATIVE_CONCEPT","C0205217","5"
"C0205219","Diffuse","QUALITATIVE_CONCEPT","C0205219","4"
"C0205221","Disseminated","SEVERITY","C0205221","14"
"C0205225","Primary","DISEASE_DISORDER","C0205225","2"
"C0205231","Extensive","SEVERITY","C0205231","9"
"C0205233","Firm","TEXTURE","C0205233","4"
"C0205234","Focal","SIGN_SYMPTOM","C0205234","34"
"C0205246","Generalized","DETAILED_DESCRIPTION","C0205246","5"
"C0205250","High","AREA","C0205250","7"
"C0205251","low","LAB_VALUE","C0205251","8"
"C0205254","Sedentary","QUALITATIVE_CONCEPT","C0205254","1"
"C0205271","Irregular","TEXTURE","C0205271","4"
"C0205272","Regular","QUALITATIVE_CONCEPT","C0205272","21"
"C0205276","Local","ADMINISTRATION","C0205276","2"
"C0205281","Invasive","BIOLOGICAL_STRUCTURE","C0205281","1"
"C0205284","Marginal","BIOLOGICAL_STRUCTURE","C0205284","5"
"C0205288","Microscopic (qualifier value)","DIAGNOSTIC_PROCEDURE","C0205288","1"
"C0205292","Multifocal","DETAILED_DESCRIPTION","C0205292","1"
"C0205307","Normal","QUALITATIVE_CONCEPT","C0205307","108"
"C0205314","New","QUALITATIVE_CONCEPT","C0205314","2"
"C0205321","Penetration","DISEASE_DISORDER","C0205321","1"
"C0205322","Persistent","CLINICAL_EVENT","C0205322","1"
"C0205324","Flat shape","SHAPE","C0205324","1"
"C0205329","Progressive","DETAILED_DESCRIPTION","C0205329","2"
"C0205330","Punctate","SHAPE","C0205330","1"
"C0205332","Reactive","BIOLOGICAL_ATTRIBUTE","C0205332","12"
"C0205357","Smooth","TEXTURE","C0205357","14"
"C0205358","Soft","SIGN_SYMPTOM","C0205358","6"
"C0205360","Stable status","QUALITATIVE_CONCEPT","C0205360","24"
"C0205370","Unspecified","QUALITATIVE_CONCEPT","C0205370","8"
"C0205374","Transitory","DURATION","C0205374","1"
"C0205379","Visible","SIGN_SYMPTOM","C0205379","1"
"C0205392","Some (qualifier value)","QUANTITATIVE_CONCEPT","C0205392","1"
"C0205394","Other","THERAPEUTIC_PROCEDURE","C0205394","1"
"C0205397","seen","CLINICAL_EVENT","C0205397","1"
"C0205400","Thickened","SIGN_SYMPTOM","C0205400","7"
"C0205402","Prominent","SEVERITY","C0205402","4"
"C0205403","Extreme","SEVERITY","C0205403","1"
"C0205409","Isolated","QUALITATIVE_CONCEPT","C0205409","2"
"C0205410","Sufficient","QUALITATIVE_CONCEPT","C0205410","4"
"C0205420","Concurrent","DETAILED_DESCRIPTION","C0205420","2"
"C0205435","First (number)","QUANTITATIVE_CONCEPT","C0205435","1"
"C0205436","second (number)","QUANTITATIVE_CONCEPT","C0205436","3"
"C0205437","Third","BIOLOGICAL_STRUCTURE","C0205437","2"
"C0205447","One","DOSAGE","C0205447","7"
"C0205448","Two","QUANTITATIVE_CONCEPT","C0205448","27"
"C0205449","Three","QUANTITATIVE_CONCEPT","C0205449","8"
"C0205450","Four","QUANTITATIVE_CONCEPT","C0205450","3"
"C0205452","Six","QUANTITATIVE_CONCEPT","C0205452","1"
"C0205453","Seven","LAB_VALUE","C0205453","1"
"C0205454","Eight","LAB_VALUE","C0205454","3"
"C0205455","Nine","LAB_VALUE","C0205455","3"
"C0205456","Ten","DISTANCE","C0205456","8"
"C0205458","Twelve","DOSAGE","C0205458","2"
"C0205460","biological","DIAGNOSTIC_PROCEDURE","C0205460","2"
"C0205463","Physiological","BIOLOGICAL_ATTRIBUTE","C0205463","5"
"C0205470","immunologic","DIAGNOSTIC_PROCEDURE","C0205470","1"
"C0205474","Biochemical","DIAGNOSTIC_PROCEDURE","C0205474","1"
"C0205480","Gynecologic","CLINICAL_EVENT","C0205480","3"
"C0205489","Dermatologic","DIAGNOSTIC_PROCEDURE","C0205489","2"
"C0205543","Referring","CLINICAL_EVENT","C0205543","99"
"C0205615","Well Differentiated","SEVERITY","C0205615","5"
"C0205616","Moderately differentiated (qualifier value)","SEVERITY","C0205616","10"
"C0205617","Poorly differentiated","SEVERITY","C0205617","6"
"C0205645","Adenocarcinoma, Tubular","DISEASE_DISORDER","C0205645","2"
"C0205646","Adenoma, Basal Cell","DISEASE_DISORDER","C0205646","1"
"C0205649","Adenoma, Monomorphic","QUALITATIVE_CONCEPT","C0205649","2"
"C0205698","Undifferentiated carcinoma","DISEASE_DISORDER","C0205698","2"
"C0206054","Echocardiography, Transesophageal","DIAGNOSTIC_PROCEDURE","C0206054","1"
"C0206077","Ultrasonography, Doppler, Transcranial","DIAGNOSTIC_PROCEDURE","C0206077","1"
"C0206081","Hyperandrogenism","DISEASE_DISORDER","C0206081","1"
"C0206136","Sodium Chloride, Dietary","MEDICATION","C0206136","2"
"C0206172","Diabetic Foot","NONBIOLOGICAL_LOCATION","C0206172","4"
"C0206630","Endometrial Stromal Sarcoma","THERAPEUTIC_PROCEDURE","C0206630","1"
"C0206671","Eccrine acrospiroma","TEXTURE","C0206671","3"
"C0206685","Acinar Cell Carcinoma","DISEASE_DISORDER","C0206685","4"
"C0206713","Papilloma, Intraductal","DISEASE_DISORDER","C0206713","1"
"C0206754","Neuroendocrine Tumors","DISEASE_DISORDER","C0206754","2"
"C0220633","Uveal melanoma","DISEASE_DISORDER","C0220633","1"
"C0220647","Carcinoma of unknown primary","DISEASE_DISORDER","C0220647","1"
"C0220650","Metastatic malignant neoplasm to brain","DISEASE_DISORDER","C0220650","1"
"C0220825","Evaluation","DIAGNOSTIC_PROCEDURE","C0220825","35"
"C0220896","Polish population","DETAILED_DESCRIPTION","C0220896","1"
"C0221099","Impaired","SIGN_SYMPTOM","C0221099","1"
"C0221198","Lesion","DISEASE_DISORDER","C0221198","207"
"C0221204","Lytic lesion","DISEASE_DISORDER","C0221204","2"
"C0221269","Pseudolymphoma","DISEASE_DISORDER","C0221269","1"
"C0221423","Illness (finding)","NONBIOLOGICAL_LOCATION","C0221423","2"
"C0222007","Structure of nail of toe","BIOLOGICAL_STRUCTURE","C0222007","1"
"C0222149","Skin of chest","DIAGNOSTIC_PROCEDURE","C0222149","2"
"C0222596","Upper inner quadrant of breast","BIOLOGICAL_STRUCTURE","C0222596","1"
"C0222597","Lower inner quadrant of breast","BIOLOGICAL_STRUCTURE","C0222597","1"
"C0222600","Right breast","BIOLOGICAL_STRUCTURE","C0222600","3"
"C0222601","Left breast","BIOLOGICAL_STRUCTURE","C0222601","4"
"C0222662","Medullary cavity of bone","BIOLOGICAL_STRUCTURE","C0222662","1"
"C0222686","Structure of superior orbital fissure","BIOLOGICAL_STRUCTURE","C0222686","1"
"C0222687","Structure of foramen rotundum","BIOLOGICAL_STRUCTURE","C0222687","5"
"C0222712","Jugular foramen","BIOLOGICAL_STRUCTURE","C0222712","1"
"C0222715","Structure of stylomastoid foramen","BIOLOGICAL_STRUCTURE","C0222715","1"
"C0222724","Clivus","BIOLOGICAL_STRUCTURE","C0222724","2"
"C0223076","Structure of arch of vertebra","BIOLOGICAL_STRUCTURE","C0223076","1"
"C0223084","Body of vertebra","BIOLOGICAL_STRUCTURE","C0223084","19"
"C0223085","Structure of intervertebral foramen","BIOLOGICAL_STRUCTURE","C0223085","5"
"C0223088","Structure of intervertebral space","BIOLOGICAL_STRUCTURE","C0223088","2"
"C0223170","Body of sixth cervical vertebra","BIOLOGICAL_STRUCTURE","C0223170","1"
"C0223646","Structure of posterior superior iliac spine","BIOLOGICAL_STRUCTURE","C0223646","1"
"C0223656","Ischial tuberosity structure","BIOLOGICAL_STRUCTURE","C0223656","1"
"C0224134","Levator palpebrae superioris structure","BIOLOGICAL_STRUCTURE","C0224134","1"
"C0224153","Structure of sternocleidomastoid muscle","BIOLOGICAL_STRUCTURE","C0224153","1"
"C0224361","Structure of trapezius muscle","BIOLOGICAL_STRUCTURE","C0224361","3"
"C0224384","Structure of levator ani muscle","BIOLOGICAL_STRUCTURE","C0224384","1"
"C0224456","Skeletal muscle structure of lower leg","BIOLOGICAL_STRUCTURE","C0224456","1"
"C0224497","Articular space","BIOLOGICAL_STRUCTURE","C0224497","1"
"C0224792","Structure of subacromial bursa","BIOLOGICAL_STRUCTURE","C0224792","1"
"C0224795","Structure of bursa of coracobrachialis muscle","BIOLOGICAL_STRUCTURE","C0224795","1"
"C0224868","Tendon of supraspinatus muscle","BIOLOGICAL_STRUCTURE","C0224868","2"
"C0225317","soft tissue","BIOLOGICAL_STRUCTURE","C0225317","1"
"C0225331","Fibrous tissue","BIOLOGICAL_STRUCTURE","C0225331","2"
"C0225358","Bladder Detrusor Muscle","BIOLOGICAL_STRUCTURE","C0225358","2"
"C0225377","Structure of upper respiratory tract cavity","BIOLOGICAL_STRUCTURE","C0225377","1"
"C0225386","Breath","THERAPEUTIC_PROCEDURE","C0225386","8"
"C0225434","Inferior nasal concha","BIOLOGICAL_STRUCTURE","C0225434","2"
"C0225452","Right maxillary sinus structure","BIOLOGICAL_STRUCTURE","C0225452","6"
"C0225453","Left maxillary sinus structure","BIOLOGICAL_STRUCTURE","C0225453","4"
"C0225460","Right frontal sinus structure","BIOLOGICAL_STRUCTURE","C0225460","1"
"C0225492","Superior wall of nasopharynx","BIOLOGICAL_STRUCTURE","C0225492","1"
"C0225703","Structure of apex of lung","BIOLOGICAL_STRUCTURE","C0225703","1"
"C0225704","Basal segment of lung","BIOLOGICAL_STRUCTURE","C0225704","1"
"C0225705","Bronchopulmonary segment","BIOLOGICAL_STRUCTURE","C0225705","6"
"C0225706","Right lung","BIOLOGICAL_STRUCTURE","C0225706","8"
"C0225709","Right pulmonary hilum","BIOLOGICAL_STRUCTURE","C0225709","1"
"C0225730","Left lung","BIOLOGICAL_STRUCTURE","C0225730","4"
"C0225732","Structure of base of left lung","BIOLOGICAL_STRUCTURE","C0225732","1"
"C0225756","Structure of upper lobe of lung","AREA","C0225756","1"
"C0225759","Lung field","BIOLOGICAL_STRUCTURE","C0225759","2"
"C0225778","Pleural fluid","SIGN_SYMPTOM","C0225778","2"
"C0225779","Right pleura","BIOLOGICAL_STRUCTURE","C0225779","2"
"C0225782","Structure of right pleural cavity","BIOLOGICAL_STRUCTURE","C0225782","5"
"C0225784","Left pleura","BIOLOGICAL_STRUCTURE","C0225784","2"
"C0225836","Interatrial septum","BIOLOGICAL_STRUCTURE","C0225836","9"
"C0225844","Right atrial structure","BIOLOGICAL_STRUCTURE","C0225844","6"
"C0225857","Structure of intercaval sinus","BIOLOGICAL_STRUCTURE","C0225857","1"
"C0225860","Left atrial structure","BIOLOGICAL_STRUCTURE","C0225860","4"
"C0225870","Ventricular septum","BIOLOGICAL_STRUCTURE","C0225870","5"
"C0225872","Structure of membranous portion of interventricular septum","BIOLOGICAL_STRUCTURE","C0225872","1"
"C0225881","Structure of muscular portion of interventricular septum","DISEASE_DISORDER","C0225881","1"
"C0225883","Right ventricular structure","BIOLOGICAL_STRUCTURE","C0225883","13"
"C0225892","Structure of outflow tract of right ventricle","BIOLOGICAL_STRUCTURE","C0225892","1"
"C0225897","Left ventricular structure","BIOLOGICAL_STRUCTURE","C0225897","5"
"C0225899","Myocardium of left ventricle","BIOLOGICAL_STRUCTURE","C0225899","4"
"C0225924","Atrioventricular valve","BIOLOGICAL_STRUCTURE","C0225924","5"
"C0225947","Structure of anulus fibrosus of mitral orifice","BIOLOGICAL_STRUCTURE","C0225947","1"
"C0225949","Leaflet of mitral valve","BIOLOGICAL_STRUCTURE","C0225949","3"
"C0225950","Structure of anterior leaflet of mitral valve","DISEASE_DISORDER","C0225950","2"
"C0225957","Structure of anulus fibrosus of aorta","BIOLOGICAL_STRUCTURE","C0225957","3"
"C0225983","Structure of perivascular space","BIOLOGICAL_STRUCTURE","C0225983","1"
"C0226019","Structure of aortic isthmus","BIOLOGICAL_STRUCTURE","C0226019","1"
"C0226054","Right pulmonary artery","BIOLOGICAL_STRUCTURE","C0226054","5"
"C0226069","Left pulmonary artery","BIOLOGICAL_STRUCTURE","C0226069","4"
"C0226156","Structure of right internal carotid artery","BIOLOGICAL_STRUCTURE","C0226156","6"
"C0226262","Structure of left subclavian artery","BIOLOGICAL_STRUCTURE","C0226262","1"
"C0226550","Internal jugular vein structure","BIOLOGICAL_STRUCTURE","C0226550","3"
"C0226864","Structure of transverse sinus","BIOLOGICAL_STRUCTURE","C0226864","1"
"C0226865","Structure of sigmoid sinus","BIOLOGICAL_STRUCTURE","C0226865","2"
"C0226896","Oral cavity","ADMINISTRATION","C0226896","15"
"C0226901","Hard Palate","BIOLOGICAL_STRUCTURE","C0226901","1"
"C0226920","Structure of retromolar area of mouth","BIOLOGICAL_STRUCTURE","C0226920","1"
"C0226958","Root of tongue","BIOLOGICAL_STRUCTURE","C0226958","7"
"C0227052","Maxillary left second molar","DISTANCE","C0227052","8"
"C0227053","Maxillary left third molar","DISTANCE","C0227053","1"
"C0227059","Mandibular left second premolar tooth","DOSAGE","C0227059","12"
"C0227060","Mandibular left first premolar tooth","LAB_VALUE","C0227060","1"
"C0227069","Mandibular right second premolar","QUANTITATIVE_CONCEPT","C0227069","1"
"C0227147","Structure of retropharyngeal area","BIOLOGICAL_STRUCTURE","C0227147","8"
"C0227148","Structure of lateral pharyngeal space","BIOLOGICAL_STRUCTURE","C0227148","7"
"C0227149","Pharyngeal wall","BIOLOGICAL_STRUCTURE","C0227149","2"
"C0227150","Dorsal pharyngeal wall structure","BIOLOGICAL_STRUCTURE","C0227150","2"
"C0227151","Structure of lateral pharyngeal wall","BIOLOGICAL_STRUCTURE","C0227151","1"
"C0227156","lateral wall of oropharynx","BIOLOGICAL_STRUCTURE","C0227156","1"
"C0227164","Structure of pharyngeal recess","BIOLOGICAL_STRUCTURE","C0227164","4"
"C0227170","Structure of piriform recess","BIOLOGICAL_STRUCTURE","C0227170","1"
"C0227375","Ascending colon","BIOLOGICAL_STRUCTURE","C0227375","2"
"C0227389","Descending colon","BIOLOGICAL_STRUCTURE","C0227389","1"
"C0227391","Sigmoid colon","BIOLOGICAL_STRUCTURE","C0227391","1"
"C0227404","Rectal ampulla","BIOLOGICAL_STRUCTURE","C0227404","1"
"C0227457","Structure of left parotid gland","BIOLOGICAL_STRUCTURE","C0227457","2"
"C0227470","Structure of right submaxillary gland","BIOLOGICAL_STRUCTURE","C0227470","4"
"C0227471","Structure of left submaxillary gland","BIOLOGICAL_STRUCTURE","C0227471","1"
"C0227481","Right lobe of liver","AREA","C0227481","7"
"C0227486","Left lobe of liver","BIOLOGICAL_STRUCTURE","C0227486","2"
"C0227614","Left kidney","BIOLOGICAL_STRUCTURE","C0227614","4"
"C0227622","Structure of renal segment","BIOLOGICAL_STRUCTURE","C0227622","2"
"C0227874","Structure of left ovary","BIOLOGICAL_STRUCTURE","C0227874","1"
"C0227959","Structure of apex of prostate","BIOLOGICAL_STRUCTURE","C0227959","1"
"C0227963","Structure of capsule of prostate","BIOLOGICAL_STRUCTURE","C0227963","1"
"C0227970","Structure of lobe of prostate","BIOLOGICAL_STRUCTURE","C0227970","1"
"C0227991","Upper pole of testis","BIOLOGICAL_STRUCTURE","C0227991","3"
"C0227992","Structure of inferior pole of testis","BIOLOGICAL_STRUCTURE","C0227992","16"
"C0228067","Infratentorial brain structure","BIOLOGICAL_STRUCTURE","C0228067","2"
"C0228157","Periventricular white matter","BIOLOGICAL_STRUCTURE","C0228157","1"
"C0228174","Cerebral hemisphere structure (body structure)","BIOLOGICAL_STRUCTURE","C0228174","2"
"C0228175","Right cerebral hemisphere","BIOLOGICAL_STRUCTURE","C0228175","2"
"C0228176","Left cerebral hemisphere","BIOLOGICAL_STRUCTURE","C0228176","1"
"C0228194","Left frontal lobe structure","BIOLOGICAL_STRUCTURE","C0228194","3"
"C0228207","RIght parietal lobe structure","BIOLOGICAL_STRUCTURE","C0228207","1"
"C0228232","Right temporal lobe structure","BIOLOGICAL_STRUCTURE","C0228232","1"
"C0228233","Left temporal lobe structure","BIOLOGICAL_STRUCTURE","C0228233","1"
"C0228465","Cerebellar hemisphere structure","BIOLOGICAL_STRUCTURE","C0228465","1"
"C0228515","Cerebellar peduncle","BIOLOGICAL_STRUCTURE","C0228515","1"
"C0229089","Right eye","BIOLOGICAL_STRUCTURE","C0229089","1"
"C0229090","Left eye structure","BIOLOGICAL_STRUCTURE","C0229090","1"
"C0229186","Structure of pupil of right eye","BIOLOGICAL_STRUCTURE","C0229186","2"
"C0229282","Left lacrimal gland structure","BIOLOGICAL_STRUCTURE","C0229282","2"
"C0229298","Right ear structure","BIOLOGICAL_STRUCTURE","C0229298","2"
"C0229299","Left ear structure","BIOLOGICAL_STRUCTURE","C0229299","1"
"C0229353","Right middle ear structure","BIOLOGICAL_STRUCTURE","C0229353","4"
"C0229354","Left middle ear structure","BIOLOGICAL_STRUCTURE","C0229354","1"
"C0229427","Pneumatic mastoid cell","BIOLOGICAL_STRUCTURE","C0229427","2"
"C0229434","Left Eustachian canal structure","BIOLOGICAL_STRUCTURE","C0229434","1"
"C0229560","Structure of left adrenal gland","BIOLOGICAL_STRUCTURE","C0229560","1"
"C0229581","Structure of right lobe of thyroid gland","BIOLOGICAL_STRUCTURE","C0229581","13"
"C0229582","Structure of left lobe of thyroid gland","BIOLOGICAL_STRUCTURE","C0229582","10"
"C0229584","Structure of pyramidal lobe of thyroid","BIOLOGICAL_STRUCTURE","C0229584","6"
"C0229664","peripheral blood","DIAGNOSTIC_PROCEDURE","C0229664","2"
"C0229730","Structure of supraclavicular lymph node","BIOLOGICAL_STRUCTURE","C0229730","1"
"C0229737","Structure of retropharyngeal lymph node","BIOLOGICAL_STRUCTURE","C0229737","1"
"C0229749","Structure of intrapulmonary lymph node","BIOLOGICAL_STRUCTURE","C0229749","5"
"C0229867","Right faucial tonsil structure","BIOLOGICAL_STRUCTURE","C0229867","2"
"C0229868","Left faucial tonsil structure","BIOLOGICAL_STRUCTURE","C0229868","1"
"C0229871","Lingual tonsil","BIOLOGICAL_STRUCTURE","C0229871","2"
"C0229889","Lymphatic vessel","BIOLOGICAL_STRUCTURE","C0229889","2"
"C0229960","Entire body as a whole","BIOLOGICAL_STRUCTURE","C0229960","1"
"C0229985","Surgical margins","BIOLOGICAL_ATTRIBUTE","C0229985","4"
"C0230039","Structure of pterygopalatine fossa","BIOLOGICAL_STRUCTURE","C0230039","10"
"C0230091","Anterior axillary line","AREA","C0230091","1"
"C0230136","Structure of intercostal space","BIOLOGICAL_STRUCTURE","C0230136","2"
"C0230137","Structure of thoracic inlet","BIOLOGICAL_STRUCTURE","C0230137","2"
"C0230168","Abdominal Cavity","BIOLOGICAL_STRUCTURE","C0230168","2"
"C0230178","Structure of right lower quadrant of abdomen","BIOLOGICAL_STRUCTURE","C0230178","1"
"C0230180","Structure of left lower quadrant of abdomen","AREA","C0230180","1"
"C0230185","Epigastrium","BIOLOGICAL_STRUCTURE","C0230185","3"
"C0230330","Left upper extremity","BIOLOGICAL_STRUCTURE","C0230330","2"
"C0230337","Structure of right axillary region","BIOLOGICAL_STRUCTURE","C0230337","1"
"C0230338","Structure of left axillary region","BIOLOGICAL_STRUCTURE","C0230338","5"
"C0230346","Right upper arm structure","BIOLOGICAL_STRUCTURE","C0230346","3"
"C0230360","Structure of right forearm","BIOLOGICAL_STRUCTURE","C0230360","2"
"C0230370","Structure of right hand","BIOLOGICAL_STRUCTURE","C0230370","1"
"C0230415","Right lower extremity","BIOLOGICAL_STRUCTURE","C0230415","6"
"C0230416","Left lower extremity","BIOLOGICAL_STRUCTURE","C0230416","5"
"C0230425","Structure of right thigh","BIOLOGICAL_STRUCTURE","C0230425","1"
"C0230442","Structure of right lower leg","BIOLOGICAL_STRUCTURE","C0230442","1"
"C0230443","Structure of left lower leg","BIOLOGICAL_STRUCTURE","C0230443","5"
"C0230446","Both lower legs","BIOLOGICAL_STRUCTURE","C0230446","7"
"C0230460","Structure of right foot","BIOLOGICAL_STRUCTURE","C0230460","3"
"C0230461","Structure of left foot","BIOLOGICAL_STRUCTURE","C0230461","2"
"C0230463","Sole of Foot","BIOLOGICAL_STRUCTURE","C0230463","1"
"C0230467","Arch of foot","BIOLOGICAL_STRUCTURE","C0230467","1"
"C0230646","Intracellular canaliculus","BIOLOGICAL_STRUCTURE","C0230646","1"
"C0230719","Z line","BIOLOGICAL_STRUCTURE","C0230719","1"
"C0231179","Insufficiency","DISEASE_DISORDER","C0231179","1"
"C0231218","Malaise","SIGN_SYMPTOM","C0231218","4"
"C0231221","Asymptomatic (finding)","SIGN_SYMPTOM","C0231221","5"
"C0231242","Complicated","CLINICAL_EVENT","C0231242","1"
"C0231290","Status post","HISTORY","C0231290","25"
"C0231448","Extension","SIGN_SYMPTOM","C0231448","2"
"C0231472","Standing position","ACTIVITY","C0231472","1"
"C0231832","Respiratory rate","BIOLOGICAL_ATTRIBUTE","C0231832","2"
"C0231857","Vesicular breathing","SIGN_SYMPTOM","C0231857","7"
"C0231923","Ventilated","THERAPEUTIC_PROCEDURE","C0231923","1"
"C0232119","Pulsus trigeminus","DISEASE_DISORDER","C0232119","2"
"C0232148","Femoral pulse","BIOLOGICAL_ATTRIBUTE","C0232148","2"
"C0232180","Cardiac shunt","SIGN_SYMPTOM","C0232180","1"
"C0232201","Sinus rhythm","SIGN_SYMPTOM","C0232201","13"
"C0232257","Systolic Murmurs","SIGN_SYMPTOM","C0232257","1"
"C0232297","Left axis deviation","SIGN_SYMPTOM","C0232297","2"
"C0232338","Blood flow","BIOLOGICAL_ATTRIBUTE","C0232338","5"
"C0232339","Normal vascular flow","SIGN_SYMPTOM","C0232339","1"
"C0232341","Increased vascular flow","SIGN_SYMPTOM","C0232341","3"
"C0232483","Reflux","SIGN_SYMPTOM","C0232483","1"
"C0232804","Renal function","LAB_VALUE","C0232804","3"
"C0233426","Personal appearance","BIOLOGICAL_ATTRIBUTE","C0233426","2"
"C0233494","Tension","SIGN_SYMPTOM","C0233494","1"
"C0233514","Abnormal behavior","DISEASE_DISORDER","C0233514","1"
"C0233574","Hyperkinetic","SIGN_SYMPTOM","C0233574","1"
"C0233794","Memory impairment","SIGN_SYMPTOM","C0233794","2"
"C0234222","Baresthesia","SIGN_SYMPTOM","C0234222","1"
"C0234234","Tender","SIGN_SYMPTOM","C0234234","2"
"C0234402","Stimulus","OTHER_ENTITY","C0234402","1"
"C0234421","Conscious","SIGN_SYMPTOM","C0234421","3"
"C0234428","Disturbance of consciousness","SIGN_SYMPTOM","C0234428","1"
"C0235031","Neurologic Symptoms","SIGN_SYMPTOM","C0235031","2"
"C0235231","Pin point pupils","SIGN_SYMPTOM","C0235231","1"
"C0235475","Wide QRS complex","BIOLOGICAL_ATTRIBUTE","C0235475","5"
"C0235480","Paroxysmal atrial fibrillation","SIGN_SYMPTOM","C0235480","1"
"C0235592","Cervical lymphadenopathy","DISEASE_DISORDER","C0235592","2"
"C0235974","Pancreatic carcinoma","DISEASE_DISORDER","C0235974","1"
"C0236033","Muscle hypertrophy","DISEASE_DISORDER","C0236033","1"
"C0236048","Polyposis, Gastric","DISEASE_DISORDER","C0236048","1"
"C0236124","Gastrointestinal obstruction","DISEASE_DISORDER","C0236124","1"
"C0236663","Alcohol withdrawal syndrome","DISEASE_DISORDER","C0236663","1"
"C0237314","Irregular heart beat","SIGN_SYMPTOM","C0237314","1"
"C0237834","Resistance (Psychotherapeutic)","SIGN_SYMPTOM","C0237834","3"
"C0238463","Papillary thyroid carcinoma","DISEASE_DISORDER","C0238463","1"
"C0238767","Bilateral","BIOLOGICAL_STRUCTURE","C0238767","41"
"C0238790","Bone destruction","SIGN_SYMPTOM","C0238790","3"
"C0239981","Hypoalbuminemia","DISEASE_DISORDER","C0239981","2"
"C0240526","Night time","TIME","C0240526","5"
"C0241158","Scar Tissue","DISEASE_DISORDER","C0241158","6"
"C0241379","Increased thirst","SIGN_SYMPTOM","C0241379","1"
"C0241657","Abnormality of the vasculature","QUALITATIVE_CONCEPT","C0241657","4"
"C0241889","Family history (finding)","FAMILY_HISTORY","C0241889","3"
"C0242295","Dietary Supplements","THERAPEUTIC_PROCEDURE","C0242295","4"
"C0242297","Dietary Supplementation","THERAPEUTIC_PROCEDURE","C0242297","4"
"C0242379","Malignant neoplasm of lung","DISEASE_DISORDER","C0242379","2"
"C0242422","Parkinsonian Disorders","DISEASE_DISORDER","C0242422","1"
"C0242485","Measurement","DIAGNOSTIC_PROCEDURE","C0242485","1"
"C0242503","Unequal","SIGN_SYMPTOM","C0242503","2"
"C0242633","T-helper cell type 2","BIOLOGICAL_STRUCTURE","C0242633","2"
"C0242656","Disease Progression","SIGN_SYMPTOM","C0242656","17"
"C0242821","Human body","BIOLOGICAL_STRUCTURE","C0242821","3"
"C0242939","Radiotherapy, Adjuvant","THERAPEUTIC_PROCEDURE","C0242939","6"
"C0243067","defects aspect","SIGN_SYMPTOM","C0243067","1"
"C0243069","Hypoplasia","SIGN_SYMPTOM","C0243069","1"
"C0243071","Analog","MEDICATION","C0243071","1"
"C0243107","development aspects","BIOLOGICAL_ATTRIBUTE","C0243107","1"
"C0243140","Histopathological aspects","DIAGNOSTIC_PROCEDURE","C0243140","8"
"C0246719","risedronate","LAB_VALUE","C0246719","2"
"C0257685","zoledronic acid","MEDICATION","C0257685","1"
"C0260000","Secondary Metabolism","DISEASE_DISORDER","C0260000","2"
"C0260062","nursing home care","THERAPEUTIC_PROCEDURE","C0260062","1"
"C0262461","Eccentric visual fixation","SHAPE","C0262461","1"
"C0262493","Polyp of gallbladder","DISEASE_DISORDER","C0262493","1"
"C0262587","Parathyroid Adenoma","DISEASE_DISORDER","C0262587","1"
"C0262662","Ventricular bigeminy","DISEASE_DISORDER","C0262662","2"
"C0262950","Skeletal bone","BIOLOGICAL_STRUCTURE","C0262950","6"
"C0263870","Narrowing of intervertebral disc space","SIGN_SYMPTOM","C0263870","2"
"C0264558","Tension Pneumothorax","DISEASE_DISORDER","C0264558","2"
"C0264716","Chronic heart failure","DISEASE_DISORDER","C0264716","1"
"C0264907","Mobitz type I incomplete atrioventricular block","DISEASE_DISORDER","C0264907","1"
"C0265761","Congenital laryngocele","DISEASE_DISORDER","C0265761","1"
"C0265898","Coronary artery fistula","DISEASE_DISORDER","C0265898","1"
"C0266111","Bifid tongue","SHAPE","C0266111","18"
"C0266283","Ectopic thyroid tissue (disorder)","BIOLOGICAL_STRUCTURE","C0266283","1"
"C0267953","Necrosis of pancreas","DISEASE_DISORDER","C0267953","1"
"C0268596","Multiple Acyl Coenzyme A Dehydrogenase Deficiency","DIAGNOSTIC_PROCEDURE","C0268596","2"
"C0274435","Transfusion Reaction","DISEASE_DISORDER","C0274435","2"
"C0277814","Sitting position","ACTIVITY","C0277814","1"
"C0278252","Prognosis bad","OUTCOME","C0278252","1"
"C0278314","Nephrostomy (procedure)","THERAPEUTIC_PROCEDURE","C0278314","1"
"C0278627","oncology field","HISTORY","C0278627","1"
"C0278701","Gastric Adenocarcinoma","DISEASE_DISORDER","C0278701","1"
"C0279000","Liver and Intrahepatic Biliary Tract Carcinoma","DIAGNOSTIC_PROCEDURE","C0279000","1"
"C0279025","Hormone Therapy","THERAPEUTIC_PROCEDURE","C0279025","2"
"C0279077","Pediatric surgery specialty","NONBIOLOGICAL_LOCATION","C0279077","1"
"C0279637","Anal carcinoma","DISEASE_DISORDER","C0279637","1"
"C0280304","Retromolar Trigone Squamous Cell Carcinoma","DISEASE_DISORDER","C0280304","1"
"C0280592","doxorubicin/fluorouracil/mitomycin/vincristine protocol","OTHER_ENTITY","C0280592","1"
"C0281856","Generalized aches and pains","SIGN_SYMPTOM","C0281856","1"
"C0282046","Surgery, Day","THERAPEUTIC_PROCEDURE","C0282046","1"
"C0282222","Lubricants","THERAPEUTIC_PROCEDURE","C0282222","1"
"C0282281","Palliative Medicine","NONBIOLOGICAL_LOCATION","C0282281","2"
"C0282575","Micronutrients","OTHER_ENTITY","C0282575","1"
"C0282614","Acupressure (regime/therapy)","NONBIOLOGICAL_LOCATION","C0282614","1"
"C0285131","cisplatin/methotrexate/vinblastine protocol","DIAGNOSTIC_PROCEDURE","C0285131","2"
"C0293359","insulin lispro","MEDICATION","C0293359","1"
"C0302148","Blood Clot","DISEASE_DISORDER","C0302148","1"
"C0302295","Eruptions","SIGN_SYMPTOM","C0302295","1"
"C0302313","Osteolytic lesion","DISEASE_DISORDER","C0302313","1"
"C0302353","Serum potassium measurement","LAB_VALUE","C0302353","1"
"C0302523","Observation in research","CLINICAL_EVENT","C0302523","28"
"C0302583","iron","BIOLOGICAL_STRUCTURE","C0302583","1"
"C0302617","Radiographic-therapeutic unit device","NONBIOLOGICAL_LOCATION","C0302617","1"
"C0302726","Mattress Systems, Alternating-Pressure","OTHER_ENTITY","C0302726","1"
"C0302908","Liquid substance","BIOLOGICAL_STRUCTURE","C0302908","44"
"C0302912","Radicals (chemistry)","DETAILED_DESCRIPTION","C0302912","1"
"C0304870","Insulin, Long-Acting","MEDICATION","C0304870","1"
"C0309093","FLAIR (product)","DIAGNOSTIC_PROCEDURE","C0309093","1"
"C0310367","Today","DATE","C0310367","1"
"C0310370","Tomorrow","DATE","C0310370","3"
"C0315260","Klebsiella oxytoca","OTHER_ENTITY","C0315260","1"
"C0317568","Haemophilus parainfluenzae","BIOLOGICAL_STRUCTURE","C0317568","1"
"C0332128","Examined","DIAGNOSTIC_PROCEDURE","C0332128","4"
"C0332152","Before","TIME","C0332152","2"
"C0332156","Return to (contextual qualifier) (qualifier value)","CLINICAL_EVENT","C0332156","1"
"C0332169","Daytime","TIME","C0332169","1"
"C0332170","Morning","TIME","C0332170","5"
"C0332173","Daily","FREQUENCY","C0332173","23"
"C0332174","Weekly","FREQUENCY","C0332174","1"
"C0332177","Monthly (qualifier value)","DURATION","C0332177","9"
"C0332181","Annual","FREQUENCY","C0332181","3"
"C0332182","Periodic","FREQUENCY","C0332182","18"
"C0332183","Frequently","FREQUENCY","C0332183","4"
"C0332185","Recent","DATE","C0332185","1"
"C0332189","Episode of","QUALITATIVE_CONCEPT","C0332189","1"
"C0332190","Impending","DETAILED_DESCRIPTION","C0332190","1"
"C0332207","Acinar","BIOLOGICAL_ATTRIBUTE","C0332207","1"
"C0332218","Difficult (qualifier value)","LAB_VALUE","C0332218","1"
"C0332232","Approximate","DURATION","C0332232","52"
"C0332255","Fragment of (qualifier value)","BIOLOGICAL_STRUCTURE","C0332255","3"
"C0332260","Compressing (action)","THERAPEUTIC_PROCEDURE","C0332260","4"
"C0332271","Worsening pattern","SEVERITY","C0332271","1"
"C0332282","Following","DURATION","C0332282","1"
"C0332285","Within","BIOLOGICAL_STRUCTURE","C0332285","8"
"C0332287","In addition to","COREFERENCE","C0332287","2"
"C0332288","Without","DETAILED_DESCRIPTION","C0332288","1"
"C0332301","Radiating to","SIGN_SYMPTOM","C0332301","1"
"C0332305","With staging","DIAGNOSTIC_PROCEDURE","C0332305","1"
"C0332324","Sensitive","LAB_VALUE","C0332324","2"
"C0332326","Gleason Grading System","DIAGNOSTIC_PROCEDURE","C0332326","2"
"C0332437","Morphology","TEXTURE","C0332437","7"
"C0332441","Normal tissue morphology","QUALITATIVE_CONCEPT","C0332441","1"
"C0332448","Infiltration","SIGN_SYMPTOM","C0332448","19"
"C0332459","Compressed structure","THERAPEUTIC_PROCEDURE","C0332459","6"
"C0332463","Narrowed structure","QUALITATIVE_CONCEPT","C0332463","5"
"C0332464","Widening","SIGN_SYMPTOM","C0332464","4"
"C0332466","Fused structure","SIGN_SYMPTOM","C0332466","2"
"C0332472","abnormal fragmented structure","SIGN_SYMPTOM","C0332472","1"
"C0332479","Shapes","BIOLOGICAL_ATTRIBUTE","C0332479","1"
"C0332490","Round shape","SHAPE","C0332490","5"
"C0332514","Asymmetry (qualifier value)","SIGN_SYMPTOM","C0332514","4"
"C0332521","Collapse (morphologic abnormality)","SIGN_SYMPTOM","C0332521","2"
"C0332523","Retraction (finding)","TEXTURE","C0332523","1"
"C0332575","Redness","COLOR","C0332575","3"
"C0332585","Pink color","COLOR","C0332585","1"
"C0332686","First degree burn injury","SEVERITY","C0332686","3"
"C0332853","Anastomosis","BIOLOGICAL_STRUCTURE","C0332853","2"
"C0333067","deformed","SIGN_SYMPTOM","C0333067","3"
"C0333157","Colloid Cysts","DISEASE_DISORDER","C0333157","6"
"C0333164","Narrow","SIGN_SYMPTOM","C0333164","5"
"C0333343","Body cavities","BIOLOGICAL_STRUCTURE","C0333343","1"
"C0333348","Inflammatory","SIGN_SYMPTOM","C0333348","27"
"C0333383","Acute and chronic inflammation","DISEASE_DISORDER","C0333383","1"
"C0333482","atherosclerotic","DISEASE_DISORDER","C0333482","1"
"C0333516","Tumor necrosis","DISEASE_DISORDER","C0333516","2"
"C0333641","Atrophic","SIGN_SYMPTOM","C0333641","3"
"C0333979","Secondary hyperplasia","DISEASE_DISORDER","C0333979","3"
"C0333983","Hyperplastic Polyp","DISEASE_DISORDER","C0333983","1"
"C0334001","Atypical adenomatous hyperplasia","DISEASE_DISORDER","C0334001","3"
"C0334044","Dysplasia","DISEASE_DISORDER","C0334044","4"
"C0334107","Polypoid","SIGN_SYMPTOM","C0334107","2"
"C0334129","fibrotic","SIGN_SYMPTOM","C0334129","1"
"C0334247","Squamous cell carcinoma, keratinizing","DISEASE_DISORDER","C0334247","1"
"C0334276","Adenocarcinoma in Situ","DISEASE_DISORDER","C0334276","1"
"C0334277","Adenocarcinoma, metastatic","DISEASE_DISORDER","C0334277","1"
"C0334292","Tubular adenoma","DISEASE_DISORDER","C0334292","3"
"C0334307","Tubulovillous adenoma","DISEASE_DISORDER","C0334307","3"
"C0334368","Mucin-producing adenocarcinoma","BIOLOGICAL_STRUCTURE","C0334368","1"
"C0334910","Anesthesiologist","CLINICAL_EVENT","C0334910","1"
"C0336616","Towel","OTHER_ENTITY","C0336616","2"
"C0336630","Endotracheal tube","OTHER_ENTITY","C0336630","3"
"C0336660","Magnetic resonance imaging unit","NONBIOLOGICAL_LOCATION","C0336660","1"
"C0336862","Jet airplane","SIGN_SYMPTOM","C0336862","1"
"C0337095","Entrance","BIOLOGICAL_STRUCTURE","C0337095","1"
"C0337439","Iron measurement","DIAGNOSTIC_PROCEDURE","C0337439","2"
"C0337527","Brothers","FAMILY_HISTORY","C0337527","1"
"C0337611","contact person","CLINICAL_EVENT","C0337611","1"
"C0338106","Adenocarcinoma of colon","DISEASE_DISORDER","C0338106","2"
"C0338207","bleomycin/dacarbazine/lomustine/vincristine","DIAGNOSTIC_PROCEDURE","C0338207","1"
"C0338237","Antibiotic therapy","THERAPEUTIC_PROCEDURE","C0338237","9"
"C0339808","House dust mite allergy","DISEASE_DISORDER","C0339808","1"
"C0340643","Dissection of aorta","DISEASE_DISORDER","C0340643","1"
"C0342208","Multinodular goiter","DISEASE_DISORDER","C0342208","1"
"C0342257","Complications of Diabetes Mellitus","DISEASE_DISORDER","C0342257","1"
"C0342299","Poor glycemic control","SIGN_SYMPTOM","C0342299","1"
"C0342579","Electrolyte imbalance","SIGN_SYMPTOM","C0342579","1"
"C0343386","Clostridium difficile infection","DISEASE_DISORDER","C0343386","2"
"C0344329","Collapse (finding)","SIGN_SYMPTOM","C0344329","1"
"C0344351","Gluten-Free Diet","THERAPEUTIC_PROCEDURE","C0344351","1"
"C0344353","Vegan diet","THERAPEUTIC_PROCEDURE","C0344353","1"
"C0344616","Congenitally Corrected Transposition of the Great Arteries","BIOLOGICAL_STRUCTURE","C0344616","2"
"C0345630","Neoplasm of nasal cavity","THERAPEUTIC_PROCEDURE","C0345630","1"
"C0345676","Neoplasm of sphenoidal sinus","BIOLOGICAL_STRUCTURE","C0345676","1"
"C0346179","Hilus cell tumor of ovary","DISEASE_DISORDER","C0346179","1"
"C0346564","Carcinoma of base of tongue","DISEASE_DISORDER","C0346564","2"
"C0346957","Disseminated Malignant Neoplasm","DISEASE_DISORDER","C0346957","1"
"C0348000","Instrument - device","NONBIOLOGICAL_LOCATION","C0348000","1"
"C0348011","Surgical transfer - action","CLINICAL_EVENT","C0348011","5"
"C0348015","Posterior segment","BIOLOGICAL_STRUCTURE","C0348015","3"
"C0348016","Intravenous","ADMINISTRATION","C0348016","9"
"C0348080","Condition","BIOLOGICAL_ATTRIBUTE","C0348080","24"
"C0349707","Aspiration-action","THERAPEUTIC_PROCEDURE","C0349707","1"
"C0360714","Hydroxymethylglutaryl-CoA Reductase Inhibitors","MEDICATION","C0360714","2"
"C0370003","Specimen","OTHER_ENTITY","C0370003","12"
"C0370199","Aspirate substance","DIAGNOSTIC_PROCEDURE","C0370199","1"
"C0374082","Decalcification procedure (List separately in addition to code for surgical pathology examination)","DIAGNOSTIC_PROCEDURE","C0374082","1"
"C0376152","Marrow","DISEASE_DISORDER","C0376152","3"
"C0376358","Malignant neoplasm of prostate","DISEASE_DISORDER","C0376358","2"
"C0376461","Mandibular Advancement","THERAPEUTIC_PROCEDURE","C0376461","1"
"C0376529","Capnography","DIAGNOSTIC_PROCEDURE","C0376529","7"
"C0376545","Hematologic Neoplasms","NONBIOLOGICAL_LOCATION","C0376545","2"
"C0376660","Diary","NONBIOLOGICAL_LOCATION","C0376660","1"
"C0376674","Postprandial Period","TIME","C0376674","1"
"C0376685","Shoulder Impingement Syndrome","DISEASE_DISORDER","C0376685","1"
"C0388020","Gadovist","MEDICATION","C0388020","3"
"C0392197","Physiologic warmth","SIGN_SYMPTOM","C0392197","1"
"C0392201","Blood glucose measurement","DIAGNOSTIC_PROCEDURE","C0392201","10"
"C0392220","scalpel","OTHER_ENTITY","C0392220","1"
"C0392747","Changing","SIGN_SYMPTOM","C0392747","17"
"C0392756","Reduced","QUALITATIVE_CONCEPT","C0392756","4"
"C0392758","Thinned","SIGN_SYMPTOM","C0392758","2"
"C0392823","Direct examination of larynx","DIAGNOSTIC_PROCEDURE","C0392823","1"
"C0392943","FOLFOX Regimen","MEDICATION","C0392943","1"
"C0393006","Genetic testing for cancer risk","DIAGNOSTIC_PROCEDURE","C0393006","1"
"C0394016","Coma, Post-Head Injury","DISEASE_DISORDER","C0394016","4"
"C0398275","Central venous cannula insertion","THERAPEUTIC_PROCEDURE","C0398275","3"
"C0398368","Lymphatic Abnormalities","DISEASE_DISORDER","C0398368","1"
"C0398397","Selective neck dissection of cervical lymph nodes","THERAPEUTIC_PROCEDURE","C0398397","7"
"C0399188","Tongue reconstruction","THERAPEUTIC_PROCEDURE","C0399188","1"
"C0399839","Gastrojejunostomy","BIOLOGICAL_STRUCTURE","C0399839","1"
"C0405532","Lobectomy of thyroid gland","THERAPEUTIC_PROCEDURE","C0405532","1"
"C0405580","Adrenal cortical hypofunction","DISEASE_DISORDER","C0405580","1"
"C0407722","Maxillectomy","THERAPEUTIC_PROCEDURE","C0407722","1"
"C0409999","Undifferentiated Connective Tissue Diseases","DISEASE_DISORDER","C0409999","1"
"C0410013","Soft tissue lesion","DISEASE_DISORDER","C0410013","1"
"C0412692","Magnetic Resonance Imaging (MRI) of Heart","DIAGNOSTIC_PROCEDURE","C0412692","2"
"C0419707","Administration of vaccine product containing only Streptococcus pneumoniae antigen (procedure)","THERAPEUTIC_PROCEDURE","C0419707","3"
"C0424585","Tires quickly","SIGN_SYMPTOM","C0424585","1"
"C0425403","Diet, High-Protein","THERAPEUTIC_PROCEDURE","C0425403","5"
"C0425932","Date of last menstrual period","CLINICAL_EVENT","C0425932","5"
"C0426596","Increased fluid intake","THERAPEUTIC_PROCEDURE","C0426596","1"
"C0428167","Inspired fraction of oxygen","BIOLOGICAL_ATTRIBUTE","C0428167","1"
"C0428279","Finding of creatinine level","SIGN_SYMPTOM","C0428279","1"
"C0428284","Electrolyte levels - finding","LAB_VALUE","C0428284","1"
"C0428772","Left ventricular ejection fraction","BIOLOGICAL_ATTRIBUTE","C0428772","10"
"C0428781","Right ventricular ejection fraction (observable entity)","BIOLOGICAL_ATTRIBUTE","C0428781","1"
"C0428870","Left to right cardiovascular shunt (finding)","SIGN_SYMPTOM","C0428870","2"
"C0429084","P wave feature","BIOLOGICAL_STRUCTURE","C0429084","2"
"C0429478","Fetal Heart Rate Variance from Normal Baseline","BIOLOGICAL_ATTRIBUTE","C0429478","1"
"C0429791","Fluid intake","THERAPEUTIC_PROCEDURE","C0429791","3"
"C0430027","biochemical test","DIAGNOSTIC_PROCEDURE","C0430027","1"
"C0430404","Urine culture","DIAGNOSTIC_PROCEDURE","C0430404","3"
"C0430414","Stool culture","DIAGNOSTIC_PROCEDURE","C0430414","1"
"C0430797","Electrocorticogram","DIAGNOSTIC_PROCEDURE","C0430797","1"
"C0430952","Urological investigation","DIAGNOSTIC_PROCEDURE","C0430952","2"
"C0436226","Proton Therapy","THERAPEUTIC_PROCEDURE","C0436226","5"
"C0436307","Chemoradiotherapy","THERAPEUTIC_PROCEDURE","C0436307","7"
"C0438860","Walking frame","OTHER_ENTITY","C0438860","3"
"C0439064","Numerous","QUANTITATIVE_CONCEPT","C0439064","17"
"C0439070","Roman Numeral III","BIOLOGICAL_STRUCTURE","C0439070","4"
"C0439092","Less Than","QUANTITATIVE_CONCEPT","C0439092","1"
"C0439093","Greater Than","QUANTITATIVE_CONCEPT","C0439093","3"
"C0439148","Unit","DOSAGE","C0439148","9"
"C0439151","Bethesda units","LAB_VALUE","C0439151","2"
"C0439165","Percent (qualifier value)","QUANTITATIVE_CONCEPT","C0439165","1"
"C0439200","millimeter","DISTANCE","C0439200","53"
"C0439208","gram","MASS","C0439208","3"
"C0439210","milligram","DOSAGE","C0439210","3"
"C0439227","Hour","DURATION","C0439227","1"
"C0439228","day","DATE","C0439228","8"
"C0439230","week","DURATION","C0439230","19"
"C0439231","month","DURATION","C0439231","3"
"C0439232","Minute of time","DURATION","C0439232","5"
"C0439234","year","DATE","C0439234","17"
"C0439237","degrees Celsius","LAB_VALUE","C0439237","3"
"C0439242","milliliter","VOLUME","C0439242","36"
"C0439268","Microgram per Milliliter","LAB_VALUE","C0439268","2"
"C0439269","mg/dL","LAB_VALUE","C0439269","5"
"C0439392","cm/s","LAB_VALUE","C0439392","4"
"C0439393","Liter per Minute","DOSAGE","C0439393","5"
"C0439422","milligram/day","DOSAGE","C0439422","1"
"C0439475","mmHg","LAB_VALUE","C0439475","6"
"C0439479","sq. cm","AREA","C0439479","1"
"C0439493","m/s","LAB_VALUE","C0439493","5"
"C0439505","per day","FREQUENCY","C0439505","8"
"C0439534","Dimensions","BIOLOGICAL_ATTRIBUTE","C0439534","19"
"C0439590","Prolonged","DURATION","C0439590","1"
"C0439608","elective","QUALITATIVE_CONCEPT","C0439608","2"
"C0439609","Urgent","QUALITATIVE_CONCEPT","C0439609","2"
"C0439742","Scattered","DETAILED_DESCRIPTION","C0439742","5"
"C0439744","Concentric","SHAPE","C0439744","2"
"C0439751","Entire","QUANTITATIVE_CONCEPT","C0439751","1"
"C0439775","Elevation procedure","SIGN_SYMPTOM","C0439775","2"
"C0439793","Severities","SEVERITY","C0439793","4"
"C0439794","Dense","TEXTURE","C0439794","3"
"C0439806","Gross (qualifier value)","DIAGNOSTIC_PROCEDURE","C0439806","3"
"C0439824","Verbal","DIAGNOSTIC_PROCEDURE","C0439824","1"
"C0439833","Gradual","DETAILED_DESCRIPTION","C0439833","1"
"C0439834","Slow","QUALITATIVE_CONCEPT","C0439834","1"
"C0439835","Stationary","QUALITATIVE_CONCEPT","C0439835","1"
"C0441031","Free flap","THERAPEUTIC_PROCEDURE","C0441031","1"
"C0441107","Cuffs device","OTHER_ENTITY","C0441107","2"
"C0441471","Event","DETAILED_DESCRIPTION","C0441471","2"
"C0441587","Clinical act of insertion","THERAPEUTIC_PROCEDURE","C0441587","4"
"C0441621","Sampling - Surgical action","DIAGNOSTIC_PROCEDURE","C0441621","1"
"C0441635","Anatomical segmentation","BIOLOGICAL_STRUCTURE","C0441635","3"
"C0441730","Type 2","DISEASE_DISORDER","C0441730","1"
"C0441731","Type 3","DETAILED_DESCRIPTION","C0441731","2"
"C0441792","Editions","DETAILED_DESCRIPTION","C0441792","1"
"C0441800","Grade","SEVERITY","C0441800","4"
"C0441802","Grade two rank","SEVERITY","C0441802","1"
"C0441833","Groups","BIOLOGICAL_STRUCTURE","C0441833","5"
"C0441889","Levels (qualifier value)","SEVERITY","C0441889","7"
"C0441987","Side","DETAILED_DESCRIPTION","C0441987","2"
"C0441989","Ipsilateral","QUALITATIVE_CONCEPT","C0441989","1"
"C0441993","Paramedian approach","AREA","C0441993","1"
"C0441994","Lower - spatial qualifier","BIOLOGICAL_STRUCTURE","C0441994","5"
"C0442025","Muscular","BIOLOGICAL_ATTRIBUTE","C0442025","1"
"C0442030","Parietal","BIOLOGICAL_ATTRIBUTE","C0442030","2"
"C0442049","Upper third","AREA","C0442049","4"
"C0442050","Middle third","AREA","C0442050","5"
"C0442051","Lower third","AREA","C0442051","7"
"C0442053","Ventral part","BIOLOGICAL_STRUCTURE","C0442053","1"
"C0442054","Dorsal part","AREA","C0442054","1"
"C0442055","Lateral part","AREA","C0442055","2"
"C0442113","Intragastric","ADMINISTRATION","C0442113","1"
"C0442120","Intraperitoneal","DISEASE_DISORDER","C0442120","2"
"C0442143","Paratracheal","AREA","C0442143","4"
"C0442158","Perianal","BIOLOGICAL_STRUCTURE","C0442158","4"
"C0442518","Hostel","NONBIOLOGICAL_LOCATION","C0442518","4"
"C0442519","Home environment","NONBIOLOGICAL_LOCATION","C0442519","1"
"C0442592","Clinic","NONBIOLOGICAL_LOCATION","C0442592","1"
"C0442711","Protocols documentation","DIAGNOSTIC_PROCEDURE","C0442711","8"
"C0442739","No status change","OUTCOME","C0442739","3"
"C0442757","3/4","LAB_VALUE","C0442757","1"
"C0442759","3/6","SEVERITY","C0442759","1"
"C0442800","Enlarged","SIGN_SYMPTOM","C0442800","48"
"C0442805","Increase","SIGN_SYMPTOM","C0442805","16"
"C0442808","Increasing (qualifier value)","QUALITATIVE_CONCEPT","C0442808","3"
"C0442816","Normal limits","OUTCOME","C0442816","16"
"C0442818","Raised","LAB_VALUE","C0442818","3"
"C0442821","Strong","SEVERITY","C0442821","2"
"C0442822","trace amount","DIAGNOSTIC_PROCEDURE","C0442822","16"
"C0442824","Very","SEVERITY","C0442824","3"
"C0442867","malignant disease","DISEASE_DISORDER","C0442867","4"
"C0443218","Fixed behavior","SIGN_SYMPTOM","C0443218","3"
"C0443224","Fresh (qualifier value)","DETAILED_DESCRIPTION","C0443224","1"
"C0443228","Largest","QUALITATIVE_CONCEPT","C0443228","5"
"C0443246","Left sided","THERAPEUTIC_PROCEDURE","C0443246","6"
"C0443252","Long-term","DURATION","C0443252","3"
"C0443268","nodal (pertaining to a node)","LAB_VALUE","C0443268","2"
"C0443286","Reaction","SIGN_SYMPTOM","C0443286","2"
"C0443288","Restricted","SIGN_SYMPTOM","C0443288","3"
"C0443302","Several","QUANTITATIVE_CONCEPT","C0443302","4"
"C0443303","short-term","DURATION","C0443303","2"
"C0443350","Watery","TEXTURE","C0443350","1"
"C0444099","Skin Specimen","BIOLOGICAL_STRUCTURE","C0444099","21"
"C0444123","Specimen from lung obtained by bronchial washing procedure","BIOLOGICAL_STRUCTURE","C0444123","1"
"C0444186","Smear test","DIAGNOSTIC_PROCEDURE","C0444186","1"
"C0444299","Catheter tip","OTHER_ENTITY","C0444299","1"
"C0444334","Recumbent body position","ACTIVITY","C0444334","1"
"C0444532","Right sided","BIOLOGICAL_ATTRIBUTE","C0444532","8"
"C0444764","Coils (formation)","OTHER_ENTITY","C0444764","1"
"C0444908","Deep hypothermia","DISEASE_DISORDER","C0444908","1"
"C0445115","Normal saline","MEDICATION","C0445115","10"
"C0446413","C3 level","BIOLOGICAL_STRUCTURE","C0446413","2"
"C0446415","C5 level","BIOLOGICAL_STRUCTURE","C0446415","1"
"C0446417","C7 level","BIOLOGICAL_STRUCTURE","C0446417","2"
"C0446432","L1 level","BIOLOGICAL_STRUCTURE","C0446432","2"
"C0446481","Structure of fifth intercostal space","BIOLOGICAL_STRUCTURE","C0446481","1"
"C0446498","Left iliac fossa","BIOLOGICAL_STRUCTURE","C0446498","1"
"C0446516","Upper arm","BIOLOGICAL_STRUCTURE","C0446516","1"
"C0446633","abdominal organ","BIOLOGICAL_STRUCTURE","C0446633","3"
"C0446908","Mastoid process","BIOLOGICAL_STRUCTURE","C0446908","4"
"C0447155","Lymph node group","BIOLOGICAL_STRUCTURE","C0447155","2"
"C0447562","Mesorectum","BIOLOGICAL_STRUCTURE","C0447562","1"
"C0448011","Mental Foramen","BIOLOGICAL_STRUCTURE","C0448011","2"
"C0449450","Presentation","CLINICAL_EVENT","C0449450","1"
"C0449468","Volume","BIOLOGICAL_ATTRIBUTE","C0449468","58"
"C0449584","Opacification","SIGN_SYMPTOM","C0449584","2"
"C0449719","Part","BIOLOGICAL_STRUCTURE","C0449719","17"
"C0449774","Patterns","DIAGNOSTIC_PROCEDURE","C0449774","1"
"C0449911","View","DIAGNOSTIC_PROCEDURE","C0449911","1"
"C0450168","Distal third","BIOLOGICAL_STRUCTURE","C0450168","1"
"C0450277","Cystic duct stump","BIOLOGICAL_STRUCTURE","C0450277","1"
"C0450462","Running water","DETAILED_DESCRIPTION","C0450462","3"
"C0452428","Drink (dietary substance)","DETAILED_DESCRIPTION","C0452428","1"
"C0452956","Processed meat","DETAILED_DESCRIPTION","C0452956","2"
"C0454576","Aphasia, Mixed","SIGN_SYMPTOM","C0454576","2"
"C0455825","Left ventricular mass","BIOLOGICAL_STRUCTURE","C0455825","3"
"C0456190","Left ventricular end-diastolic pressure level","BIOLOGICAL_ATTRIBUTE","C0456190","7"
"C0456205","Contents","TEXTURE","C0456205","1"
"C0456306","Glossotonsillar sulcus","BIOLOGICAL_STRUCTURE","C0456306","2"
"C0456389","size","BIOLOGICAL_ATTRIBUTE","C0456389","10"
"C0456685","U/hour","DOSAGE","C0456685","1"
"C0456693","per 30 minutes","DURATION","C0456693","3"
"C0456904","Intraoperative","TIME","C0456904","1"
"C0456938","Entire fossa ovalis of heart","BIOLOGICAL_STRUCTURE","C0456938","1"
"C0457138","Liver segment","BIOLOGICAL_STRUCTURE","C0457138","1"
"C0457193","Soft tissue mass","DISEASE_DISORDER","C0457193","3"
"C0457385","seconds","DURATION","C0457385","3"
"C0457846","Cervical segment of spinal cord","BIOLOGICAL_STRUCTURE","C0457846","6"
"C0458098","Midclavicular line","AREA","C0458098","1"
"C0458173","Syrup - Food","MEDICATION","C0458173","1"
"C0458576","Glossoepiglottic fold","BIOLOGICAL_STRUCTURE","C0458576","1"
"C0458582","Upper lip structure","BIOLOGICAL_STRUCTURE","C0458582","3"
"C0459892","Waldeyer's ring","BIOLOGICAL_STRUCTURE","C0459892","1"
"C0460026","Lower jaw region","BIOLOGICAL_STRUCTURE","C0460026","2"
"C0461527","Gauze swab","OTHER_ENTITY","C0461527","7"
"C0473935","Radiolabeled somatostatin analog study","DIAGNOSTIC_PROCEDURE","C0473935","2"
"C0474395","Behavior showing increased motor activity","SIGN_SYMPTOM","C0474395","1"
"C0474796","Neoplasm by Morphology","DETAILED_DESCRIPTION","C0474796","2"
"C0475210","centimeter","DISTANCE","C0475210","4"
"C0475224","Ischemic","DISEASE_DISORDER","C0475224","1"
"C0475272","G4 grade","SEVERITY","C0475272","2"
"C0475358","Tumor tissue sample","DISEASE_DISORDER","C0475358","3"
"C0475826","Residual tumor stage R2 (finding)","CLINICAL_EVENT","C0475826","1"
"C0477633","Cervical disc disorder","DISEASE_DISORDER","C0477633","5"
"C0486293","Albumin To Creatinine Protein Ratio Measurement","DIAGNOSTIC_PROCEDURE","C0486293","1"
"C0486616","Composition","BIOLOGICAL_ATTRIBUTE","C0486616","1"
"C0487742","Width","BIOLOGICAL_ATTRIBUTE","C0487742","4"
"C0488347","Pauses:Number = Count/Time:Duration of the study:Heart:Quantitative:EKG","SIGN_SYMPTOM","C0488347","1"
"C0489482","Ejection fraction (procedure)","BIOLOGICAL_ATTRIBUTE","C0489482","1"
"C0489484","EKG impression","SIGN_SYMPTOM","C0489484","1"
"C0489607","Pauses","SIGN_SYMPTOM","C0489607","1"
"C0489617","protein intake","ACTIVITY","C0489617","1"
"C0489786","Height","BIOLOGICAL_ATTRIBUTE","C0489786","7"
"C0494710","Mouth cyst","BIOLOGICAL_STRUCTURE","C0494710","3"
"C0496675","Medical care","THERAPEUTIC_PROCEDURE","C0496675","1"
"C0497156","Lymphadenopathy","DISEASE_DISORDER","C0497156","16"
"C0501622","Right vagus nerve","BIOLOGICAL_STRUCTURE","C0501622","1"
"C0504035","Wall of right ventricle","BIOLOGICAL_ATTRIBUTE","C0504035","6"
"C0504056","Inferior wall of left ventricle","BIOLOGICAL_STRUCTURE","C0504056","2"
"C0506947","Segment of aorta","BIOLOGICAL_STRUCTURE","C0506947","1"
"C0507156","Right clavicle","BIOLOGICAL_STRUCTURE","C0507156","1"
"C0507157","Left clavicle","BIOLOGICAL_STRUCTURE","C0507157","2"
"C0507205","Right scapula","BIOLOGICAL_STRUCTURE","C0507205","1"
"C0507206","Left scapula","BIOLOGICAL_STRUCTURE","C0507206","1"
"C0516983","gastrointestinal function","BIOLOGICAL_ATTRIBUTE","C0516983","1"
"C0517349","Muscle Strength","SIGN_SYMPTOM","C0517349","4"
"C0517667","Assessment of passive right hip joint movement","BIOLOGICAL_STRUCTURE","C0517667","1"
"C0517668","Assessment of passive left hip joint movement","BIOLOGICAL_STRUCTURE","C0517668","1"
"C0518864","Granulation finding","SIGN_SYMPTOM","C0518864","1"
"C0520510","Materials","OTHER_ENTITY","C0520510","2"
"C0520594","Breast Microcalcification","SIGN_SYMPTOM","C0520594","5"
"C0520887","ST segment depression (finding)","SIGN_SYMPTOM","C0520887","2"
"C0520960","Non-tender","SIGN_SYMPTOM","C0520960","1"
"C0520997","Thrombolysis, function","THERAPEUTIC_PROCEDURE","C0520997","1"
"C0521110","Accelerated","QUALITATIVE_CONCEPT","C0521110","2"
"C0521112","Bedtime (qualifier value)","TIME","C0521112","1"
"C0521114","Infrequent","FREQUENCY","C0521114","1"
"C0521116","Current (present time)","TIME","C0521116","1"
"C0521210","Resection of polyp","THERAPEUTIC_PROCEDURE","C0521210","2"
"C0521366","retropharyngeal","BIOLOGICAL_ATTRIBUTE","C0521366","1"
"C0521367","Oropharyngeal","BIOLOGICAL_STRUCTURE","C0521367","1"
"C0521400","Meningeal","BIOLOGICAL_STRUCTURE","C0521400","1"
"C0521533","Atrial septal aneurysm","DISEASE_DISORDER","C0521533","1"
"C0521573","Cleft eyelid","BIOLOGICAL_STRUCTURE","C0521573","1"
"C0521654","Neurologic Deficits","SIGN_SYMPTOM","C0521654","3"
"C0521800","Central cyanosis","SIGN_SYMPTOM","C0521800","3"
"C0522499","Palpable","SIGN_SYMPTOM","C0522499","10"
"C0522501","Massive","SEVERITY","C0522501","34"
"C0522510","With intensity","SEVERITY","C0522510","2"
"C0522534","Saturated","BIOLOGICAL_ATTRIBUTE","C0522534","7"
"C0523174","Microbial culture of sputum","DIAGNOSTIC_PROCEDURE","C0523174","2"
"C0523807","Oxygen saturation measurement","DIAGNOSTIC_PROCEDURE","C0523807","1"
"C0524422","Both cardiac atria","BIOLOGICAL_STRUCTURE","C0524422","7"
"C0524461","Structure of lumen of body system","BIOLOGICAL_STRUCTURE","C0524461","4"
"C0524466","Intracranial","BIOLOGICAL_STRUCTURE","C0524466","1"
"C0524722","Gastrointestinal Surgical Procedure","NONBIOLOGICAL_LOCATION","C0524722","1"
"C0525032","International Normalized Ratio","DIAGNOSTIC_PROCEDURE","C0525032","1"
"C0526870","MBL2 protein, human","BIOLOGICAL_ATTRIBUTE","C0526870","1"
"C0541782","Atrial standstill","DISEASE_DISORDER","C0541782","1"
"C0542142","Recurrent Laryngeal Nerve Paralysis","DISEASE_DISORDER","C0542142","1"
"C0542339","Inferior","LAB_VALUE","C0542339","1"
"C0542341","Function (attribute)","DISEASE_DISORDER","C0542341","2"
"C0542560","Academic degree","LAB_VALUE","C0542560","6"
"C0543467","Operative Surgical Procedures","BIOLOGICAL_STRUCTURE","C0543467","19"
"C0543478","Residual Tumor","DISEASE_DISORDER","C0543478","4"
"C0544452","Disease remission","OUTCOME","C0544452","3"
"C0545082","Visit","CLINICAL_EVENT","C0545082","6"
"C0546003","Frontal and parietal lobes","BIOLOGICAL_STRUCTURE","C0546003","1"
"C0546959","Atrial tachycardia","DISEASE_DISORDER","C0546959","3"
"C0547030","Visual disturbance","SIGN_SYMPTOM","C0547030","1"
"C0547040","Minimal","SEVERITY","C0547040","4"
"C0547043","Up","LAB_VALUE","C0547043","2"
"C0547044","Smaller","QUALITATIVE_CONCEPT","C0547044","11"
"C0547054","Grade four rank","SEVERITY","C0547054","2"
"C0547070","Ablation","THERAPEUTIC_PROCEDURE","C0547070","1"
"C0549099","Perforation (observation)","DISEASE_DISORDER","C0549099","2"
"C0549113","Aortic Root","BIOLOGICAL_STRUCTURE","C0549113","5"
"C0549177","Large","SEVERITY","C0549177","8"
"C0549178","Continuous","DETAILED_DESCRIPTION","C0549178","7"
"C0549183","Midline (qualifier value)","AREA","C0549183","13"
"C0549186","Obstructed","SIGN_SYMPTOM","C0549186","1"
"C0549193","Parameter Value","DIAGNOSTIC_PROCEDURE","C0549193","2"
"C0549207","Bone structure of spine","BIOLOGICAL_STRUCTURE","C0549207","3"
"C0549397","Deviated nasal septum","DISEASE_DISORDER","C0549397","1"
"C0549433","Surgical intervention (finding)","THERAPEUTIC_PROCEDURE","C0549433","1"
"C0549622","Sexual Dysfunction","DISEASE_DISORDER","C0549622","1"
"C0554011","Superficial parotidectomy","THERAPEUTIC_PROCEDURE","C0554011","1"
"C0554756","Doppler studies","DIAGNOSTIC_PROCEDURE","C0554756","1"
"C0554808","Forced diuresis","THERAPEUTIC_PROCEDURE","C0554808","1"
"C0556615","Paint thinners","QUALITATIVE_CONCEPT","C0556615","1"
"C0556636","Gray unit of radiation dose","DOSAGE","C0556636","2"
"C0556983","Once daily","FREQUENCY","C0556983","5"
"C0556984","Three times daily","FREQUENCY","C0556984","3"
"C0557823","Treatment room","NONBIOLOGICAL_LOCATION","C0557823","1"
"C0558009","Pressure ulcer care","THERAPEUTIC_PROCEDURE","C0558009","2"
"C0558280","Morgue","NONBIOLOGICAL_LOCATION","C0558280","1"
"C0558353","Tongue Carcinoma","DISEASE_DISORDER","C0558353","1"
"C0558355","Tonsillar Carcinoma","DISEASE_DISORDER","C0558355","6"
"C0559987","Entire tendon of subscapularis muscle","BIOLOGICAL_STRUCTURE","C0559987","1"
"C0560014","cubic foot","DIAGNOSTIC_PROCEDURE","C0560014","1"
"C0561923","Revision of scar","THERAPEUTIC_PROCEDURE","C0561923","1"
"C0562508","Accident and Emergency department","NONBIOLOGICAL_LOCATION","C0562508","14"
"C0563054","Second floor","NONBIOLOGICAL_LOCATION","C0563054","1"
"C0563291","Mechanical compression","OTHER_ENTITY","C0563291","2"
"C0564444","Wound of skin","BIOLOGICAL_STRUCTURE","C0564444","2"
"C0565514","Compression procedure","THERAPEUTIC_PROCEDURE","C0565514","3"
"C0565824","Very preterm maturity of infant","SIGN_SYMPTOM","C0565824","1"
"C0567489","Lesion of breast","DIAGNOSTIC_PROCEDURE","C0567489","1"
"C0572933","Benzodiazepine overdose","DISEASE_DISORDER","C0572933","1"
"C0574032","Infusion procedures","THERAPEUTIC_PROCEDURE","C0574032","10"
"C0574347","Sindhi language","THERAPEUTIC_PROCEDURE","C0574347","5"
"C0576730","Changing position","THERAPEUTIC_PROCEDURE","C0576730","1"
"C0577053","Lesion of liver","DISEASE_DISORDER","C0577053","1"
"C0577554","Resonant","QUALITATIVE_CONCEPT","C0577554","2"
"C0577559","Mass of body structure","SIGN_SYMPTOM","C0577559","8"
"C0577916","Lesion of lung","DISEASE_DISORDER","C0577916","1"
"C0578998","On treatment for hypertension","THERAPEUTIC_PROCEDURE","C0578998","1"
"C0581269","Thoracic spine structure","BIOLOGICAL_STRUCTURE","C0581269","1"
"C0581603","Revascularization - action","THERAPEUTIC_PROCEDURE","C0581603","2"
"C0582103","Medical Examination","CLINICAL_EVENT","C0582103","2"
"C0582818","Superior rectus muscle structure","BIOLOGICAL_STRUCTURE","C0582818","1"
"C0582821","Lateral rectus muscle structure","BIOLOGICAL_STRUCTURE","C0582821","1"
"C0585026","Tuesday","DATE","C0585026","1"
"C0585027","Wednesday","DATE","C0585027","2"
"C0585186","Cutaneous hypersensitivity","NONBIOLOGICAL_LOCATION","C0585186","1"
"C0585322","Every two hours","FREQUENCY","C0585322","3"
"C0585324","Every four hours","FREQUENCY","C0585324","1"
"C0585329","Every morning","FREQUENCY","C0585329","1"
"C0585332","Biweekly","FREQUENCY","C0585332","1"
"C0585339","Every six months","FREQUENCY","C0585339","1"
"C0585361","Twice a day","FREQUENCY","C0585361","3"
"C0585636","Upper eyelid structure","BIOLOGICAL_STRUCTURE","C0585636","1"
"C0585941","Antihypertensive therapy","THERAPEUTIC_PROCEDURE","C0585941","2"
"C0587117","Evening","TIME","C0587117","1"
"C0587267","Closed","OUTCOME","C0587267","6"
"C0587453","Cardiology department","NONBIOLOGICAL_LOCATION","C0587453","1"
"C0587457","Clinical immunology department","NONBIOLOGICAL_LOCATION","C0587457","1"
"C0587461","Dermatology department","NONBIOLOGICAL_LOCATION","C0587461","1"
"C0587463","Endocrinology department","NONBIOLOGICAL_LOCATION","C0587463","1"
"C0587464","Gastroenterology department","NONBIOLOGICAL_LOCATION","C0587464","1"
"C0587472","Infectious diseases department","NONBIOLOGICAL_LOCATION","C0587472","1"
"C0587474","Nephrology department","NONBIOLOGICAL_LOCATION","C0587474","1"
"C0587475","Neurology department","NONBIOLOGICAL_LOCATION","C0587475","1"
"C0587476","Nuclear medicine department","NONBIOLOGICAL_LOCATION","C0587476","1"
"C0587478","Rehabilitation department","NONBIOLOGICAL_LOCATION","C0587478","3"
"C0587479","Rheumatology department","NONBIOLOGICAL_LOCATION","C0587479","1"
"C0587480","Obstetrics and gynecology department","NONBIOLOGICAL_LOCATION","C0587480","2"
"C0587481","Gynecology department","NONBIOLOGICAL_LOCATION","C0587481","1"
"C0587482","Pediatric department","NONBIOLOGICAL_LOCATION","C0587482","1"
"C0587491","Hematology department","NONBIOLOGICAL_LOCATION","C0587491","1"
"C0587496","Forensic psychiatry department","NONBIOLOGICAL_LOCATION","C0587496","3"
"C0587497","Psychogeriatric department","NONBIOLOGICAL_LOCATION","C0587497","1"
"C0587500","Radiology department","NONBIOLOGICAL_LOCATION","C0587500","1"
"C0587506","Thoracic surgery department","NONBIOLOGICAL_LOCATION","C0587506","1"
"C0587507","Cardiac surgery department","NONBIOLOGICAL_LOCATION","C0587507","1"
"C0587510","Oral surgery department","NONBIOLOGICAL_LOCATION","C0587510","1"
"C0587514","Ear, nose and throat department","NONBIOLOGICAL_LOCATION","C0587514","1"
"C0587515","Endocrine surgery department","NONBIOLOGICAL_LOCATION","C0587515","1"
"C0587516","Gastrointestinal surgery department","NONBIOLOGICAL_LOCATION","C0587516","1"
"C0587521","Hand surgery department","NONBIOLOGICAL_LOCATION","C0587521","1"
"C0587524","Ophthalmology department","NONBIOLOGICAL_LOCATION","C0587524","1"
"C0587525","Orthopedic department","NONBIOLOGICAL_LOCATION","C0587525","1"
"C0587528","Plastic surgery department","NONBIOLOGICAL_LOCATION","C0587528","1"
"C0587531","Urology department","NONBIOLOGICAL_LOCATION","C0587531","1"
"C0587532","Vascular surgery department","NONBIOLOGICAL_LOCATION","C0587532","1"
"C0587605","Palliative care service","DETAILED_DESCRIPTION","C0587605","1"
"C0587975","Physiotherapy department","NONBIOLOGICAL_LOCATION","C0587975","1"
"C0588054","Cervical lymph node group","BIOLOGICAL_STRUCTURE","C0588054","2"
"C0588193","Bone structure of shaft of femur","BIOLOGICAL_STRUCTURE","C0588193","1"
"C0589079","Two to three times a week","FREQUENCY","C0589079","1"
"C0589120","Follow-up status","CLINICAL_EVENT","C0589120","46"
"C0589121","Follow-up visit","CLINICAL_EVENT","C0589121","2"
"C0589347","Colonoscopic polypectomy","THERAPEUTIC_PROCEDURE","C0589347","2"
"C0595613","Intraosseous Route of Drug Administration","OTHER_ENTITY","C0595613","1"
"C0595816","Paravertebral route","BIOLOGICAL_STRUCTURE","C0595816","1"
"C0595989","Carcinoma of larynx","DISEASE_DISORDER","C0595989","1"
"C0596240","Cancer Pain","DISEASE_DISORDER","C0596240","1"
"C0596620","glucose metabolism","SIGN_SYMPTOM","C0596620","6"
"C0596893","medical appointment","CLINICAL_EVENT","C0596893","5"
"C0597237","Physical Phenomenon or Property","DISEASE_DISORDER","C0597237","1"
"C0597354","Radiotracers","OTHER_ENTITY","C0597354","1"
"C0597423","Saturated fat","OTHER_ENTITY","C0597423","1"
"C0598801","Diffusion weighted imaging","DIAGNOSTIC_PROCEDURE","C0598801","9"
"C0600433","Activated Protein C Resistance","DIAGNOSTIC_PROCEDURE","C0600433","2"
"C0600558","Neoadjuvant Therapy","THERAPEUTIC_PROCEDURE","C0600558","6"
"C0600620","Hospitalists","CLINICAL_EVENT","C0600620","3"
"C0600644","Collections (publication)","DIAGNOSTIC_PROCEDURE","C0600644","3"
"C0600661","Outlines (document)","BIOLOGICAL_ATTRIBUTE","C0600661","11"
"C0633084","Plavix","MEDICATION","C0633084","1"
"C0659450","Secure - resin cement","THERAPEUTIC_PROCEDURE","C0659450","1"
"C0677043","Histopathology","DIAGNOSTIC_PROCEDURE","C0677043","7"
"C0677490","Pulmonary angiogram","DIAGNOSTIC_PROCEDURE","C0677490","1"
"C0677554","Anastomosis - action","BIOLOGICAL_STRUCTURE","C0677554","1"
"C0677607","Hashimoto Disease","DISEASE_DISORDER","C0677607","27"
"C0677874","In complete remission","OUTCOME","C0677874","1"
"C0677897","Intrathecal Route of Drug Administration","COREFERENCE","C0677897","9"
"C0677944","Sentinel node (disorder)","BIOLOGICAL_STRUCTURE","C0677944","2"
"C0677984","Locally Advanced Malignant Neoplasm","SEVERITY","C0677984","1"
"C0678113","Actilyse","MEDICATION","C0678113","2"
"C0678234","Stenosis Morphology","DISEASE_DISORDER","C0678234","7"
"C0678274","Alcohol Abstinence","ACTIVITY","C0678274","1"
"C0678594","Structure","BIOLOGICAL_ATTRIBUTE","C0678594","6"
"C0678862","venous drainage","BIOLOGICAL_ATTRIBUTE","C0678862","6"
"C0679547","Panendoscopy","DIAGNOSTIC_PROCEDURE","C0679547","1"
"C0680940","conglomerate","SIGN_SYMPTOM","C0680940","5"
"C0682578","Glandular Epithelium","BIOLOGICAL_STRUCTURE","C0682578","2"
"C0682708","White matter","BIOLOGICAL_STRUCTURE","C0682708","4"
"C0683368","Symptoms aspect","SIGN_SYMPTOM","C0683368","16"
"C0684207","gastrointestinal circulatory insufficiency","DISEASE_DISORDER","C0684207","1"
"C0684249","Carcinoma of lung","DISEASE_DISORDER","C0684249","1"
"C0684320","Disease regression","OUTCOME","C0684320","6"
"C0685707","Muscular ventricular septum defect","DISEASE_DISORDER","C0685707","2"
"C0685938","Malignant neoplasm of gastrointestinal tract","THERAPEUTIC_PROCEDURE","C0685938","1"
"C0694665","right antecubital fossa","BIOLOGICAL_STRUCTURE","C0694665","2"
"C0699587","Biseptol","MEDICATION","C0699587","1"
"C0699756","Intimate (qualifier value)","BIOLOGICAL_STRUCTURE","C0699756","2"
"C0699900","Catabolism","SIGN_SYMPTOM","C0699900","2"
"C0699952","Fused","SIGN_SYMPTOM","C0699952","1"
"C0700124","Dilated","SIGN_SYMPTOM","C0700124","28"
"C0700148","Congestion","SIGN_SYMPTOM","C0700148","1"
"C0700198","Pulmonary aspiration","DIAGNOSTIC_PROCEDURE","C0700198","1"
"C0700321","Small","SEVERITY","C0700321","35"
"C0700372","On examination - pupil reaction to light","CLINICAL_EVENT","C0700372","1"
"C0700385","Dairy Cream","MEDICATION","C0700385","1"
"C0700431","Cardiac rehabilitation","NONBIOLOGICAL_LOCATION","C0700431","2"
"C0700589","Contraceptive methods","THERAPEUTIC_PROCEDURE","C0700589","3"
"C0701043","Ciprinol","MEDICATION","C0701043","1"
"C0702093","Per Minute","FREQUENCY","C0702093","14"
"C0702221","Touch sensation","BIOLOGICAL_ATTRIBUTE","C0702221","1"
"C0704349","Vitamin A & D, topical ointment","MEDICATION","C0704349","2"
"C0719517","Correct brand of docusate-phenolphthalein","QUALITATIVE_CONCEPT","C0719517","2"
"C0723422","Spironol","MEDICATION","C0723422","1"
"C0728907","Compression","THERAPEUTIC_PROCEDURE","C0728907","6"
"C0728985","Cervical spine","BIOLOGICAL_STRUCTURE","C0728985","7"
"C0729105","Metisol","MEDICATION","C0729105","1"
"C0729269","Periapical","BIOLOGICAL_STRUCTURE","C0729269","2"
"C0729594","Axillary lymph node group","BIOLOGICAL_STRUCTURE","C0729594","1"
"C0729936","Cardiac chamber structure","BIOLOGICAL_STRUCTURE","C0729936","4"
"C0730345","Microalbuminuria","SIGN_SYMPTOM","C0730345","2"
"C0732165","Somatostatin analog","MEDICATION","C0732165","2"
"C0733138","Cohesive bandage","MEDICATION","C0733138","1"
"C0733755","Positioning Attribute","BIOLOGICAL_ATTRIBUTE","C0733755","15"
"C0735431","Left ilium","BIOLOGICAL_STRUCTURE","C0735431","2"
"C0735694","Structure of left iliac crest","BIOLOGICAL_STRUCTURE","C0735694","1"
"C0736268","Liver parenchyma","BIOLOGICAL_STRUCTURE","C0736268","1"
"C0738485","Axillary line","BIOLOGICAL_STRUCTURE","C0738485","1"
"C0738490","Right anterior axillary line","AREA","C0738490","1"
"C0738590","Right hypochondriac region structure","BIOLOGICAL_STRUCTURE","C0738590","1"
"C0741469","Elevated Choriogonadotropin Subunit Beta","DIAGNOSTIC_PROCEDURE","C0741469","1"
"C0741614","Intestine Resection","BIOLOGICAL_STRUCTURE","C0741614","2"
"C0741899","Poorly differentiated carcinoma","DISEASE_DISORDER","C0741899","1"
"C0746922","Anatomic Node","BIOLOGICAL_STRUCTURE","C0746922","20"
"C0746961","Oxygen saturation below reference range","SIGN_SYMPTOM","C0746961","1"
"C0747273","Malignant tumour of parotid gland","BIOLOGICAL_STRUCTURE","C0747273","1"
"C0748541","sclerotic lesion","DISEASE_DISORDER","C0748541","3"
"C0750482","Slightly (qualifier value)","SEVERITY","C0750482","11"
"C0750493","Suspicious","DISEASE_DISORDER","C0750493","3"
"C0750502","Significant","SEVERITY","C0750502","4"
"C0750729","Course","BIOLOGICAL_ATTRIBUTE","C0750729","2"
"C0751774","Nocturnal Myoclonus Syndrome","DISEASE_DISORDER","C0751774","1"
"C0752079","Maximum Tolerated Dose","DOSAGE","C0752079","1"
"C0757844","TNFSF13 protein, human","DATE","C0757844","7"
"C0758740","MS 180","LAB_VALUE","C0758740","1"
"C0767563","MM 36","DISTANCE","C0767563","1"
"C0770246","PROTEIN SUPPLEMENTS","THERAPEUTIC_PROCEDURE","C0770246","5"
"C0772413","Prenatal vitamin","TIME","C0772413","1"
"C0796121","Primrose syndrome","BIOLOGICAL_STRUCTURE","C0796121","1"
"C0796494","lobe","BIOLOGICAL_STRUCTURE","C0796494","23"
"C0796693","Sentinel Lymph Node Biopsy","DIAGNOSTIC_PROCEDURE","C0796693","1"
"C0806140","Flow","SIGN_SYMPTOM","C0806140","25"
"C0806909","Maximum","QUALITATIVE_CONCEPT","C0806909","2"
"C0810484","Scales, Patient, Bedside","DETAILED_DESCRIPTION","C0810484","1"
"C0812305","EPCAM gene","LAB_VALUE","C0812305","1"
"C0812409","Gradient","BIOLOGICAL_ATTRIBUTE","C0812409","8"
"C0813207","Creation of shunt","SIGN_SYMPTOM","C0813207","7"
"C0815275","Subcortical","AREA","C0815275","2"
"C0817096","Chest","BIOLOGICAL_STRUCTURE","C0817096","20"
"C0817332","Right calcaneus","BIOLOGICAL_STRUCTURE","C0817332","1"
"C0818468","Right sternoclavicular joint","BIOLOGICAL_STRUCTURE","C0818468","1"
"C0818492","Right glenohumeral joint","BIOLOGICAL_STRUCTURE","C0818492","1"
"C0819141","Bronchial tree","BIOLOGICAL_STRUCTURE","C0819141","1"
"C0819757","Structure of parenchyma of lung","BIOLOGICAL_STRUCTURE","C0819757","4"
"C0824497","Neurovascular bundle","BIOLOGICAL_STRUCTURE","C0824497","1"
"C0824568","Right levator scapulae","BIOLOGICAL_STRUCTURE","C0824568","2"
"C0824571","Left supraspinatus","BIOLOGICAL_STRUCTURE","C0824571","1"
"C0824818","Proximal metaphysis","BIOLOGICAL_STRUCTURE","C0824818","1"
"C0827005","Left knee joint","BIOLOGICAL_STRUCTURE","C0827005","1"
"C0836131","Stratified squamous epithelium","BIOLOGICAL_STRUCTURE","C0836131","1"
"C0849355","Removed","THERAPEUTIC_PROCEDURE","C0849355","3"
"C0849487","physical rehabilitation","THERAPEUTIC_PROCEDURE","C0849487","4"
"C0850121","Tympanic ventilation tube","OTHER_ENTITY","C0850121","2"
"C0853946","pain aggravated","SIGN_SYMPTOM","C0853946","2"
"C0855002","Recurrent Lung Carcinoma Cell Type Unspecified","DISEASE_DISORDER","C0855002","1"
"C0856863","Broad-based gait","SHAPE","C0856863","1"
"C0857516","floppy","SIGN_SYMPTOM","C0857516","1"
"C0860888","Tomography, Spiral Computed","DIAGNOSTIC_PROCEDURE","C0860888","1"
"C0868945","Deterioration","SIGN_SYMPTOM","C0868945","2"
"C0871167","psychiatric clinics","NONBIOLOGICAL_LOCATION","C0871167","2"
"C0871311","Screening test","DIAGNOSTIC_PROCEDURE","C0871311","1"
"C0871510","Test Taking Skills","ADMINISTRATION","C0871510","3"
"C0876954","Contour form","DETAILED_DESCRIPTION","C0876954","6"
"C0877303","Post-Procedural Pain","CLINICAL_EVENT","C0877303","4"
"C0877441","sigmoid polyp","DISEASE_DISORDER","C0877441","1"
"C0877525","ultrasound thyroid","DIAGNOSTIC_PROCEDURE","C0877525","3"
"C0878061","Altace","MEDICATION","C0878061","1"
"C0878500","Intraepithelial Neoplasia","DISEASE_DISORDER","C0878500","1"
"C0878544","Cardiomyopathies","DISEASE_DISORDER","C0878544","1"
"C0878814","Capnometers","DIAGNOSTIC_PROCEDURE","C0878814","2"
"C0884358","Performed","CLINICAL_EVENT","C0884358","1"
"C0886384","5 minutes Office visit","DURATION","C0886384","3"
"C0917799","Hypersomnia","SIGN_SYMPTOM","C0917799","2"
"C0917939","Pyralgin","MEDICATION","C0917939","2"
"C0919267","ovarian neoplasm","DISEASE_DISORDER","C0919267","3"
"C0919414","Arabic numeral 0","LAB_VALUE","C0919414","3"
"C0919553","Histopathologic Grade","SEVERITY","C0919553","1"
"C0919691","Anastomotic Leak","DISEASE_DISORDER","C0919691","2"
"C0920321","Phase I Clinical Trials","NONBIOLOGICAL_LOCATION","C0920321","1"
"C0920367","Tomography, Optical Coherence","DIAGNOSTIC_PROCEDURE","C0920367","2"
"C0920810","Left trapezius","BIOLOGICAL_STRUCTURE","C0920810","1"
"C0920882","Region of neck (body structure)","BIOLOGICAL_STRUCTURE","C0920882","2"
"C0922651","Left lateral pterygoid","BIOLOGICAL_STRUCTURE","C0922651","1"
"C0922960","Structure of anatomical variant","DISEASE_DISORDER","C0922960","1"
"C0923926","Structure of right optic nerve","BIOLOGICAL_STRUCTURE","C0923926","1"
"C0923985","Vein of pterygoid canal","BIOLOGICAL_STRUCTURE","C0923985","2"
"C0925636","Right lingual nerve","BIOLOGICAL_STRUCTURE","C0925636","1"
"C0925962","Right cheek","BIOLOGICAL_STRUCTURE","C0925962","1"
"C0925963","Left cheek","BIOLOGICAL_STRUCTURE","C0925963","1"
"C0925985","Viscerocranium","BIOLOGICAL_STRUCTURE","C0925985","7"
"C0926578","Right orbital compartment","BIOLOGICAL_STRUCTURE","C0926578","3"
"C0926645","Pterygoid canal","BIOLOGICAL_STRUCTURE","C0926645","3"
"C0926667","Right foramen rotundum","BIOLOGICAL_STRUCTURE","C0926667","1"
"C0926669","Right foramen ovale","BIOLOGICAL_STRUCTURE","C0926669","2"
"C0926687","Right foramen lacerum","BIOLOGICAL_STRUCTURE","C0926687","2"
"C0926688","Left foramen lacerum","BIOLOGICAL_STRUCTURE","C0926688","1"
"C0926700","Left lingual tonsil","BIOLOGICAL_STRUCTURE","C0926700","1"
"C0926800","Ostium of Eustachian tube","BIOLOGICAL_STRUCTURE","C0926800","1"
"C0926856","Right lateral pharyngeal space","BIOLOGICAL_STRUCTURE","C0926856","2"
"C0926857","Left lateral pharyngeal space","BIOLOGICAL_STRUCTURE","C0926857","1"
"C0927095","Left ary-epiglottic fold","BIOLOGICAL_STRUCTURE","C0927095","1"
"C0927100","Left vestibular fold","BIOLOGICAL_STRUCTURE","C0927100","1"
"C0927349","Right stylomastoid foramen","BIOLOGICAL_STRUCTURE","C0927349","2"
"C0927350","Left stylomastoid foramen","BIOLOGICAL_STRUCTURE","C0927350","1"
"C0929176","Hilum","BIOLOGICAL_STRUCTURE","C0929176","1"
"C0929193","Right hemidiaphragm","BIOLOGICAL_STRUCTURE","C0929193","1"
"C0930553","Major salivary gland structure","BIOLOGICAL_STRUCTURE","C0930553","3"
"C0932431","Proximal epiphysis of tibia","BIOLOGICAL_STRUCTURE","C0932431","1"
"C0933845","Parenchyma","BIOLOGICAL_STRUCTURE","C0933845","41"
"C0934456","Right pharyngeal recess","BIOLOGICAL_STRUCTURE","C0934456","1"
"C0935243","Left mastoid process","BIOLOGICAL_STRUCTURE","C0935243","2"
"C0935277","Left foramen ovale","BIOLOGICAL_STRUCTURE","C0935277","3"
"C0935598","Sagittal plane","AREA","C0935598","1"
"C0936012","Analysis","DIAGNOSTIC_PROCEDURE","C0936012","6"
"C0948089","Acute Coronary Syndrome","DISEASE_DISORDER","C0948089","2"
"C0948163","Leukoaraiosis","BIOLOGICAL_STRUCTURE","C0948163","1"
"C0948501","Ultrasound examination","DIAGNOSTIC_PROCEDURE","C0948501","1"
"C0949766","Physical therapy","NONBIOLOGICAL_LOCATION","C0949766","2"
"C0951590","sodium copper chlorophyllin","DISEASE_DISORDER","C0951590","2"
"C0965053","prostein","DIAGNOSTIC_PROCEDURE","C0965053","1"
"C0996703","Nyctaginaceae","AREA","C0996703","2"
"C1096529","carotid pulse","SIGN_SYMPTOM","C1096529","1"
"C1116439","posterior fossa","BIOLOGICAL_STRUCTURE","C1116439","1"
"C1134719","Invasive Ductal Breast Carcinoma","DISEASE_DISORDER","C1134719","11"
"C1135858","Feijoa","DISEASE_DISORDER","C1135858","5"
"C1138412","Diet, Mediterranean","THERAPEUTIC_PROCEDURE","C1138412","1"
"C1138601","Pear (Dietary)","DETAILED_DESCRIPTION","C1138601","1"
"C1140618","Upper Extremity","BIOLOGICAL_STRUCTURE","C1140618","2"
"C1140621","Leg","BIOLOGICAL_STRUCTURE","C1140621","2"
"C1145640","Central venous catheter, device","OTHER_ENTITY","C1145640","1"
"C1145670","Respiratory Failure","DISEASE_DISORDER","C1145670","1"
"C1155266","Inflammatory Response","DISEASE_DISORDER","C1155266","2"
"C1178870","Structure of right buttock","BIOLOGICAL_STRUCTURE","C1178870","1"
"C1179022","Inframammary fold","BIOLOGICAL_STRUCTURE","C1179022","1"
"C1179211","Cervicothoracic junction","BIOLOGICAL_STRUCTURE","C1179211","1"
"C1179435","Protein Component","BIOLOGICAL_STRUCTURE","C1179435","1"
"C1179480","Peripheral lymph","BIOLOGICAL_STRUCTURE","C1179480","1"
"C1179989","Axon Initial Segment","BIOLOGICAL_STRUCTURE","C1179989","1"
"C1182912","Set of limb joints","BIOLOGICAL_STRUCTURE","C1182912","1"
"C1183537","Popliteal part of left knee","BIOLOGICAL_STRUCTURE","C1183537","1"
"C1183837","Glandular part of prostate","BIOLOGICAL_STRUCTURE","C1183837","2"
"C1185625","Anatomical compartments","BIOLOGICAL_STRUCTURE","C1185625","1"
"C1185714","Nucleus Pulposus","DISEASE_DISORDER","C1185714","1"
"C1186706","Bolus of ingested food","ADMINISTRATION","C1186706","1"
"C1253959","Branch of","BIOLOGICAL_STRUCTURE","C1253959","3"
"C1254855","24 Hour Urine Protein Test","DURATION","C1254855","3"
"C1260873","Aortic valve disorder","DISEASE_DISORDER","C1260873","1"
"C1261074","Structure of right upper lobe of lung","BIOLOGICAL_STRUCTURE","C1261074","1"
"C1261075","Structure of right lower lobe of lung","BIOLOGICAL_STRUCTURE","C1261075","103"
"C1261077","Structure of left lower lobe of lung","BIOLOGICAL_STRUCTURE","C1261077","99"
"C1261082","Left coronary artery structure","BIOLOGICAL_STRUCTURE","C1261082","1"
"C1261316","Right coronary artery structure","BIOLOGICAL_STRUCTURE","C1261316","2"
"C1261322","Evaluation procedure","DIAGNOSTIC_PROCEDURE","C1261322","1"
"C1261381","Destructive procedure (surgical)","SIGN_SYMPTOM","C1261381","12"
"C1261473","Sarcoma","DISEASE_DISORDER","C1261473","1"
"C1262477","Weight Loss","THERAPEUTIC_PROCEDURE","C1262477","8"
"C1262869","Body position","THERAPEUTIC_PROCEDURE","C1262869","2"
"C1264124","Pelvic lymphadenopathy","SIGN_SYMPTOM","C1264124","2"
"C1264626","Weakly-reactive","SEVERITY","C1264626","1"
"C1264633","Fraction of","DOSAGE","C1264633","8"
"C1265996","Large cell neuroendocrine carcinoma","DISEASE_DISORDER","C1265996","2"
"C1266002","Non-small cell carcinoma","DISEASE_DISORDER","C1266002","1"
"C1266025","Traditional Serrated Adenoma","DISEASE_DISORDER","C1266025","1"
"C1269955","Tumor Cell Invasion","SIGN_SYMPTOM","C1269955","3"
"C1271104","Blood pressure finding","DIAGNOSTIC_PROCEDURE","C1271104","4"
"C1272321","Autoantibody measurement","DIAGNOSTIC_PROCEDURE","C1272321","1"
"C1272654","Wound care management","THERAPEUTIC_PROCEDURE","C1272654","1"
"C1272689","Started","CLINICAL_EVENT","C1272689","1"
"C1272694","Abandoned","CLINICAL_EVENT","C1272694","1"
"C1272705","Unsuccessful","OUTCOME","C1272705","1"
"C1274039","General surgery specialty","NONBIOLOGICAL_LOCATION","C1274039","3"
"C1274040","Result","OUTCOME","C1274040","6"
"C1274104","Obstetrics and gynecology (clinical specialty)","AREA","C1274104","1"
"C1275551","Every three days","FREQUENCY","C1275551","7"
"C1275631","Anal part of perineum","BIOLOGICAL_STRUCTURE","C1275631","1"
"C1275813","Ratio of mitral valve acceleration time to mitral valve deceleration time","BIOLOGICAL_ATTRIBUTE","C1275813","1"
"C1276414","Care of neurological patient","THERAPEUTIC_PROCEDURE","C1276414","3"
"C1277077","Irradiated blood product (product)","THERAPEUTIC_PROCEDURE","C1277077","1"
"C1279941","Late stage","SEVERITY","C1279941","1"
"C1280412","Thick","BIOLOGICAL_ATTRIBUTE","C1280412","2"
"C1280519","Effectiveness","OUTCOME","C1280519","3"
"C1282007","Pulmonary Artery Branch","BIOLOGICAL_STRUCTURE","C1282007","1"
"C1282907","Low Grade","SEVERITY","C1282907","2"
"C1282910","Upper","AREA","C1282910","5"
"C1282914","Surrounding (qualifier value)","DETAILED_DESCRIPTION","C1282914","2"
"C1282927","Shortened","QUALITATIVE_CONCEPT","C1282927","4"
"C1282930","Irradiation (physical force)","THERAPEUTIC_PROCEDURE","C1282930","8"
"C1283174","Checking (action)","DIAGNOSTIC_PROCEDURE","C1283174","2"
"C1285092","Gland","BIOLOGICAL_STRUCTURE","C1285092","7"
"C1285116","Right hip joint structure","BIOLOGICAL_STRUCTURE","C1285116","1"
"C1287351","Finding of liver enzyme levels","BIOLOGICAL_STRUCTURE","C1287351","2"
"C1288329","Structure of lower uterine segment","BIOLOGICAL_STRUCTURE","C1288329","75"
"C1289877","Reservoir device","OTHER_ENTITY","C1289877","3"
"C1289919","Intravenous fluid","MEDICATION","C1289919","1"
"C1292425","2 Hours","DURATION","C1292425","3"
"C1292428","6 Hours","DURATION","C1292428","1"
"C1292732","Investigates","DIAGNOSTIC_PROCEDURE","C1292732","1"
"C1292734","Treatment intent","THERAPEUTIC_PROCEDURE","C1292734","1"
"C1293130","Stabilization","OUTCOME","C1293130","1"
"C1293134","Enlargement procedure","SIGN_SYMPTOM","C1293134","15"
"C1299392","Mild to moderate","SEVERITY","C1299392","3"
"C1299393","Moderate to severe","SEVERITY","C1299393","1"
"C1299622","Empirical antibiotic therapy","THERAPEUTIC_PROCEDURE","C1299622","10"
"C1300071","Tumor Weight","DISEASE_DISORDER","C1300071","2"
"C1300563","Gram per Kilogram","DOSAGE","C1300563","1"
"C1301411","Regurgitant flow","SIGN_SYMPTOM","C1301411","1"
"C1301886","Diameter (qualifier value)","BIOLOGICAL_ATTRIBUTE","C1301886","9"
"C1302222","Parasternal long axis view","DIAGNOSTIC_PROCEDURE","C1302222","2"
"C1302301","Left ventricular area fractional change","BIOLOGICAL_ATTRIBUTE","C1302301","1"
"C1302316","Subcostal long axis view","DIAGNOSTIC_PROCEDURE","C1302316","1"
"C1305372","Hilar lymph node","BIOLOGICAL_STRUCTURE","C1305372","4"
"C1305702","Ward (environment)","NONBIOLOGICAL_LOCATION","C1305702","2"
"C1306710","Facial asymmetry","QUALITATIVE_CONCEPT","C1306710","2"
"C1308727","RBBP8 protein, human","SHAPE","C1308727","5"
"C1314763","Phenotyping (qualifier value)","DIAGNOSTIC_PROCEDURE","C1314763","2"
"C1314939","Involvement with","SIGN_SYMPTOM","C1314939","4"
"C1315058","Coagulation order set","DIAGNOSTIC_PROCEDURE","C1315058","2"
"C1317608","Perineural spread","SIGN_SYMPTOM","C1317608","1"
"C1318500","Non-toxic nodular goiter","DISEASE_DISORDER","C1318500","2"
"C1321013","Hydration status","THERAPEUTIC_PROCEDURE","C1321013","1"
"C1321164","Gynecologic Oncology","AREA","C1321164","1"
"C1321598","panthenol","MEDICATION","C1321598","1"
"C1325847","Sensitization (observable entity)","THERAPEUTIC_PROCEDURE","C1325847","1"
"C1332138","Acinar Pattern","BIOLOGICAL_ATTRIBUTE","C1332138","1"
"C1332139","Prostate Acinar Adenocarcinoma","DISEASE_DISORDER","C1332139","3"
"C1332420","BLNK gene","DISEASE_DISORDER","C1332420","1"
"C1332629","Breast Fibrocystic Change, Proliferative Type","DISEASE_DISORDER","C1332629","1"
"C1332743","CDX2 gene","DIAGNOSTIC_PROCEDURE","C1332743","1"
"C1332897","Central Scar","DISEASE_DISORDER","C1332897","2"
"C1333036","Chronic Inflammatory Infiltrate","SIGN_SYMPTOM","C1333036","1"
"C1333127","Comedo Necrosis","DISEASE_DISORDER","C1333127","2"
"C1333762","Gastric Cardia Adenocarcinoma","DISEASE_DISORDER","C1333762","1"
"C1334274","Invasive Carcinoma","DISEASE_DISORDER","C1334274","2"
"C1334642","Maxillary Sinus Adenocarcinoma","DISEASE_DISORDER","C1334642","1"
"C1334936","Neoplasm of Uncertain Histogenesis","DISEASE_DISORDER","C1334936","1"
"C1335070","Nuclear Atypia","BIOLOGICAL_ATTRIBUTE","C1335070","2"
"C1335411","Cyst of pineal gland","DISEASE_DISORDER","C1335411","1"
"C1335648","RRM1 gene","CLINICAL_EVENT","C1335648","3"
"C1335840","SMARCA1 gene","DIAGNOSTIC_PROCEDURE","C1335840","1"
"C1336028","Solid Growth Pattern","BIOLOGICAL_ATTRIBUTE","C1336028","1"
"C1336827","Tropical Disease","NONBIOLOGICAL_LOCATION","C1336827","2"
"C1337479","Liquid Soap Dosage Form","MEDICATION","C1337479","6"
"C1368404","Hypopharyngeal Carcinoma","DISEASE_DISORDER","C1368404","1"
"C1378128","Cream","MEDICATION","C1378128","3"
"C1384494","Metastatic Carcinoma","DISEASE_DISORDER","C1384494","7"
"C1384616","NKX2-1 gene","LAB_VALUE","C1384616","1"
"C1384816","Idiopathic pulmonary artery dilatation","DISEASE_DISORDER","C1384816","1"
"C1402315","Vascular lesions","DISEASE_DISORDER","C1402315","1"
"C1409894","Sphincter","BIOLOGICAL_STRUCTURE","C1409894","1"
"C1417938","TENM1 gene","DIAGNOSTIC_PROCEDURE","C1417938","1"
"C1418370","SERPINA5 gene","THERAPEUTIC_PROCEDURE","C1418370","1"
"C1418552","SERPINE2 gene","SIGN_SYMPTOM","C1418552","1"
"C1418985","PSEN1 gene","LAB_VALUE","C1418985","2"
"C1426025","SLC5A8 gene","DISEASE_DISORDER","C1426025","1"
"C1441552","Diabetology","AREA","C1441552","1"
"C1442162","GIVEN","ADMINISTRATION","C1442162","5"
"C1442452","1 Week","DURATION","C1442452","2"
"C1442455","2 Days","DURATION","C1442455","1"
"C1442456","2 Months","DURATION","C1442456","6"
"C1442457","2 Weeks","DURATION","C1442457","5"
"C1442458","30 Minutes","DURATION","C1442458","1"
"C1442459","3 Days","DURATION","C1442459","2"
"C1442461","3 Months","DURATION","C1442461","1"
"C1442462","3 Weeks","DURATION","C1442462","7"
"C1442466","5 Days","DURATION","C1442466","1"
"C1442770","24 Hours","DURATION","C1442770","3"
"C1442903","Exostoses","SIGN_SYMPTOM","C1442903","1"
"C1443271","Cervicothoracic vertebral column","BIOLOGICAL_STRUCTURE","C1443271","1"
"C1444662","Discontinued","CLINICAL_EVENT","C1444662","1"
"C1444754","Length","QUANTITATIVE_CONCEPT","C1444754","1"
"C1444778","Constricting sensation quality","SIGN_SYMPTOM","C1444778","1"
"C1446409","Positive","QUALITATIVE_CONCEPT","C1446409","11"
"C1449669","Bandages, Hydrogel","MEDICATION","C1449669","1"
"C1455761","Episodic","DETAILED_DESCRIPTION","C1455761","1"
"C1456587","Bariatric Surgery","THERAPEUTIC_PROCEDURE","C1456587","1"
"C1456637","Blood Transfusion and Donation","NONBIOLOGICAL_LOCATION","C1456637","1"
"C1457868","Worse","OUTCOME","C1457868","4"
"C1457869","Defect","SIGN_SYMPTOM","C1457869","3"
"C1496343","Streptococcus pseudopneumoniae","BIOLOGICAL_STRUCTURE","C1496343","1"
"C1508335","View MLO","DIAGNOSTIC_PROCEDURE","C1508335","1"
"C1508554","Carotid vessel","BIOLOGICAL_STRUCTURE","C1508554","4"
"C1510416","Coffee ground vomiting","SIGN_SYMPTOM","C1510416","2"
"C1510472","Drug Dependence","DISEASE_DISORDER","C1510472","9"
"C1510483","Fine needle aspiration biopsy","DIAGNOSTIC_PROCEDURE","C1510483","3"
"C1510886","Angioinvasion","SIGN_SYMPTOM","C1510886","2"
"C1510912","Anterior Portion of the Corpus Callosum Cistern","BIOLOGICAL_STRUCTURE","C1510912","1"
"C1511497","Continuous Intravenous Infusion","ADMINISTRATION","C1511497","2"
"C1511545","Critical","SEVERITY","C1511545","2"
"C1511572","event cycle","CLINICAL_EVENT","C1511572","8"
"C1511606","Cystic lesions","SIGN_SYMPTOM","C1511606","6"
"C1512080","Dryness (characteristic)","THERAPEUTIC_PROCEDURE","C1512080","1"
"C1512122","Normal Axis Deviation by ECG Finding","LAB_VALUE","C1512122","1"
"C1512433","High Grade Cervical Squamous Intraepithelial Neoplasia","SEVERITY","C1512433","3"
"C1512457","High Resolution Computed Tomography","DIAGNOSTIC_PROCEDURE","C1512457","1"
"C1512855","Interlobar","BIOLOGICAL_STRUCTURE","C1512855","1"
"C1512863","Intermediate Grade","SEVERITY","C1512863","2"
"C1512910","Intra-abdominal","DISEASE_DISORDER","C1512910","1"
"C1513123","Meningothelial cell","DISEASE_DISORDER","C1513123","2"
"C1513155","Mesorectal","BIOLOGICAL_STRUCTURE","C1513155","2"
"C1513183","Metastatic Lesion","DISEASE_DISORDER","C1513183","5"
"C1513375","Moderate Exercise","ACTIVITY","C1513375","1"
"C1514562","Protein Domain","SIGN_SYMPTOM","C1514562","2"
"C1514821","Registration","CLINICAL_EVENT","C1514821","1"
"C1514893","physiologic resolution","OUTCOME","C1514893","6"
"C1515090","Surgical Oncology specialty","NONBIOLOGICAL_LOCATION","C1515090","1"
"C1515151","TE33","VOLUME","C1515151","2"
"C1515981","And","DETAILED_DESCRIPTION","C1515981","1"
"C1516609","Clinical Endocrinology","NONBIOLOGICAL_LOCATION","C1516609","1"
"C1516620","Clinical Nutrition","NONBIOLOGICAL_LOCATION","C1516620","1"
"C1516635","Clinical Treatment","NONBIOLOGICAL_LOCATION","C1516635","2"
"C1517031","Extensive Stage","SEVERITY","C1517031","1"
"C1517320","From","BIOLOGICAL_STRUCTURE","C1517320","1"
"C1517586","Investigational","DIAGNOSTIC_PROCEDURE","C1517586","1"
"C1517912","Liver Acinus Zone 2","BIOLOGICAL_STRUCTURE","C1517912","2"
"C1517927","Locally","DETAILED_DESCRIPTION","C1517927","1"
"C1518005","Low Grade Cervical Squamous Intraepithelial Neoplasia","SEVERITY","C1518005","6"
"C1518345","Nodular lesions","SIGN_SYMPTOM","C1518345","5"
"C1518425","Not Otherwise Specified","DISEASE_DISORDER","C1518425","1"
"C1518495","Nutrition Monitoring","THERAPEUTIC_PROCEDURE","C1518495","1"
"C1518927","Pediatric Hematology/Oncology","NONBIOLOGICAL_LOCATION","C1518927","2"
"C1519215","Secondary Lesion","DISEASE_DISORDER","C1519215","1"
"C1519256","Serosal Surface of the Liver","BIOLOGICAL_STRUCTURE","C1519256","2"
"C1519453","Spiculate","SHAPE","C1519453","2"
"C1519815","Upper Limit of Normal","QUALITATIVE_CONCEPT","C1519815","1"
"C1520224","ECOG performance status","CLINICAL_EVENT","C1520224","3"
"C1521827","Preparation","MEDICATION","C1521827","2"
"C1521970","Characteristics","DIAGNOSTIC_PROCEDURE","C1521970","1"
"C1522240","Process","DISEASE_DISORDER","C1522240","4"
"C1522326","Treating","THERAPEUTIC_PROCEDURE","C1522326","2"
"C1522407","Supratentorial Brain","AREA","C1522407","1"
"C1522408","Coating (film)","SIGN_SYMPTOM","C1522408","1"
"C1522438","Subcutaneous Route of Drug Administration","ADMINISTRATION","C1522438","5"
"C1522449","Therapeutic radiology procedure","BIOLOGICAL_STRUCTURE","C1522449","3"
"C1522577","follow-up","DIAGNOSTIC_PROCEDURE","C1522577","7"
"C1522726","Intravenous Route of Drug Administration","ADMINISTRATION","C1522726","26"
"C1524026","Metabolic Process, Cellular","BIOLOGICAL_ATTRIBUTE","C1524026","2"
"C1524062","Additional","BIOLOGICAL_STRUCTURE","C1524062","1"
"C1527180","Dominant","SIGN_SYMPTOM","C1527180","5"
"C1527415","Oral Route of Drug administration","ADMINISTRATION","C1527415","1"
"C1527428","Remaining","BIOLOGICAL_STRUCTURE","C1527428","2"
"C1531518","Biological treatment","THERAPEUTIC_PROCEDURE","C1531518","1"
"C1532780","mL/m2","LAB_VALUE","C1532780","1"
"C1546923","Correction - Report timing","THERAPEUTIC_PROCEDURE","C1546923","3"
"C1547061","10 days","DURATION","C1547061","1"
"C1547116","Patient location type - Department","NONBIOLOGICAL_LOCATION","C1547116","24"
"C1547225","Mild Severity of Illness Code","SEVERITY","C1547225","3"
"C1547251","Platelet Concentrate - blood product code","MEDICATION","C1547251","1"
"C1547538","Facility (object)","NONBIOLOGICAL_LOCATION","C1547538","1"
"C1548564","Refused - Completion Status for valid values","CLINICAL_EVENT","C1548564","1"
"C1548788","Inappropriate","THERAPEUTIC_PROCEDURE","C1548788","1"
"C1548982","Washed","THERAPEUTIC_PROCEDURE","C1548982","3"
"C1549003","Transfused","THERAPEUTIC_PROCEDURE","C1549003","7"
"C1550016","Remote control command - Clear","QUALITATIVE_CONCEPT","C1550016","23"
"C1550235","Cord - Body Parts","BIOLOGICAL_STRUCTURE","C1550235","2"
"C1550309","Submandibular","AREA","C1550309","2"
"C1550513","via","ADMINISTRATION","C1550513","1"
"C1550549","Act Relationship Checkpoint - through","SIGN_SYMPTOM","C1550549","1"
"C1550738","ante cibus","TIME","C1550738","3"
"C1552443","Clinic / Center - Primary Care","NONBIOLOGICAL_LOCATION","C1552443","6"
"C1552453","Ambulatory Health Care Facilities; Clinic/Center; Rehabilitation: Cardiac Facilities","NONBIOLOGICAL_LOCATION","C1552453","16"
"C1552775","Otorhinolaryngology clinic","NONBIOLOGICAL_LOCATION","C1552775","1"
"C1552811","Urology clinic (surgery clinic)","NONBIOLOGICAL_LOCATION","C1552811","12"
"C1552961","point - UnitsOfMeasure","NONBIOLOGICAL_LOCATION","C1552961","2"
"C1555029","reverses","QUALITATIVE_CONCEPT","C1555029","1"
"C1608324","Vascular Access Ports","THERAPEUTIC_PROCEDURE","C1608324","1"
"C1621425","cribriform","DETAILED_DESCRIPTION","C1621425","2"
"C1621958","Glioblastoma Multiforme","DISEASE_DISORDER","C1621958","1"
"C1622967","cell periphery","AREA","C1622967","2"
"C1627358","Refractive surgery enhancement","SIGN_SYMPTOM","C1627358","2"
"C1632850","apply - action","ADMINISTRATION","C1632850","6"
"C1696103","image - dosage form","DIAGNOSTIC_PROCEDURE","C1696103","1"
"C1704212","Embolus","DISEASE_DISORDER","C1704212","1"
"C1704221","Physicians, Family","NONBIOLOGICAL_LOCATION","C1704221","1"
"C1704247","Peritoneal Cavity","BIOLOGICAL_STRUCTURE","C1704247","1"
"C1704322","Orientation (spatial)","SIGN_SYMPTOM","C1704322","2"
"C1704407","Arabic numeral 100","VOLUME","C1704407","4"
"C1704448","Ventral","AREA","C1704448","4"
"C1704532","Active Method","THERAPEUTIC_PROCEDURE","C1704532","2"
"C1704534","Positional Technique","THERAPEUTIC_PROCEDURE","C1704534","1"
"C1704729","Department","NONBIOLOGICAL_LOCATION","C1704729","5"
"C1705057","Circumferential Resection Margin","BIOLOGICAL_STRUCTURE","C1705057","3"
"C1705822","Transfer Technique","THERAPEUTIC_PROCEDURE","C1705822","1"
"C1706089","Marked","SEVERITY","C1706089","1"
"C1706311","Junction Device","AREA","C1706311","1"
"C1706540","To - dosing instruction fragment","BIOLOGICAL_STRUCTURE","C1706540","2"
"C1706907","Background","LAB_VALUE","C1706907","1"
"C1707491","Consecutive","DURATION","C1707491","2"
"C1707520","Correlation","DIAGNOSTIC_PROCEDURE","C1707520","1"
"C1708548","Intestinal Wall Tissue","BIOLOGICAL_STRUCTURE","C1708548","3"
"C1708664","Leaflet Device","BIOLOGICAL_STRUCTURE","C1708664","7"
"C1708738","Loss of Pulse","SIGN_SYMPTOM","C1708738","1"
"C1708745","Low-Dose Treatment","DIAGNOSTIC_PROCEDURE","C1708745","3"
"C1708790","Lymphatic Invasion","SIGN_SYMPTOM","C1708790","1"
"C1709160","Neoplastic","BIOLOGICAL_ATTRIBUTE","C1709160","6"
"C1709318","Oncotype DX Breast Cancer Assay","DIAGNOSTIC_PROCEDURE","C1709318","2"
"C1709367","Oval shape","SHAPE","C1709367","10"
"C1709518","Pharmacodynamic Study","DIAGNOSTIC_PROCEDURE","C1709518","2"
"C1709763","Psychiatric Facility","NONBIOLOGICAL_LOCATION","C1709763","3"
"C1710016","Satellite Nodule","SIGN_SYMPTOM","C1710016","2"
"C1710057","Serrated Glandular Architecture","SIGN_SYMPTOM","C1710057","1"
"C1710082","Signal","BIOLOGICAL_ATTRIBUTE","C1710082","8"
"C1710637","Vmax","BIOLOGICAL_ATTRIBUTE","C1710637","2"
"C1711128","pT1a Stage Finding","LAB_VALUE","C1711128","1"
"C1720529","Constant - dosing instruction fragment","QUALITATIVE_CONCEPT","C1720529","2"
"C1720725","Twice - dosing instruction fragment","FREQUENCY","C1720725","2"
"C1720786","Antibiogram","DIAGNOSTIC_PROCEDURE","C1720786","1"
"C1720798","Radiation-Recall Dermatitis","DISEASE_DISORDER","C1720798","6"
"C1721086","Surgical Fixation Devices","THERAPEUTIC_PROCEDURE","C1721086","2"
"C1762617","Weak","SIGN_SYMPTOM","C1762617","3"
"C1806781","Short","BIOLOGICAL_ATTRIBUTE","C1806781","1"
"C1822765","SLC45A3 gene","LAB_VALUE","C1822765","2"
"C1827384","Structure of permanent mandibular left central incisor tooth","VOLUME","C1827384","2"
"C1827665","Structure of permanent mandibular right central incisor tooth","VOLUME","C1827665","5"
"C1828004","Magill forceps, device","OTHER_ENTITY","C1828004","5"
"C1838681","Rapidly progressive","DETAILED_DESCRIPTION","C1838681","1"
"C1851759","ELECTROENCEPHALOGRAPHIC VARIANT PATTERN 1 (disorder)","DETAILED_DESCRIPTION","C1851759","1"
"C1855665","Ovoid vertebral bodies","THERAPEUTIC_PROCEDURE","C1855665","1"
"C1856053","Hydranencephaly with Renal Aplasia-Dysplasia","DATE","C1856053","7"
"C1861329","Spinal canal stenosis","DISEASE_DISORDER","C1861329","1"
"C1862393","ASD II","DISEASE_DISORDER","C1862393","1"
"C1868677","PHOTOPAROXYSMAL RESPONSE 1","OUTCOME","C1868677","1"
"C1879707","Anterior Foramen Magnum","BIOLOGICAL_STRUCTURE","C1879707","1"
"C1880268","Material Deformation","SIGN_SYMPTOM","C1880268","1"
"C1880476","Etoposide-Platinol Regimen","MEDICATION","C1880476","1"
"C1881065","Homogeneity","TEXTURE","C1881065","18"
"C1882138","ocrelizumab","MEDICATION","C1882138","1"
"C1882428","Post-Therapy","SIGN_SYMPTOM","C1882428","2"
"C1882954","Ring Dosing Unit","DOSAGE","C1882954","2"
"C1883073","Electromagnetic Spectrum","BIOLOGICAL_ATTRIBUTE","C1883073","3"
"C1883171","Stir","DIAGNOSTIC_PROCEDURE","C1883171","1"
"C1883259","Taxotere-Platinol-Fluorouracil Regimen","MEDICATION","C1883259","2"
"C1883476","Upon Awakening-schedule frequency","ACTIVITY","C1883476","1"
"C1947930","Cleaning (activity)","THERAPEUTIC_PROCEDURE","C1947930","3"
"C1947933","care activity","THERAPEUTIC_PROCEDURE","C1947933","5"
"C1947971","Give - dosing instruction imperative","ADMINISTRATION","C1947971","1"
"C1955856","Surgical Stoma","BIOLOGICAL_STRUCTURE","C1955856","1"
"C1956050","Rats, Hairless","SIGN_SYMPTOM","C1956050","1"
"C1956089","Osteophyte","SIGN_SYMPTOM","C1956089","1"
"C1956261","Cerebral Venous Angioma","DISEASE_DISORDER","C1956261","1"
"C1960973","Home oxygen therapy","THERAPEUTIC_PROCEDURE","C1960973","4"
"C1961205","Scissors, Wound Debridement","THERAPEUTIC_PROCEDURE","C1961205","2"
"C1961548","Metallic suture","OTHER_ENTITY","C1961548","2"
"C1998045","Subclinical hyperthyroidism","DISEASE_DISORDER","C1998045","1"
"C2003903","Profiling (action)","DIAGNOSTIC_PROCEDURE","C2003903","4"
"C2004489","Regurgitation","SIGN_SYMPTOM","C2004489","9"
"C2041478","CT of abdomen without contrast","DIAGNOSTIC_PROCEDURE","C2041478","2"
"C2062763","Benzodiazepine abuse","DISEASE_DISORDER","C2062763","1"
"C2259071","regulation of body fluid levels","SIGN_SYMPTOM","C2259071","3"
"C2262860","annulus","BIOLOGICAL_STRUCTURE","C2262860","1"
"C2315935","Computed tomography of abdomen and pelvis with contrast","DIAGNOSTIC_PROCEDURE","C2315935","2"
"C2316467","Packed red blood cells","MEDICATION","C2316467","8"
"C2323733","Right globus pallidus","BIOLOGICAL_STRUCTURE","C2323733","1"
"C2327334","Left retropharyngeal lymph node","BIOLOGICAL_STRUCTURE","C2327334","1"
"C2346714","Abundance","SEVERITY","C2346714","2"
"C2348041","Diffusion Anisotropy","DIAGNOSTIC_PROCEDURE","C2348041","2"
"C2348205","Similarity","DETAILED_DESCRIPTION","C2348205","1"
"C2348234","Specialist Physician","NONBIOLOGICAL_LOCATION","C2348234","5"
"C2348813","Transabdominal Ultrasound","DIAGNOSTIC_PROCEDURE","C2348813","9"
"C2348831","Two Hundred Fifty","VOLUME","C2348831","2"
"C2349809","Excessive physical exertion","ACTIVITY","C2349809","1"
"C2349975","Enhance (action)","SIGN_SYMPTOM","C2349975","6"
"C2353951","dapagliflozin","MEDICATION","C2353951","2"
"C2362761","Inpatient hospital","NONBIOLOGICAL_LOCATION","C2362761","3"
"C2362912","Moving and Lifting Patients","THERAPEUTIC_PROCEDURE","C2362912","1"
"C2607383","Octenisept","MEDICATION","C2607383","1"
"C2610480","trabecula formation","SIGN_SYMPTOM","C2610480","1"
"C2610947","mucus secretion","SIGN_SYMPTOM","C2610947","1"
"C2673622","Mucosal lesions","DISEASE_DISORDER","C2673622","1"
"C2674297","Lymphocytic inflammatory infiltrate","DISEASE_DISORDER","C2674297","1"
"C2697906","Left Posterolateral Segment","BIOLOGICAL_STRUCTURE","C2697906","1"
"C2699744","Symmetric Relationship","QUALITATIVE_CONCEPT","C2699744","12"
"C2700395","Smallest","SEVERITY","C2700395","2"
"C2720532","Laboratory Tonometers","BIOLOGICAL_ATTRIBUTE","C2720532","2"
"C2724205","Present +++ out of ++++","LAB_VALUE","C2724205","1"
"C2733564","Full thickness hole of macula lutea","SEVERITY","C2733564","2"
"C2825055","Recurrence (disease attribute)","CLINICAL_EVENT","C2825055","2"
"C2825166","Stress Cardiac Magnetic Resonance Imaging","DIAGNOSTIC_PROCEDURE","C2825166","1"
"C2825199","Ventricular Lead","OTHER_ENTITY","C2825199","1"
"C2825201","Atrial Closure Device","THERAPEUTIC_PROCEDURE","C2825201","1"
"C2825202","Ventricular Closure Device","THERAPEUTIC_PROCEDURE","C2825202","1"
"C2826108","Restricted Diffusion","SIGN_SYMPTOM","C2826108","3"
"C2827061","Clinical Laboratory Improvement Act","OUTCOME","C2827061","1"
"C2827068","Histopathology Result","DIAGNOSTIC_PROCEDURE","C2827068","2"
"C2827738","Interim","QUALITATIVE_CONCEPT","C2827738","1"
"C2828129","Incorrect Patient Position","QUALITATIVE_CONCEPT","C2828129","3"
"C2828394","Prenatal (temporal qualifier)","THERAPEUTIC_PROCEDURE","C2828394","1"
"C2923055","Video assisted thoracoscopy","THERAPEUTIC_PROCEDURE","C2923055","3"
"C2924624","Sinotubular Junction","BIOLOGICAL_STRUCTURE","C2924624","2"
"C2930544","Low-Calorie Diet","THERAPEUTIC_PROCEDURE","C2930544","1"
"C2931822","Nasopharyngeal carcinoma","DISEASE_DISORDER","C2931822","6"
"C2936173","Percutaneous Transluminal Coronary Angioplasty","THERAPEUTIC_PROCEDURE","C2936173","2"
"C2936204","Endovascular Procedures","THERAPEUTIC_PROCEDURE","C2936204","1"
"C2936424","Electronic Supplementary Materials","DETAILED_DESCRIPTION","C2936424","1"
"C2937276","Slight (qualifier value)","SEVERITY","C2937276","32"
"C2939419","Secondary Neoplasm","DISEASE_DISORDER","C2939419","5"
"C2945627","asynchrony","SIGN_SYMPTOM","C2945627","1"
"C2984063","Microgram per Fifteen Milliliters","VOLUME","C2984063","2"
"C2985231","Body Weight Measurement","DIAGNOSTIC_PROCEDURE","C2985231","2"
"C2985643","Performed Procedure","BIOLOGICAL_STRUCTURE","C2985643","1"
"C2985739","Clinically Significant Indicator","SEVERITY","C2985739","1"
"C2985747","Contrast Agent Enhancement Indicator","SIGN_SYMPTOM","C2985747","2"
"C2986411","Improvement","OUTCOME","C2986411","12"
"C2986768","Injected Dose","ADMINISTRATION","C2986768","1"
"C2987487","Deficit","SIGN_SYMPTOM","C2987487","1"
"C2987716","vismodegib","MEDICATION","C2987716","1"
"C3-C6","C3-C6","BIOLOGICAL_STRUCTURE","","2"
"C3/C4 level","C3/C4 level","BIOLOGICAL_STRUCTURE","","1"
"C3146289","Anatomic bifurcation","BIOLOGICAL_STRUCTURE","C3146289","1"
"C3159055","horizontal cell localization","SIGN_SYMPTOM","C3159055","1"
"C3159309","Xarelto","MEDICATION","C3159309","1"
"C3160856","Endobronchial Ultrasound Bronchoscopy","DIAGNOSTIC_PROCEDURE","C3160856","1"
"C3160897","Opioid-Induced Constipation","MEDICATION","C3160897","1"
"C3163961","Dysplastic nodule","DISEASE_DISORDER","C3163961","1"
"C3164124","Foam dressing","MEDICATION","C3164124","9"
"C3171718","2 minutes","DURATION","C3171718","2"
"C3178761","Chemoradiotherapy, Adjuvant","THERAPEUTIC_PROCEDURE","C3178761","1"
"C3179010","Induction Chemotherapy","THERAPEUTIC_PROCEDURE","C3179010","3"
"C3179046","Inlets (geographic)","BIOLOGICAL_STRUCTURE","C3179046","1"
"C3179392","Vascular Medicine","NONBIOLOGICAL_LOCATION","C3179392","3"
"C3203653","IgG4-Related Sclerosing Disease","DISEASE_DISORDER","C3203653","1"
"C3242229","ineffective","SIGN_SYMPTOM","C3242229","2"
"C3242381","no longer in use","DURATION","C3242381","1"
"C3242777","addiction treatment center","THERAPEUTIC_PROCEDURE","C3242777","2"
"C3245508","negative resolution <retracted>","SIGN_SYMPTOM","C3245508","1"
"C3251803","Hemodynamic care","NONBIOLOGICAL_LOCATION","C3251803","1"
"C3263722","Traumatic AND/OR non-traumatic injury","DISEASE_DISORDER","C3263722","1"
"C3266201","Primary dressing","THERAPEUTIC_PROCEDURE","C3266201","2"
"C3266202","Secondary dressing","THERAPEUTIC_PROCEDURE","C3266202","1"
"C3272300","Pre-Procedure","DIAGNOSTIC_PROCEDURE","C3272300","1"
"C3272686","FIGO Stage IIIC1","LAB_VALUE","C3272686","1"
"C3274475","Two Times Yearly","DURATION","C3274475","1"
"C3275086","Home Hospice","NONBIOLOGICAL_LOCATION","C3275086","1"
"C3280788","Aortic isthmus stenosis","DISEASE_DISORDER","C3280788","2"
"C3495801","Granulomatosis with polyangiitis","DISEASE_DISORDER","C3495801","1"
"C3498505","Trigeminal cave","BIOLOGICAL_STRUCTURE","C3498505","1"
"C3509486","Transcatheter Aortic Valve Replacement","THERAPEUTIC_PROCEDURE","C3509486","1"
"C3530466","Eliquis","MEDICATION","C3530466","2"
"C3532942","Mixed Dementias","DISEASE_DISORDER","C3532942","2"
"C3536731","Massage Therapy","NONBIOLOGICAL_LOCATION","C3536731","2"
"C3538928","Usual","QUALITATIVE_CONCEPT","C3538928","4"
"C3540007","Bifocal","QUANTITATIVE_CONCEPT","C3540007","1"
"C3540014","CENTRAL NERVOUS SYSTEM DIAGNOSTIC RADIOPHARMACEUTICALS","BIOLOGICAL_STRUCTURE","C3540014","2"
"C3640834","Atrial Couplet by ECG Finding","SIGN_SYMPTOM","C3640834","1"
"C3640899","Short QTc Interval","BIOLOGICAL_ATTRIBUTE","C3640899","5"
"C3641766","Very Poor","SEVERITY","C3641766","1"
"C3665783","Obstructive shock","DISEASE_DISORDER","C3665783","1"
"C3686502","Mucosal thickening","SIGN_SYMPTOM","C3686502","7"
"C3698318","Marginal osteophyte","SIGN_SYMPTOM","C3698318","2"
"C3714606","Neural","BIOLOGICAL_STRUCTURE","C3714606","1"
"C3715152","Fourteen","QUANTITATIVE_CONCEPT","C3715152","1"
"C3715153","Fifteen","QUANTITATIVE_CONCEPT","C3715153","1"
"C3715181","Hypertension clinic","NONBIOLOGICAL_LOCATION","C3715181","1"
"C3715205","Plastic surgery clinic","NONBIOLOGICAL_LOCATION","C3715205","1"
"C3715206","Eighteen","DISTANCE","C3715206","3"
"C3810855","Endocrinology clinic","NONBIOLOGICAL_LOCATION","C3810855","4"
"C3810868","Proctology clinic","NONBIOLOGICAL_LOCATION","C3810868","1"
"C3811912","Psychology clinic","NONBIOLOGICAL_LOCATION","C3811912","1"
"C3812390","Dermatology clinic","NONBIOLOGICAL_LOCATION","C3812390","3"
"C3812871","Rheumatology clinic","NONBIOLOGICAL_LOCATION","C3812871","1"
"C3814448","Low Anterior Resection","BIOLOGICAL_STRUCTURE","C3814448","1"
"C3814531","Nephrology clinic","NONBIOLOGICAL_LOCATION","C3814531","5"
"C3814532","Neurology clinic","NONBIOLOGICAL_LOCATION","C3814532","6"
"C3814533","Hand surgery - surgical specialty","NONBIOLOGICAL_LOCATION","C3814533","1"
"C3814800","Grade X","SEVERITY","C3814800","1"
"C3816446","Thirty","LAB_VALUE","C3816446","5"
"C3816449","Forty","VOLUME","C3816449","3"
"C3816500","Pediatric cardiology clinic","NONBIOLOGICAL_LOCATION","C3816500","4"
"C3816504","Pediatric oncology clinic","NONBIOLOGICAL_LOCATION","C3816504","1"
"C3816723","Fifty","DOSAGE","C3816723","2"
"C3816724","Sixty","VOLUME","C3816724","2"
"C3816747","500","VOLUME","C3816747","6"
"C3816958","Eighty","LAB_VALUE","C3816958","4"
"C3817553","100%","QUANTITATIVE_CONCEPT","C3817553","1"
"C3827806","Tortuous colon","SHAPE","C3827806","3"
"C3828193","September","DATE","C3828193","11"
"C3828732","October","DATE","C3828732","3"
"C3828767","November","DATE","C3828767","6"
"C3828769","Not Returned","LAB_VALUE","C3828769","1"
"C3829443","June","DATE","C3829443","1"
"C3829466","January","DATE","C3829466","13"
"C3829578","Hypoechoic Focus","SIGN_SYMPTOM","C3829578","53"
"C3829581","Hyperechoic Focus","SIGN_SYMPTOM","C3829581","1"
"C3830166","February","DATE","C3830166","5"
"C3830314","Enhancing Lesion","SIGN_SYMPTOM","C3830314","3"
"C3830344","ECOG Performance Status 2","LAB_VALUE","C3830344","1"
"C3830345","ECOG Performance Status 1","SIGN_SYMPTOM","C3830345","1"
"C3830550","December","DATE","C3830550","8"
"C3831117","Child-Pugh Class A","SEVERITY","C3831117","1"
"C3831270","Breast Fibroglandular Tissue","BIOLOGICAL_STRUCTURE","C3831270","4"
"C3831321","Bone Marrow Collection","NONBIOLOGICAL_LOCATION","C3831321","1"
"C3831330","Blood Product Collection","NONBIOLOGICAL_LOCATION","C3831330","1"
"C3831448","August","DATE","C3831448","1"
"C3834491","Gastroenterology clinic","NONBIOLOGICAL_LOCATION","C3834491","6"
"C3838700","Orthopedic clinic","NONBIOLOGICAL_LOCATION","C3838700","1"
"C3838844","Ophthalmology clinic","NONBIOLOGICAL_LOCATION","C3838844","4"
"C3838887","Internal medicine clinic","NONBIOLOGICAL_LOCATION","C3838887","1"
"C3839015","Oncology clinic","NONBIOLOGICAL_LOCATION","C3839015","4"
"C3839053","Osteoporosis clinic","NONBIOLOGICAL_LOCATION","C3839053","1"
"C3839291","Hematology clinic","NONBIOLOGICAL_LOCATION","C3839291","2"
"C3839295","Neurosurgery clinic","NONBIOLOGICAL_LOCATION","C3839295","1"
"C3839419","Immunology clinic","NONBIOLOGICAL_LOCATION","C3839419","1"
"C3839447","Speech and language therapy clinic","NONBIOLOGICAL_LOCATION","C3839447","1"
"C3839674","Gynecology clinic","NONBIOLOGICAL_LOCATION","C3839674","1"
"C3839785","Rehabilitation clinic","NONBIOLOGICAL_LOCATION","C3839785","3"
"C3839912","Mental health clinic","NONBIOLOGICAL_LOCATION","C3839912","6"
"C3840001","Genetics clinic","NONBIOLOGICAL_LOCATION","C3840001","1"
"C3840245","Obstetrics and gynecology clinic","NONBIOLOGICAL_LOCATION","C3840245","1"
"C3840262","General surgery clinic","NONBIOLOGICAL_LOCATION","C3840262","4"
"C3840745","Hospital emergency department","NONBIOLOGICAL_LOCATION","C3840745","1"
"C3840882","5 mm","DISTANCE","C3840882","6"
"C3842079","Sluggish","QUALITATIVE_CONCEPT","C3842079","1"
"C3842085","7 mm","DISTANCE","C3842085","6"
"C3842086","6 mm","DISTANCE","C3842086","8"
"C3842087","4 mm","DISTANCE","C3842087","15"
"C3842088","3 mm","DISTANCE","C3842088","15"
"C3842089","2 mm","DISTANCE","C3842089","10"
"C3842090","1 mm","DISTANCE","C3842090","3"
"C3842441","Fall from standing height or less","OTHER_EVENT","C3842441","1"
"C3842582","90%","LAB_VALUE","C3842582","1"
"C3842584","70%","LAB_VALUE","C3842584","3"
"C3842585","60%","QUANTITATIVE_CONCEPT","C3842585","1"
"C3842586","50%","LAB_VALUE","C3842586","2"
"C3842588","30%","QUANTITATIVE_CONCEPT","C3842588","2"
"C3842590","10%","QUANTITATIVE_CONCEPT","C3842590","5"
"C3843196","3 to 5 days","DURATION","C3843196","1"
"C3844008","5.5","LAB_VALUE","C3844008","1"
"C3844009","4.5","LAB_VALUE","C3844009","1"
"C3844011","2.5","LAB_VALUE","C3844011","1"
"C3845349","Once a month","FREQUENCY","C3845349","1"
"C3845713","Nearly every day","FREQUENCY","C3845713","1"
"C3846112","Radiosurgery, Stereotactic","THERAPEUTIC_PROCEDURE","C3846112","2"
"C3853333","Sixty minutes","DURATION","C3853333","2"
"C3853628","Granule","DETAILED_DESCRIPTION","C3853628","1"
"C3854148","Significant change up","OUTCOME","C3854148","2"
"C3854322","Molding device","SIGN_SYMPTOM","C3854322","1"
"C3854325","Janus kinase inhibitor","MEDICATION","C3854325","2"
"C3856877","Photographic Stations, Gel Documentation","DIAGNOSTIC_PROCEDURE","C3856877","3"
"C3869890","Large amount","QUANTITATIVE_CONCEPT","C3869890","1"
"C3869891","Moderate amount","QUANTITATIVE_CONCEPT","C3869891","1"
"C3869892","Small amount","QUANTITATIVE_CONCEPT","C3869892","2"
"C3872102","Saxenda","MEDICATION","C3872102","2"
"C3887644","Inflammatory infiltrate","SIGN_SYMPTOM","C3887644","2"
"C3897005","Spinous Processes","BIOLOGICAL_STRUCTURE","C3897005","1"
"C3898008","Palliative Radiation Therapy","THERAPEUTIC_PROCEDURE","C3898008","10"
"C3898100","One Year Ago","DATE","C3898100","2"
"C3899024","Glucose Urine Excretion Rate","BIOLOGICAL_ATTRIBUTE","C3899024","2"
"C3899187","Extranodal Extension","SIGN_SYMPTOM","C3899187","1"
"C3901922","Lacera","BIOLOGICAL_STRUCTURE","C3901922","1"
"C4/C5","C4/C5","BIOLOGICAL_STRUCTURE","","1"
"C4022538","Cervical C3/C4 vertebral fusion","BIOLOGICAL_STRUCTURE","C4022538","1"
"C4024157","Asymmetry of the nares","SIGN_SYMPTOM","C4024157","1"
"C4025301","Cervical C5/C6 vertebrae fusion","BIOLOGICAL_STRUCTURE","C4025301","1"
"C4028821","Laryngeal Tube","THERAPEUTIC_PROCEDURE","C4028821","1"
"C4035219","Cardiac Rehabilitation Clinic","NONBIOLOGICAL_LOCATION","C4035219","1"
"C4036188","7-10 days","DURATION","C4036188","1"
"C4036231","Air Medical Transport","THERAPEUTIC_PROCEDURE","C4036231","1"
"C4039027","Subxiphoid approach","AREA","C4039027","1"
"C4039781","Chronic non-specific colitis","DISEASE_DISORDER","C4039781","1"
"C4042755","Medical Overuse","DISEASE_DISORDER","C4042755","4"
"C4042789","Right-Sided Breast Neoplasms","DISEASE_DISORDER","C4042789","1"
"C4048755","Apply","ADMINISTRATION","C4048755","5"
"C4050223","Progressive Metabolic Disease","SIGN_SYMPTOM","C4050223","1"
"C4053942","Testicular Involvement","SIGN_SYMPTOM","C4053942","1"
"C4054449","Myocardial Contractility Measurement","BIOLOGICAL_ATTRIBUTE","C4054449","1"
"C4055019","Fairly Good","QUALITATIVE_CONCEPT","C4055019","4"
"C4055260","Chest Press","THERAPEUTIC_PROCEDURE","C4055260","1"
"C4055638","Significantly low","SEVERITY","C4055638","1"
"C4056537","Tresiba","MEDICATION","C4056537","1"
"C4058811","osimertinib","MEDICATION","C4058811","1"
"C4068744","Reactive to light","SIGN_SYMPTOM","C4068744","1"
"C4068833","Vascularity","BIOLOGICAL_ATTRIBUTE","C4068833","25"
"C4068876","2.1","LAB_VALUE","C4068876","1"
"C4071832","7 days","DURATION","C4071832","3"
"C4071833","6 months","DURATION","C4071833","2"
"C4071838","1 year","DURATION","C4071838","1"
"C4071839","14 days","DURATION","C4071839","2"
"C4075962","Low dose computed tomography of thorax","DIAGNOSTIC_PROCEDURE","C4075962","6"
"C4082117","One year","DURATION","C4082117","1"
"C4082118","Two weeks","DURATION","C4082118","5"
"C4082706","Temodal","MEDICATION","C4082706","1"
"C4085887","Inspiratory Vital Capacity Test","BIOLOGICAL_STRUCTURE","C4085887","1"
"C4086268","Exacerbation","CLINICAL_EVENT","C4086268","2"
"C4086298","Fairly Sure","LAB_VALUE","C4086298","1"
"C4086564","Mass Effect","SIGN_SYMPTOM","C4086564","1"
"C4227447","Skin retraction","SIGN_SYMPTOM","C4227447","1"
"C4229391","Increased white matter signal","SIGN_SYMPTOM","C4229391","1"
"C4230397","Spindle-shaped finger","SHAPE","C4230397","1"
"C4230512","Intraventricular conduction disturbances","DISEASE_DISORDER","C4230512","2"
"C4245810","Right greater palatine foramen","BIOLOGICAL_STRUCTURE","C4245810","1"
"C4245850","Right nasal cavity","BIOLOGICAL_STRUCTURE","C4245850","1"
"C4247387","Left greater palatine foramen","BIOLOGICAL_STRUCTURE","C4247387","1"
"C4273494","Unexpected difficult airway","DISEASE_DISORDER","C4273494","1"
"C4277672","Sleep Hygiene","THERAPEUTIC_PROCEDURE","C4277672","1"
"C4282165","Swollen Lymph Node","SIGN_SYMPTOM","C4282165","8"
"C4284103","Left Ventricular Outflow Tract","BIOLOGICAL_STRUCTURE","C4284103","1"
"C4284772","Twenty Two","DISTANCE","C4284772","1"
"C4288732","Mitral Valve Regurgitant Jet Area","SIGN_SYMPTOM","C4288732","3"
"C4288760","Metabolic Equivalent of Task Hours","DISEASE_DISORDER","C4288760","1"
"C4289269","Flap Surgical Reconstruction","BIOLOGICAL_STRUCTURE","C4289269","1"
"C4289892","CDKN2A-p16 Positive","LAB_VALUE","C4289892","4"
"C4297006","Increase dose","THERAPEUTIC_PROCEDURE","C4297006","1"
"C4299034","2 years","DURATION","C4299034","4"
"C4319558","200","DOSAGE","C4319558","2"
"C4319567","Forty-five","LAB_VALUE","C4319567","1"
"C4321253","CDKN2A-p16 Negative","LAB_VALUE","C4321253","1"
"C4321377","Relational and Item-Specific Encoding Task","LAB_VALUE","C4321377","2"
"C4321486","One Hundred Fifty","DOSAGE","C4321486","4"
"C4330937","Partial Resection","THERAPEUTIC_PROCEDURE","C4330937","3"
"C4331911","M-Mode Ultrasound Mode","DIAGNOSTIC_PROCEDURE","C4331911","1"
"C4476638","Subpleural interstitial thickening","AREA","C4476638","1"
"C4489276","Readmission","CLINICAL_EVENT","C4489276","1"
"C4489427","Peripheral veins","BIOLOGICAL_STRUCTURE","C4489427","1"
"C4505082","Contraceptive Effectiveness","THERAPEUTIC_PROCEDURE","C4505082","1"
"C4517457","0.4","DISTANCE","C4517457","2"
"C4517483","0.85","LAB_VALUE","C4517483","1"
"C4517491","1.1 (qualifier value)","LAB_VALUE","C4517491","3"
"C4517512","1.7 (number)","LAB_VALUE","C4517512","1"
"C4517517","1.9","LAB_VALUE","C4517517","4"
"C4517629","2.2","LAB_VALUE","C4517629","4"
"C4517633","2.6","LAB_VALUE","C4517633","1"
"C4517641","2.9","LAB_VALUE","C4517641","2"
"C4517687","3.2 (number)","LAB_VALUE","C4517687","2"
"C4517688","3.3 (number)","LAB_VALUE","C4517688","1"
"C4517694","3.6","LAB_VALUE","C4517694","2"
"C4517698","3.9","LAB_VALUE","C4517698","4"
"C4517758","4.2","LAB_VALUE","C4517758","2"
"C4517761","4.4","LAB_VALUE","C4517761","3"
"C4517764","4.6","LAB_VALUE","C4517764","4"
"C4517790","5.2","LAB_VALUE","C4517790","1"
"C4517796","5.8","LAB_VALUE","C4517796","2"
"C4517826","6.9","LAB_VALUE","C4517826","2"
"C4517857","7.2","LAB_VALUE","C4517857","3"
"C4517859","7.5","QUANTITATIVE_CONCEPT","C4517859","2"
"C4524848","Arsenic Trioxide Capsule Formulation ORH 2014","DATE","C4524848","3"
"C4527217","Infiltrative Tumor Margin","DISEASE_DISORDER","C4527217","1"
"C4527249","Full-thickness Skin Biopsy of Nipple and Areola","DIAGNOSTIC_PROCEDURE","C4527249","1"
"C4527310","Gleason Grade Group 2","LAB_VALUE","C4527310","2"
"C4527312","Gleason Grade Group 4","LAB_VALUE","C4527312","1"
"C4527410","Endocrine Therapy Toxicity","THERAPEUTIC_PROCEDURE","C4527410","1"
"C4527565","Performance of the Upper Limb Module for DMD 2.0 Functional Test","LAB_VALUE","C4527565","2"
"C4528237","Annular Plane Systolic Excursion","DIAGNOSTIC_PROCEDURE","C4528237","1"
"C4531109","Polycyclic","SHAPE","C4531109","3"
"C4531246","Anomalous origin of left subclavian artery","BIOLOGICAL_STRUCTURE","C4531246","1"
"C4551585","Coronal plane","AREA","C4551585","1"
"C4551716","Cryotherapy","NONBIOLOGICAL_LOCATION","C4551716","2"
"C4551744","Tazocin","MEDICATION","C4551744","5"
"C4552744","Daily Living","ACTIVITY","C4552744","1"
"C4553529","Concordance","QUALITATIVE_CONCEPT","C4553529","3"
"C4553624","With meals","FREQUENCY","C4553624","1"
"C4554347","Return of spontaneous circulation:Finding:Point in time:^Patient:Nominal","OUTCOME","C4554347","1"
"C4554477","Handover","CLINICAL_EVENT","C4554477","1"
"C4684527","Supraclavicular Fossa","BIOLOGICAL_STRUCTURE","C4684527","1"
"C4684591","Clinical Clarification","DIAGNOSTIC_PROCEDURE","C4684591","1"
"C4685003","Blood Inflammatory Marker","LAB_VALUE","C4685003","13"
"C4687695","Lymphovascular Invasion 1","SIGN_SYMPTOM","C4687695","1"
"C4688325","Intergroup Rhabdomyosarcoma Group IIb","BIOLOGICAL_STRUCTURE","C4688325","1"
"C4688327","Intergroup Rhabdomyosarcoma Group III","BIOLOGICAL_STRUCTURE","C4688327","2"
"C4688330","Intergroup Rhabdomyosarcoma Group IV","BIOLOGICAL_STRUCTURE","C4688330","1"
"C4688621","Intergroup Rhabdomyosarcoma Group IIa","BIOLOGICAL_STRUCTURE","C4688621","3"
"C4697722","Hyperechoic","DETAILED_DESCRIPTION","C4697722","6"
"C4704931","Endoprosthesis","OTHER_ENTITY","C4704931","1"
"C4708663","5.3","LAB_VALUE","C4708663","1"
"C4720860","Hypoechoic nodule","SIGN_SYMPTOM","C4720860","1"
"C4721411","Osteolysis","SIGN_SYMPTOM","C4721411","2"
"C4721806","Skin Basal Cell Carcinoma","DISEASE_DISORDER","C4721806","1"
"C4722602","Underlying","DISEASE_DISORDER","C4722602","4"
"C4724080","SERPINB3 wt Allele","DISEASE_DISORDER","C4724080","12"
"C4725957","Oncology Unit","NONBIOLOGICAL_LOCATION","C4725957","5"
"C4726575","Supradiaphragmatic","AREA","C4726575","2"
"C4727792","Gelaspan","MEDICATION","C4727792","1"
"C4744464","Modified Ryan Scheme for Tumor Regression","DIAGNOSTIC_PROCEDURE","C4744464","1"
"C4744465","Tumor Regression Score 1","DIAGNOSTIC_PROCEDURE","C4744465","1"
"C4744828","T2 (Observed)-Weighted Imaging","DIAGNOSTIC_PROCEDURE","C4744828","5"
"C4758646","Femur - right","BIOLOGICAL_STRUCTURE","C4758646","1"
"C4759306","Left atrial appendage closure","THERAPEUTIC_PROCEDURE","C4759306","1"
"C4760630","Fertility Clinics","NONBIOLOGICAL_LOCATION","C4760630","1"
"C4761063","Tumor Resection","THERAPEUTIC_PROCEDURE","C4761063","1"
"C4761375","Solid Nodule","SIGN_SYMPTOM","C4761375","2"
"C4763878","Endoscopic Sinus Surgery","THERAPEUTIC_PROCEDURE","C4763878","1"
"C4763936","Musculoskeletal Rehabilitation","NONBIOLOGICAL_LOCATION","C4763936","2"
"C5-C7 level","C5-C7 level","BIOLOGICAL_STRUCTURE","","2"
"C5090544","Rotunda","BIOLOGICAL_STRUCTURE","C5090544","1"
"C5139174","Parenchymal consolidation","SIGN_SYMPTOM","C5139174","1"
"C5139666","tebentafusp","MEDICATION","C5139666","1"
"C5142984","7-14 days","DURATION","C5142984","1"
"C5191376","10.4","LAB_VALUE","C5191376","1"
"C5201090","Sudden (qualifier value)","QUALITATIVE_CONCEPT","C5201090","1"
"C5202852","Continuous Glucose Monitoring System","OTHER_ENTITY","C5202852","1"
"C5203670","COVID19 (disease)","DISEASE_DISORDER","C5203670","3"
"C5203676","SARS-CoV-2","OTHER_ENTITY","C5203676","1"
"C5203979","Concurrent Chemotherapy","THERAPEUTIC_PROCEDURE","C5203979","1"
"C5204639","Last Year Seen","DATE","C5204639","1"
"C5204745","Less Than Once a Year","FREQUENCY","C5204745","1"
"C5204748","At Least Once a Week","FREQUENCY","C5204748","2"
"C5206915","Neoantigen-HSP70 Peptide Cancer Vaccine AGEN2017","DATE","C5206915","3"
"C5212823","Exercise capacity","BIOLOGICAL_ATTRIBUTE","C5212823","1"
"C5234922","Hemorrhagic Stroke","DISEASE_DISORDER","C5234922","1"
"C5237503","Periventricular","BIOLOGICAL_STRUCTURE","C5237503","1"
"C5238749","Infective Endocarditis Prophylaxis","THERAPEUTIC_PROCEDURE","C5238749","1"
"C5238836","Pathologic Murmur","SIGN_SYMPTOM","C5238836","4"
"C5243901","Symptomatic treatment","THERAPEUTIC_PROCEDURE","C5243901","3"
"C5392095","Reinjuries","DISEASE_DISORDER","C5392095","1"
"C5396190","2.3","LAB_VALUE","C5396190","1"
"C5418765","Vigorous Supportive Therapy","THERAPEUTIC_PROCEDURE","C5418765","2"
"C5419045","Surgical Follow-Up Care","CLINICAL_EVENT","C5419045","3"
"C5419559","Protocol Treatment Arm Molecular Target","THERAPEUTIC_PROCEDURE","C5419559","2"
"C5420073","Peritoneal Implant","DISEASE_DISORDER","C5420073","1"
"C5421113","Complete Resection","DISEASE_DISORDER","C5421113","1"
"C5421223","Partial Regression","OUTCOME","C5421223","2"
"C5421224","Complete Regression","OUTCOME","C5421224","1"
"C5421630","Abnormal renal echogenicity","SIGN_SYMPTOM","C5421630","4"
"C5424789","Contractility","BIOLOGICAL_ATTRIBUTE","C5424789","18"
"C5426030","Moderately enlarged","SIGN_SYMPTOM","C5426030","1"
"C5441444","Transfusion of blood and blood products","THERAPEUTIC_PROCEDURE","C5441444","1"
"C5441521","Complaint (finding)","SIGN_SYMPTOM","C5441521","9"
"C5441786","Impaired concentration","SIGN_SYMPTOM","C5441786","1"
"C5447168","Primary Care Physician's Office Visit","NONBIOLOGICAL_LOCATION","C5447168","1"
"C5452979","5 years","DURATION","C5452979","1"
"C5539692","Peripheral lung neovascularity","SIGN_SYMPTOM","C5539692","15"
"C5543630","Posterior atrophy of corpus callosum","BIOLOGICAL_STRUCTURE","C5543630","1"
"C5544399","Nordic Walking","ACTIVITY","C5544399","1"
"C5547829","Broken","SIGN_SYMPTOM","C5547829","1"
"C5551005","Sparse hair (finding)","QUALITATIVE_CONCEPT","C5551005","1"
"C5551176","Tumor cells","BIOLOGICAL_STRUCTURE","C5551176","2"
"C5551904","Generalized seborrheic dermatitis of infants","DISEASE_DISORDER","C5551904","1"
"C5552803","Injected Insulin Diabetes Therapy","THERAPEUTIC_PROCEDURE","C5552803","4"
"C5554776","Cardiology Unit Visit","NONBIOLOGICAL_LOCATION","C5554776","3"
"C5554790","Pathological Diagnosis","DIAGNOSTIC_PROCEDURE","C5554790","1"
"C5555886","Biospecimen Preparation","MEDICATION","C5555886","2"
"C5556464","Gadolinium Enhancement","SIGN_SYMPTOM","C5556464","2"
"C5563317","Irregular bowel movements","SIGN_SYMPTOM","C5563317","1"
"C5566438","Lymph node level IVa","BIOLOGICAL_STRUCTURE","C5566438","1"
"C5575607","Family Support","NONBIOLOGICAL_LOCATION","C5575607","3"
"C5667487","Hypointensity","LAB_VALUE","C5667487","1"
"C5667489","Hyperintensity","SIGN_SYMPTOM","C5667489","2"
"C5667516","Diffusion Restriction","SIGN_SYMPTOM","C5667516","25"
"C5669750","Not recorded","CLINICAL_EVENT","C5669750","1"
"C5670387","Retrocaval","AREA","C5670387","1"
"C5671018","Fluid Collection Site","SIGN_SYMPTOM","C5671018","3"
"C5676670","Reduced fetal long bone echogenicity","SIGN_SYMPTOM","C5676670","10"
"C6/C7","C6/C7","BIOLOGICAL_STRUCTURE","","2"
"CAPTEM","CAPTEM","MEDICATION","","2"
"CDX2 (-)","CDX2 (-)","LAB_VALUE","","1"
"CK 20 (-)","CK 20 (-)","LAB_VALUE","","1"
"CK 7 (+/-)","CK 7 (+/-)","LAB_VALUE","","1"
"COMBO-type self-adhesive pads","COMBO-type self-adhesive pads","OTHER_ENTITY","","1"
"CT angiography of the carotid arteries","CT angiography of the carotid arteries","DIAGNOSTIC_PROCEDURE","","3"
"CT of the head","CT of the head","DIAGNOSTIC_PROCEDURE","","5"
"CT of the head and chest","CT of the head and chest","DIAGNOSTIC_PROCEDURE","","1"
"Cardiac dimensions","Cardiac dimensions","BIOLOGICAL_ATTRIBUTE","","6"
"Cardiology and Mental Health clinics","Cardiology and Mental Health clinics","NONBIOLOGICAL_LOCATION","","1"
"Children's Memorial Health Institute in Warsaw","Children's Memorial Health Institute in Warsaw","NONBIOLOGICAL_LOCATION","","2"
"Chronic Wound Treatment Clinic","Chronic Wound Treatment Clinic","NONBIOLOGICAL_LOCATION","","2"
"Closure of the ileostomy","Closure of the ileostomy","THERAPEUTIC_PROCEDURE","","1"
"Considerable","Considerable","SEVERITY","","3"
"Constant care and assistance","Constant care and assistance","THERAPEUTIC_PROCEDURE","","1"
"Contractility disturbances","Contractility disturbances","SIGN_SYMPTOM","","1"
"Convamax dressing","Convamax dressing","MEDICATION","","1"
"Copernicus Hospital","Copernicus Hospital","NONBIOLOGICAL_LOCATION","","2"
"Copernicus hospital","Copernicus hospital","NONBIOLOGICAL_LOCATION","","1"
"DILO card","DILO card","OTHER_ENTITY","","6"
"DILO card scheme","DILO card scheme","DETAILED_DESCRIPTION","","4"
"Day Unit of the Department of Cardiology, Non-Invasive Medicine Centre building, 2nd floor","Day Unit of the Department of Cardiology, Non-Invasive Medicine Centre building, 2nd floor","NONBIOLOGICAL_LOCATION","","1"
"Day Unit of the Department of Endocrinology","Day Unit of the Department of Endocrinology","NONBIOLOGICAL_LOCATION","","1"
"Day Unit of the Department of Haematology","Day Unit of the Department of Haematology","NONBIOLOGICAL_LOCATION","","1"
"Degenerative and productive changes","Degenerative and productive changes","DISEASE_DISORDER","","1"
"Department of Arterial Hypertension and Diabetology","Department of Arterial Hypertension and Diabetology","NONBIOLOGICAL_LOCATION","","8"
"Department of Arterial Hypertension and Diabetology of the University Clinical Centre","Department of Arterial Hypertension and Diabetology of the University Clinical Centre","NONBIOLOGICAL_LOCATION","","1"
"Department of Cardiology","Department of Cardiology","NONBIOLOGICAL_LOCATION","","1"
"Department of Endocrinology (Day Unit)","Department of Endocrinology (Day Unit)","NONBIOLOGICAL_LOCATION","","1"
"Department of Gastroenterology of the University Clinical Centre","Department of Gastroenterology of the University Clinical Centre","NONBIOLOGICAL_LOCATION","","1"
"Department of General Surgery of the Hospital in Tczew","Department of General Surgery of the Hospital in Tczew","NONBIOLOGICAL_LOCATION","","1"
"Department of Haematology","Department of Haematology","NONBIOLOGICAL_LOCATION","","1"
"Department of Hypertension and Diabetology","Department of Hypertension and Diabetology","NONBIOLOGICAL_LOCATION","","1"
"Department of Neurology of the Non-Invasive Medicine Centre","Department of Neurology of the Non-Invasive Medicine Centre","NONBIOLOGICAL_LOCATION","","2"
"Department of Oncological, Transplant and General Surgery","Department of Oncological, Transplant and General Surgery","NONBIOLOGICAL_LOCATION","","1"
"Department of Oncology and Radiotherapy of the University Clinical Centre","Department of Oncology and Radiotherapy of the University Clinical Centre","NONBIOLOGICAL_LOCATION","","1"
"Dermovate ointment","Dermovate ointment","MEDICATION","","1"
"Dexaven","Dexaven","MEDICATION","","1"
"Dexcom CGM","Dexcom CGM","OTHER_ENTITY","","1"
"Diabetology Clinic","Diabetology Clinic","NONBIOLOGICAL_LOCATION","","4"
"Diabetology, Nephrology and Vascular Surgery clinics","Diabetology, Nephrology and Vascular Surgery clinics","NONBIOLOGICAL_LOCATION","","1"
"Diastasis of the linea alba","Diastasis of the linea alba","DISEASE_DISORDER","","1"
"Dilatation of the ascending aorta","Dilatation of the ascending aorta","SIGN_SYMPTOM","","1"
"Diuver","Diuver","MEDICATION","","2"
"Doctors' Room of the Department of Arterial Hypertension and Diabetology","Doctors' Room of the Department of Arterial Hypertension and Diabetology","NONBIOLOGICAL_LOCATION","","1"
"Doppler ultrasound of the renal arteries","Doppler ultrasound of the renal arteries","DIAGNOSTIC_PROCEDURE","","1"
"ECMO set","ECMO set","OTHER_ENTITY","","1"
"EMA+","EMA+","LAB_VALUE","","1"
"ENE","ENE","SIGN_SYMPTOM","","1"
"EPE","EPE","SIGN_SYMPTOM","","1"
"ERG (-)","ERG (-)","LAB_VALUE","","1"
"EU-TIRADS","EU-TIRADS","DIAGNOSTIC_PROCEDURE","","1"
"EU-TIRADS 2","EU-TIRADS 2","LAB_VALUE","","1"
"EU-TIRADS 3","EU-TIRADS 3","LAB_VALUE","","7"
"EU-TIRADS 4","EU-TIRADS 4","LAB_VALUE","","12"
"EU-TIRADS-PL 3","EU-TIRADS-PL 3","LAB_VALUE","","2"
"Emergency thoracotomy","Emergency thoracotomy","THERAPEUTIC_PROCEDURE","","1"
"FLA","FLA","DIAGNOSTIC_PROCEDURE","","1"
"Fortification of the diet","Fortification of the diet","THERAPEUTIC_PROCEDURE","","1"
"Forxiga","Forxiga","MEDICATION","","2"
"Friday 10 March 2023","Friday 10 March 2023","DATE","","1"
"G2/3","G2/3","LAB_VALUE","","1"
"GRASP-VIBE","GRASP-VIBE","DIAGNOSTIC_PROCEDURE","","2"
"Gleason 4+4","Gleason 4+4","LAB_VALUE","","1"
"Global contractility","Global contractility","BIOLOGICAL_ATTRIBUTE","","1"
"Granugel","Granugel","MEDICATION","","6"
"Greater Poland Cancer Centre","Greater Poland Cancer Centre","NONBIOLOGICAL_LOCATION","","3"
"Greater Poland Cancer Centre in Gdańsk","Greater Poland Cancer Centre in Gdańsk","NONBIOLOGICAL_LOCATION","","1"
"Gynaecology Clinic of the University Clinical Centre","Gynaecology Clinic of the University Clinical Centre","NONBIOLOGICAL_LOCATION","","1"
"HRCT","HRCT","DIAGNOSTIC_PROCEDURE","","1"
"Haematology Day Unit","Haematology Day Unit","NONBIOLOGICAL_LOCATION","","1"
"Hydrotac","Hydrotac","MEDICATION","","1"
"Hygiene of the surgical wound","Hygiene of the surgical wound","THERAPEUTIC_PROCEDURE","","1"
"I-III, V","I-III, V","BIOLOGICAL_STRUCTURE","","1"
"IB-V","IB-V","BIOLOGICAL_STRUCTURE","","2"
"ICD/CRT","ICD/CRT","THERAPEUTIC_PROCEDURE","","2"
"Ia and Ib","Ia and Ib","BIOLOGICAL_STRUCTURE","","2"
"Ib, II, III and V","Ib, II, III and V","BIOLOGICAL_STRUCTURE","","2"
"Immunomodulatory treatment","Immunomodulatory treatment","THERAPEUTIC_PROCEDURE","","1"
"Immuven","Immuven","MEDICATION","","1"
"Inadine","Inadine","MEDICATION","","3"
"Infectious Diseases Clinic of the University Centre of Maritime and Tropical Medicine in Gdynia","Infectious Diseases Clinic of the University Centre of Maritime and Tropical Medicine in Gdynia","NONBIOLOGICAL_LOCATION","","1"
"Irradiated leucocyte-depleted packed red blood cells","Irradiated leucocyte-depleted packed red blood cells","MEDICATION","","1"
"June 2016","June 2016","DATE","","1"
"June 2022","June 2022","DATE","","2"
"Keto-Diastix","Keto-Diastix","OTHER_ENTITY","","1"
"Kreon","Kreon","MEDICATION","","4"
"L/S segment of the spine","L/S segment of the spine","BIOLOGICAL_STRUCTURE","","1"
"L1-3","L1-3","BIOLOGICAL_STRUCTURE","","1"
"L2/L3 level","L2/L3 level","BIOLOGICAL_STRUCTURE","","1"
"L3/L4 level","L3/L4 level","BIOLOGICAL_STRUCTURE","","1"
"L4/L5 level","L4/L5 level","BIOLOGICAL_STRUCTURE","","1"
"L5/S1 level","L5/S1 level","BIOLOGICAL_STRUCTURE","","1"
"LDCT","LDCT","DIAGNOSTIC_PROCEDURE","","2"
"LVEF","LVEF","DIAGNOSTIC_PROCEDURE","","2"
"Lantus SoloStar insulin","Lantus SoloStar insulin","MEDICATION","","2"
"Loss of the cervical lordosis","Loss of the cervical lordosis","SIGN_SYMPTOM","","1"
"Lumify echo","Lumify echo","DIAGNOSTIC_PROCEDURE","","1"
"MND","MND","THERAPEUTIC_PROCEDURE","","2"
"MR of the head","MR of the head","DIAGNOSTIC_PROCEDURE","","1"
"MR of the spine","MR of the spine","DIAGNOSTIC_PROCEDURE","","3"
"MRI of the left foot","MRI of the left foot","DIAGNOSTIC_PROCEDURE","","1"
"Main Reception in the CMI building","Main Reception in the CMI building","NONBIOLOGICAL_LOCATION","","1"
"May 2022","May 2022","DATE","","2"
"Measurement of waist and hip circumference","Measurement of waist and hip circumference","DIAGNOSTIC_PROCEDURE","","2"
"Meckel's caves","Meckel's caves","BIOLOGICAL_STRUCTURE","","1"
"Mepilex","Mepilex","MEDICATION","","4"
"Mepilex Ag","Mepilex Ag","MEDICATION","","1"
"Mepilex foam dressing","Mepilex foam dressing","MEDICATION","","1"
"Mepilex foam dressings","Mepilex foam dressings","MEDICATION","","1"
"Metabolically active","Metabolically active","BIOLOGICAL_ATTRIBUTE","","4"
"Metabolically active focus","Metabolically active focus","DIAGNOSTIC_PROCEDURE","","1"
"Microdacyn","Microdacyn","MEDICATION","","4"
"Microdacyn gel","Microdacyn gel","MEDICATION","","5"
"Microdacyn hydrogel","Microdacyn hydrogel","MEDICATION","","1"
"Monitoring of liver parameters and electrolytes","Monitoring of liver parameters and electrolytes","DIAGNOSTIC_PROCEDURE","","1"
"Monitoring of the frequency of bowel movements","Monitoring of the frequency of bowel movements","DIAGNOSTIC_PROCEDURE","","1"
"Morphological","Morphological","DIAGNOSTIC_PROCEDURE","","2"
"Mucosal changes","Mucosal changes","SIGN_SYMPTOM","","1"
"NI-RADS","NI-RADS","DIAGNOSTIC_PROCEDURE","","2"
"NI-RADS local 2b","NI-RADS local 2b","LAB_VALUE","","1"
"Napsin A (+)","Napsin A (+)","LAB_VALUE","","1"
"National Institute of Oncology","National Institute of Oncology","NONBIOLOGICAL_LOCATION","","1"
"Nephrology Clinic of the University Clinical Centre","Nephrology Clinic of the University Clinical Centre","NONBIOLOGICAL_LOCATION","","2"
"Neuroinvasion","Neuroinvasion","SIGN_SYMPTOM","","2"
"Neurological consultation","Neurological consultation","CLINICAL_EVENT","","3"
"Non-Invasive Medicine Centre","Non-Invasive Medicine Centre","NONBIOLOGICAL_LOCATION","","1"
"Non-compaction","Non-compaction","DISEASE_DISORDER","","1"
"Non-shockable rhythm","Non-shockable rhythm","SIGN_SYMPTOM","","2"
"Offloading","Offloading","THERAPEUTIC_PROCEDURE","","1"
"Offloading of the limb","Offloading of the limb","THERAPEUTIC_PROCEDURE","","3"
"Omnifix E","Omnifix E","MEDICATION","","1"
"Optilyte","Optilyte","MEDICATION","","4"
"Over the following two weeks","Over the following two weeks","DURATION","","1"
"Overuse changes","Overuse changes","SIGN_SYMPTOM","","1"
"P63-","P63-","LAB_VALUE","","1"
"PL=1, B","PL=1, B","LAB_VALUE","","1"
"PLMs","PLMs","DISEASE_DISORDER","","1"
"POCUS","POCUS","DIAGNOSTIC_PROCEDURE","","2"
"PQ","PQ","BIOLOGICAL_ATTRIBUTE","","7"
"PRBC","PRBC","MEDICATION","","2"
"PS0","PS0","CLINICAL_EVENT","","1"
"PSA-","PSA-","LAB_VALUE","","1"
"Perithyroid lymph nodes","Perithyroid lymph nodes","BIOLOGICAL_STRUCTURE","","3"
"Planned Admissions Point at the Non-Invasive Medicine Centre","Planned Admissions Point at the Non-Invasive Medicine Centre","NONBIOLOGICAL_LOCATION","","1"
"Planned Admissions Point of the CMI","Planned Admissions Point of the CMI","NONBIOLOGICAL_LOCATION","","1"
"Planned Admissions Point of the Non-Invasive Medicine Centre","Planned Admissions Point of the Non-Invasive Medicine Centre","NONBIOLOGICAL_LOCATION","","1"
"Polish Mother's Memorial Hospital Research Institute in Łódź","Polish Mother's Memorial Hospital Research Institute in Łódź","NONBIOLOGICAL_LOCATION","","1"
"Pressure-sore prophylaxis","Pressure-sore prophylaxis","THERAPEUTIC_PROCEDURE","","1"
"ProHance","ProHance","MEDICATION","","1"
"Protecting the left big toe with a dry dressing","Protecting the left big toe with a dry dressing","THERAPEUTIC_PROCEDURE","","1"
"Pulmonary venous collector","Pulmonary venous collector","BIOLOGICAL_STRUCTURE","","1"
"Purilon gel","Purilon gel","MEDICATION","","1"
"R-ICA","R-ICA","BIOLOGICAL_STRUCTURE","","4"
"RICA","RICA","BIOLOGICAL_STRUCTURE","","1"
"ROSC","ROSC","OUTCOME","","7"
"RPS","RPS","BIOLOGICAL_STRUCTURE","","7"
"Radiological follow-up","Radiological follow-up","DIAGNOSTIC_PROCEDURE","","1"
"Radiology Department of the University Clinical Centre","Radiology Department of the University Clinical Centre","NONBIOLOGICAL_LOCATION","","1"
"Regional Centre for Arterial Hypertension and Diabetology","Regional Centre for Arterial Hypertension and Diabetology","NONBIOLOGICAL_LOCATION","","1"
"Regional Diabetology Centre","Regional Diabetology Centre","NONBIOLOGICAL_LOCATION","","3"
"Regional Diabetology Centre of the University Clinical Centre","Regional Diabetology Centre of the University Clinical Centre","NONBIOLOGICAL_LOCATION","","1"
"Regional Oncology Centre","Regional Oncology Centre","NONBIOLOGICAL_LOCATION","","1"
"Removal of the catheter","Removal of the catheter","THERAPEUTIC_PROCEDURE","","1"
"Removal of the remaining sutures","Removal of the remaining sutures","THERAPEUTIC_PROCEDURE","","1"
"Removal of the suture","Removal of the suture","THERAPEUTIC_PROCEDURE","","1"
"Replacement of the catheter","Replacement of the catheter","THERAPEUTIC_PROCEDURE","","3"
"Restriction of carbohydrate intake","Restriction of carbohydrate intake","THERAPEUTIC_PROCEDURE","","1"
"Restriction of saturated fatty acid intake","Restriction of saturated fatty acid intake","THERAPEUTIC_PROCEDURE","","1"
"Reverse flow","Reverse flow","SIGN_SYMPTOM","","1"
"Reversed kyphosis","Reversed kyphosis","SIGN_SYMPTOM","","1"
"Richter","Richter","DETAILED_DESCRIPTION","","1"
"Right ventricular contractility","Right ventricular contractility","BIOLOGICAL_ATTRIBUTE","","1"
"S. maltophilia","S. maltophilia","OTHER_ENTITY","","1"
"SIMV mode","SIMV mode","OTHER_ENTITY","","2"
"SLND","SLND","THERAPEUTIC_PROCEDURE","","1"
"SMG","SMG","BIOLOGICAL_STRUCTURE","","2"
"SND (I-V)","SND (I-V)","THERAPEUTIC_PROCEDURE","","1"
"SND, SMG IB, IIB, III and VA on the right side and IA and IB on the left","SND, SMG IB, IIB, III and VA on the right side and IA and IB on the left","THERAPEUTIC_PROCEDURE","","1"
"SUVmax","SUVmax","LAB_VALUE","","36"
"SUVmax 11.0","SUVmax 11.0","LAB_VALUE","","1"
"SUVmax 2.6","SUVmax 2.6","LAB_VALUE","","1"
"SUVmax 3.2","SUVmax 3.2","LAB_VALUE","","1"
"SUVmax 3.5","SUVmax 3.5","LAB_VALUE","","1"
"SUVmax 4.2","SUVmax 4.2","LAB_VALUE","","1"
"SUVmax 4.5","SUVmax 4.5","LAB_VALUE","","1"
"SUVmax 4.8","SUVmax 4.8","LAB_VALUE","","1"
"SUVmax 5.5","SUVmax 5.5","LAB_VALUE","","1"
"SUVmax 6.0","SUVmax 6.0","LAB_VALUE","","1"
"Segmental contractility","Segmental contractility","BIOLOGICAL_ATTRIBUTE","","1"
"Self-monitoring of the pulse","Self-monitoring of the pulse","DIAGNOSTIC_PROCEDURE","","1"
"Shelter for homeless people in Kolbudy","Shelter for homeless people in Kolbudy","NONBIOLOGICAL_LOCATION","","1"
"Shockable rhythm","Shockable rhythm","SIGN_SYMPTOM","","2"
"Situs of the viscera","Situs of the viscera","BIOLOGICAL_ATTRIBUTE","","2"
"Sleep Disorders Clinic of the Department of Adult Psychiatry, University Clinical Centre - Medical University of Gdańsk","Sleep Disorders Clinic of the Department of Adult Psychiatry, University Clinical Centre - Medical University of Gdańsk","NONBIOLOGICAL_LOCATION","","2"
"Sleep Medicine Centre","Sleep Medicine Centre","NONBIOLOGICAL_LOCATION","","4"
"Small bony spurs","Small bony spurs","SIGN_SYMPTOM","","1"
"Smoking Cessation Clinic of the University Clinical Centre","Smoking Cessation Clinic of the University Clinical Centre","NONBIOLOGICAL_LOCATION","","1"
"Spongiform","Spongiform","TEXTURE","","1"
"Supplementation with vitamin D3 2000 units","Supplementation with vitamin D3 2000 units","THERAPEUTIC_PROCEDURE","","1"
"Surgical Clinic of the University Clinical Centre in Gdańsk","Surgical Clinic of the University Clinical Centre in Gdańsk","NONBIOLOGICAL_LOCATION","","1"
"Surgical, Diabetology, Diabetic Foot, Cardiology and Angiology clinics","Surgical, Diabetology, Diabetic Foot, Cardiology and Angiology clinics","NONBIOLOGICAL_LOCATION","","1"
"Sutnisept","Sutnisept","MEDICATION","","1"
"T1, T2 and PD weighting","T1, T2 and PD weighting","DIAGNOSTIC_PROCEDURE","","1"
"T1-weighted images","T1-weighted images","DIAGNOSTIC_PROCEDURE","","3"
"T1aN0M0","T1aN0M0","LAB_VALUE","","2"
"T2 dark fluid images","T2 dark fluid images","DIAGNOSTIC_PROCEDURE","","1"
"T2N0","T2N0","DETAILED_DESCRIPTION","","1"
"T3N0","T3N0","DETAILED_DESCRIPTION","","1"
"T3N0Mx","T3N0Mx","LAB_VALUE","","2"
"T3cN2","T3cN2","DETAILED_DESCRIPTION","","1"
"T4aN3b","T4aN3b","LAB_VALUE","","1"
"T4bN2b","T4bN2b","SEVERITY","","1"
"T5-L4","T5-L4","BIOLOGICAL_STRUCTURE","","1"
"TAPSE","TAPSE","DIAGNOSTIC_PROCEDURE","","2"
"TIRADS 1","TIRADS 1","LAB_VALUE","","2"
"TIRADS 2","TIRADS 2","LAB_VALUE","","18"
"TIRADS 3","TIRADS 3","LAB_VALUE","","11"
"TIRADS 4","TIRADS 4","LAB_VALUE","","23"
"TNM Classification of Malignant Tumours, 8th Edition","TNM Classification of Malignant Tumours, 8th Edition","OTHER_ENTITY","","1"
"TR-4","TR-4","LAB_VALUE","","1"
"TTF1+","TTF1+","LAB_VALUE","","1"
"Taromentin","Taromentin","MEDICATION","","3"
"Teichholz","Teichholz","DIAGNOSTIC_PROCEDURE","","1"
"Teichholz method","Teichholz method","DIAGNOSTIC_PROCEDURE","","1"
"Th1-Th2 level","Th1-Th2 level","BIOLOGICAL_STRUCTURE","","1"
"Th10-12","Th10-12","DIAGNOSTIC_PROCEDURE","","1"
"Th10/11","Th10/11","BIOLOGICAL_STRUCTURE","","1"
"Th12","Th12","BIOLOGICAL_STRUCTURE","","1"
"Th4","Th4","BIOLOGICAL_STRUCTURE","","1"
"Their","Their","COREFERENCE","","1"
"Therapy with a CPAP device","Therapy with a CPAP device","THERAPEUTIC_PROCEDURE","","1"
"They","They","COREFERENCE","","3"
"This set","This set","COREFERENCE","","1"
"Thoracic Surgery and Oncology clinics","Thoracic Surgery and Oncology clinics","NONBIOLOGICAL_LOCATION","","1"
"Three-","Three-","DETAILED_DESCRIPTION","","1"
"Tissue velocity analysis","Tissue velocity analysis","DIAGNOSTIC_PROCEDURE","","2"
"Tomorrow, 19 January 2023","Tomorrow, 19 January 2023","DATE","","1"
"University Clinical Centre in Gdańsk","University Clinical Centre in Gdańsk","NONBIOLOGICAL_LOCATION","","2"
"University Clinical Centre in the CMI building","University Clinical Centre in the CMI building","NONBIOLOGICAL_LOCATION","","1"
"Upper and lateral resection lines","Upper and lateral resection lines","BIOLOGICAL_STRUCTURE","","1"
"UrgoStart Ag","UrgoStart Ag","MEDICATION","","1"
"Urgoclean Ag","Urgoclean Ag","MEDICATION","","2"
"Urgotul Ag","Urgotul Ag","MEDICATION","","1"
"VSDs","VSDs","DISEASE_DISORDER","","1"
"Vivid S70","Vivid S70","OTHER_ENTITY","","1"
"Walking with crutches","Walking with crutches","ACTIVITY","","1"
"Ward B of the Department of Oncology and Radiotherapy","Ward B of the Department of Oncology and Radiotherapy","NONBIOLOGICAL_LOCATION","","1"
"Water Rescue Service","Water Rescue Service","NONBIOLOGICAL_LOCATION","","1"
"a'","a'","BIOLOGICAL_ATTRIBUTE","","1"
"a''","a''","BIOLOGICAL_ATTRIBUTE","","1"
"abbreviated glycaemic profile","abbreviated glycaemic profile","DIAGNOSTIC_PROCEDURE","","1"
"abnormal post-contrast enhancement","abnormal post-contrast enhancement","SIGN_SYMPTOM","","2"
"abruptly stopping intense exertion","abruptly stopping intense exertion","ACTIVITY","","1"
"accentuation of the physiological lordosis","accentuation of the physiological lordosis","SIGN_SYMPTOM","","1"
"active underlying process","active underlying process","DISEASE_DISORDER","","5"
"acute ischaemic areas in the brain","acute ischaemic areas in the brain","DISEASE_DISORDER","","1"
"adapted underground mine working","adapted underground mine working","NONBIOLOGICAL_LOCATION","","1"
"addiction treatment department for children and adolescents","addiction treatment department for children and adolescents","NONBIOLOGICAL_LOCATION","","1"
"addiction treatment department with enhanced security","addiction treatment department with enhanced security","NONBIOLOGICAL_LOCATION","","1"
"addiction treatment department with enhanced security for adolescents","addiction treatment department with enhanced security for adolescents","NONBIOLOGICAL_LOCATION","","1"
"adult cardiology clinic","adult cardiology clinic","NONBIOLOGICAL_LOCATION","","3"
"advanced necrosis","advanced necrosis","SIGN_SYMPTOM","","1"
"air search and rescue group","air search and rescue group","NONBIOLOGICAL_LOCATION","","1"
"allergology clinic","allergology clinic","NONBIOLOGICAL_LOCATION","","1"
"allergology department","allergology department","NONBIOLOGICAL_LOCATION","","3"
"analgesic treatment","analgesic treatment","THERAPEUTIC_PROCEDURE","","2"
"anechoic lesion","anechoic lesion","SIGN_SYMPTOM","","6"
"another and unspecified medical activity unit","another and unspecified medical activity unit","NONBIOLOGICAL_LOCATION","","1"
"anterior boundary","anterior boundary","DETAILED_DESCRIPTION","","1"
"anterior part of the oral cavity","anterior part of the oral cavity","BIOLOGICAL_STRUCTURE","","1"
"anterior parts of the endplates of the L2 and L3 vertebral bodies","anterior parts of the endplates of the L2 and L3 vertebral bodies","BIOLOGICAL_STRUCTURE","","1"
"anterior parts of the right temporalis muscle","anterior parts of the right temporalis muscle","BIOLOGICAL_STRUCTURE","","1"
"anterior poles of both temporal lobes","anterior poles of both temporal lobes","BIOLOGICAL_STRUCTURE","","2"
"anterior process of the right parotid gland","anterior process of the right parotid gland","BIOLOGICAL_STRUCTURE","","1"
"anterior segment of the right 3rd rib","anterior segment of the right 3rd rib","BIOLOGICAL_STRUCTURE","","1"
"anterior slippage","anterior slippage","SIGN_SYMPTOM","","1"
"anterior surfaces of the C3 and C4 vertebral bodies","anterior surfaces of the C3 and C4 vertebral bodies","BIOLOGICAL_STRUCTURE","","2"
"anterior-lateral","anterior-lateral","AREA","","1"
"anti-adrenal cortex antibodies","anti-adrenal cortex antibodies","DIAGNOSTIC_PROCEDURE","","1"
"anti-oedema","anti-oedema","MEDICATION","","1"
"anti-oedema agents","anti-oedema agents","MEDICATION","","1"
"anti-oedema drugs","anti-oedema drugs","MEDICATION","","1"
"anti-oedema treatment","anti-oedema treatment","THERAPEUTIC_PROCEDURE","","3"
"anti-scabies treatment","anti-scabies treatment","THERAPEUTIC_PROCEDURE","","1"
"antiarrhythmic treatment","antiarrhythmic treatment","THERAPEUTIC_PROCEDURE","","1"
"antibodies for Addison-Biermer disease","antibodies for Addison-Biermer disease","DIAGNOSTIC_PROCEDURE","","1"
"antifungal treatment","antifungal treatment","THERAPEUTIC_PROCEDURE","","2"
"apices of both lungs","apices of both lungs","BIOLOGICAL_STRUCTURE","","1"
"approximately 1800 ml","approximately 1800 ml","VOLUME","","1"
"approximately 26 millimetres of mercury","approximately 26 millimetres of mercury","LAB_VALUE","","2"
"approximately 40 centimetres","approximately 40 centimetres","DISTANCE","","1"
"approximately 500 millilitres","approximately 500 millilitres","VOLUME","","1"
"areas of lower echo","areas of lower echo","SIGN_SYMPTOM","","3"
"areas of reduced echo","areas of reduced echo","SIGN_SYMPTOM","","2"
"around 12:00","around 12:00","TIME","","1"
"arteries of the left lower limb","arteries of the left lower limb","BIOLOGICAL_STRUCTURE","","2"
"assessment of micturition","assessment of micturition","DIAGNOSTIC_PROCEDURE","","1"
"assessment of the arterial vessels of the lower legs","assessment of the arterial vessels of the lower legs","DIAGNOSTIC_PROCEDURE","","1"
"at 2 o'clock","at 2 o'clock","AREA","","2"
"atypically positioned","atypically positioned","SIGN_SYMPTOM","","1"
"audiology and phoniatrics department","audiology and phoniatrics department","NONBIOLOGICAL_LOCATION","","1"
"augmentin","augmentin","MEDICATION","","3"
"auscultatory and radiological changes","auscultatory and radiological changes","SIGN_SYMPTOM","","1"
"auscultatory changes","auscultatory changes","SIGN_SYMPTOM","","1"
"balanced, high-fibre diet","balanced, high-fibre diet","THERAPEUTIC_PROCEDURE","","1"
"balneotherapy department","balneotherapy department","NONBIOLOGICAL_LOCATION","","1"
"balneotherapy unit","balneotherapy unit","NONBIOLOGICAL_LOCATION","","1"
"band-like","band-like","SHAPE","","1"
"basal resection line","basal resection line","BIOLOGICAL_STRUCTURE","","1"
"basal-bolus regimen","basal-bolus regimen","ADMINISTRATION","","1"
"base of the 5th toe","base of the 5th toe","BIOLOGICAL_STRUCTURE","","1"
"base of the orbits","base of the orbits","BIOLOGICAL_STRUCTURE","","1"
"basic household tasks","basic household tasks","ACTIVITY","","1"
"basic medical rescue team","basic medical rescue team","NONBIOLOGICAL_LOCATION","","1"
"basic water medical rescue team","basic water medical rescue team","NONBIOLOGICAL_LOCATION","","1"
"bed of the","bed of the","BIOLOGICAL_STRUCTURE","","1"
"bed of the left tonsil","bed of the left tonsil","BIOLOGICAL_STRUCTURE","","1"
"bed of the removed left thyroid lobe","bed of the removed left thyroid lobe","BIOLOGICAL_STRUCTURE","","2"
"bed of the removed right thyroid lobe","bed of the removed right thyroid lobe","BIOLOGICAL_STRUCTURE","","1"
"bed-bound","bed-bound","SIGN_SYMPTOM","","3"
"benign lesion","benign lesion","DISEASE_DISORDER","","2"
"bleeding from the puncture site","bleeding from the puncture site","SIGN_SYMPTOM","","1"
"blood count parameters","blood count parameters","DIAGNOSTIC_PROCEDURE","","1"
"blood gas parameters","blood gas parameters","DIAGNOSTIC_PROCEDURE","","1"
"blood, urine and sputum cultures","blood, urine and sputum cultures","DIAGNOSTIC_PROCEDURE","","1"
"body of Th12","body of Th12","BIOLOGICAL_STRUCTURE","","2"
"body of Th3","body of Th3","BIOLOGICAL_STRUCTURE","","3"
"body of the mandible on the left side","body of the mandible on the left side","BIOLOGICAL_STRUCTURE","","1"
"bone expansion","bone expansion","SIGN_SYMPTOM","","1"
"bone rebuilding","bone rebuilding","SIGN_SYMPTOM","","1"
"border of the isthmus and the right lobe","border of the isthmus and the right lobe","AREA","","1"
"border of the right lobe and the isthmus","border of the right lobe and the isthmus","BIOLOGICAL_STRUCTURE","","1"
"both thyroid lobes","both thyroid lobes","BIOLOGICAL_STRUCTURE","","2"
"bowel loops","bowel loops","BIOLOGICAL_STRUCTURE","","1"
"brachytherapy unit or facility","brachytherapy unit or facility","NONBIOLOGICAL_LOCATION","","1"
"breast disease prevention clinic","breast disease prevention clinic","NONBIOLOGICAL_LOCATION","","1"
"breathing spontaneously","breathing spontaneously","SIGN_SYMPTOM","","1"
"broad","broad","DETAILED_DESCRIPTION","","1"
"broad-spectrum empirical antibiotic therapy","broad-spectrum empirical antibiotic therapy","THERAPEUTIC_PROCEDURE","","1"
"bronchi of the upper and lower lobes","bronchi of the upper and lower lobes","BIOLOGICAL_STRUCTURE","","1"
"bronchial resection line","bronchial resection line","BIOLOGICAL_STRUCTURE","","4"
"bronchial specimens","bronchial specimens","BIOLOGICAL_STRUCTURE","","1"
"bronchofibrescope","bronchofibrescope","OTHER_ENTITY","","1"
"buccal and preauricular region","buccal and preauricular region","BIOLOGICAL_STRUCTURE","","1"
"bulges aneurysmally","bulges aneurysmally","SIGN_SYMPTOM","","1"
"bulging of the C4-C5 intervertebral disc","bulging of the C4-C5 intervertebral disc","SIGN_SYMPTOM","","1"
"bulging of the C5/C6 intervertebral disc","bulging of the C5/C6 intervertebral disc","SIGN_SYMPTOM","","1"
"bulging the external outline","bulging the external outline","SIGN_SYMPTOM","","1"
"but","but","BIOLOGICAL_STRUCTURE","","2"
"buttock ointment","buttock ointment","MEDICATION","","1"
"cT1N0M0","cT1N0M0","DETAILED_DESCRIPTION","","3"
"cT1N3","cT1N3","LAB_VALUE","","2"
"cT1c(m)N0","cT1c(m)N0","SEVERITY","","1"
"cT2N2M0","cT2N2M0","DETAILED_DESCRIPTION","","2"
"cT2N2aM0","cT2N2aM0","LAB_VALUE","","1"
"cT3N1","cT3N1","LAB_VALUE","","1"
"cT4N1","cT4N1","LAB_VALUE","","2"
"cT4N1M0","cT4N1M0","LAB_VALUE","","1"
"cT4aN2cM0","cT4aN2cM0","LAB_VALUE","","1"
"carcinoma of the piriform recess","carcinoma of the piriform recess","DISEASE_DISORDER","","1"
"carcinoma of the right piriform recess","carcinoma of the right piriform recess","DISEASE_DISORDER","","1"
"cardiac dimensions","cardiac dimensions","BIOLOGICAL_ATTRIBUTE","","1"
"cardiological care","cardiological care","THERAPEUTIC_PROCEDURE","","2"
"cardiological consultation","cardiological consultation","CLINICAL_EVENT","","2"
"cardiological observation","cardiological observation","CLINICAL_EVENT","","1"
"care and treatment department for children and adolescents","care and treatment department for children and adolescents","NONBIOLOGICAL_LOCATION","","1"
"care and treatment facility for children and adolescents","care and treatment facility for children and adolescents","NONBIOLOGICAL_LOCATION","","1"
"central dorsal bulging of the intervertebral disc","central dorsal bulging of the intervertebral disc","SIGN_SYMPTOM","","1"
"central signal void","central signal void","SIGN_SYMPTOM","","1"
"centrally and ventrally","centrally and ventrally","DETAILED_DESCRIPTION","","1"
"changes of specialist dressings","changes of specialist dressings","THERAPEUTIC_PROCEDURE","","1"
"changing of the outer dressing","changing of the outer dressing","THERAPEUTIC_PROCEDURE","","1"
"chaotic vascular pattern","chaotic vascular pattern","SIGN_SYMPTOM","","2"
"check of creatinine and potassium levels","check of creatinine and potassium levels","DIAGNOSTIC_PROCEDURE","","1"
"checking the pupils","checking the pupils","DIAGNOSTIC_PROCEDURE","","1"
"chemotherapy","chemotherapy","THERAPEUTIC_PROCEDURE","","1"
"chronic inflammatory process of the paranasal sinuses","chronic inflammatory process of the paranasal sinuses","DISEASE_DISORDER","","1"
"circumferential tumour infiltrate","circumferential tumour infiltrate","DISEASE_DISORDER","","1"
"clearly demarcated","clearly demarcated","QUALITATIVE_CONCEPT","","1"
"clearly demarcated from the surroundings","clearly demarcated from the surroundings","DETAILED_DESCRIPTION","","2"
"clinic for diseases of the mucous membranes and periodontium","clinic for diseases of the mucous membranes and periodontium","NONBIOLOGICAL_LOCATION","","1"
"clinic for prevention of hip dysplasia","clinic for prevention of hip dysplasia","NONBIOLOGICAL_LOCATION","","1"
"clinical oncology","clinical oncology","AREA","","1"
"closure of an ileostomy","closure of an ileostomy","THERAPEUTIC_PROCEDURE","","1"
"coaptation","coaptation","BIOLOGICAL_ATTRIBUTE","","1"
"colloid reflections","colloid reflections","SIGN_SYMPTOM","","2"
"colonised","colonised","CLINICAL_EVENT","","1"
"colour Doppler","colour Doppler","DIAGNOSTIC_PROCEDURE","","27"
"community nurse and midwife's clinic","community nurse and midwife's clinic","NONBIOLOGICAL_LOCATION","","1"
"community nurse and midwife's office","community nurse and midwife's office","NONBIOLOGICAL_LOCATION","","1"
"community/family midwife's clinic","community/family midwife's clinic","NONBIOLOGICAL_LOCATION","","1"
"community/family midwife's office","community/family midwife's office","NONBIOLOGICAL_LOCATION","","1"
"community/family nurse's clinic","community/family nurse's clinic","NONBIOLOGICAL_LOCATION","","1"
"community/family nurse's office","community/family nurse's office","NONBIOLOGICAL_LOCATION","","1"
"concerning symptoms","concerning symptoms","SIGN_SYMPTOM","","1"
"confabulated","confabulated","SIGN_SYMPTOM","","1"
"conglomerate of focal lesions","conglomerate of focal lesions","DISEASE_DISORDER","","1"
"conglomerate of hyperechoic and isoechoic focal lesions with fluid spaces","conglomerate of hyperechoic and isoechoic focal lesions with fluid spaces","SIGN_SYMPTOM","","1"
"conglomerate of hypoechoic nodules","conglomerate of hypoechoic nodules","SIGN_SYMPTOM","","2"
"conglomerate of nodules","conglomerate of nodules","SIGN_SYMPTOM","","3"
"conglomerate of similar focal lesions","conglomerate of similar focal lesions","SIGN_SYMPTOM","","1"
"conglomerate of solid, well-demarcated, isoechoic focal lesions","conglomerate of solid, well-demarcated, isoechoic focal lesions","SIGN_SYMPTOM","","1"
"conglomerate size","conglomerate size","BIOLOGICAL_ATTRIBUTE","","2"
"conglomerates","conglomerates","DETAILED_DESCRIPTION","","2"
"conservative dentistry clinic","conservative dentistry clinic","NONBIOLOGICAL_LOCATION","","1"
"considerable","considerable","SEVERITY","","5"
"considerably enlarged","considerably enlarged","SIGN_SYMPTOM","","1"
"contrast opacification","contrast opacification","SIGN_SYMPTOM","","1"
"cooling ointment","cooling ointment","MEDICATION","","1"
"cortical layer of the left tibia","cortical layer of the left tibia","BIOLOGICAL_STRUCTURE","","1"
"coupling interval","coupling interval","BIOLOGICAL_ATTRIBUTE","","2"
"course of depolarisation","course of depolarisation","BIOLOGICAL_ATTRIBUTE","","1"
"critical parameters analyser","critical parameters analyser","DIAGNOSTIC_PROCEDURE","","4"
"critical parameters panel","critical parameters panel","DIAGNOSTIC_PROCEDURE","","5"
"crossing the legs","crossing the legs","ACTIVITY","","1"
"culture for Mycoplasma tuberculosis","culture for Mycoplasma tuberculosis","DIAGNOSTIC_PROCEDURE","","1"
"culture of fluid from the right pleural cavity for tubercle bacilli","culture of fluid from the right pleural cavity for tubercle bacilli","DIAGNOSTIC_PROCEDURE","","1"
"cystic fibrosis treatment clinic","cystic fibrosis treatment clinic","NONBIOLOGICAL_LOCATION","","1"
"cystic-solid","cystic-solid","TEXTURE","","9"
"cystic-solid, spongiform lesions","cystic-solid, spongiform lesions","SIGN_SYMPTOM","","1"
"damage to the right Eustachian tube","damage to the right Eustachian tube","DISEASE_DISORDER","","1"
"day geriatric care centre","day geriatric care centre","NONBIOLOGICAL_LOCATION","","1"
"day palliative or hospice care centre","day palliative or hospice care centre","NONBIOLOGICAL_LOCATION","","1"
"deep veins of the limb","deep veins of the limb","BIOLOGICAL_STRUCTURE","","1"
"demyelinating focus","demyelinating focus","SIGN_SYMPTOM","","1"
"dental check-ups","dental check-ups","DIAGNOSTIC_PROCEDURE","","3"
"department for alcohol addiction therapy","department for alcohol addiction therapy","NONBIOLOGICAL_LOCATION","","1"
"department for alcohol addiction therapy for children and adolescents","department for alcohol addiction therapy for children and adolescents","NONBIOLOGICAL_LOCATION","","1"
"department for certification of health status","department for certification of health status","NONBIOLOGICAL_LOCATION","","1"
"department for psychoactive substance addiction therapy for children and adolescents","department for psychoactive substance addiction therapy for children and adolescents","NONBIOLOGICAL_LOCATION","","1"
"department for the chronically ill","department for the chronically ill","NONBIOLOGICAL_LOCATION","","1"
"department for treatment of alcohol dependence with coexisting psychotic disorders","department for treatment of alcohol dependence with coexisting psychotic disorders","NONBIOLOGICAL_LOCATION","","1"
"department for treatment of alcohol withdrawal syndromes (detoxification)","department for treatment of alcohol withdrawal syndromes (detoxification)","NONBIOLOGICAL_LOCATION","","1"
"department for treatment of psychoactive substance addiction","department for treatment of psychoactive substance addiction","NONBIOLOGICAL_LOCATION","","1"
"department for treatment of withdrawal syndromes following psychoactive substances","department for treatment of withdrawal syndromes following psychoactive substances","NONBIOLOGICAL_LOCATION","","2"
"department of food, nutrition and articles of everyday use","department of food, nutrition and articles of everyday use","NONBIOLOGICAL_LOCATION","","1"
"department/centre for therapy of people dependent on psychoactive substances with coexisting psychotic disorders","department/centre for therapy of people dependent on psychoactive substances with coexisting psychotic disorders","NONBIOLOGICAL_LOCATION","","1"
"depolarisation","depolarisation","BIOLOGICAL_ATTRIBUTE","","3"
"developing more slowly","developing more slowly","SIGN_SYMPTOM","","1"
"diabetology clinic","diabetology clinic","NONBIOLOGICAL_LOCATION","","1"
"diabetology department","diabetology department","NONBIOLOGICAL_LOCATION","","1"
"diagnostic or procedural laboratories","diagnostic or procedural laboratories","NONBIOLOGICAL_LOCATION","","1"
"diastolic flow component","diastolic flow component","SIGN_SYMPTOM","","1"
"did not speak","did not speak","SIGN_SYMPTOM","","1"
"diet in accordance with the principles of nutrition in diabetes","diet in accordance with the principles of nutrition in diabetes","THERAPEUTIC_PROCEDURE","","1"
"diet with a reduced content of animal and saturated fats","diet with a reduced content of animal and saturated fats","THERAPEUTIC_PROCEDURE","","1"
"diet with restriction of readily absorbed carbohydrates","diet with restriction of readily absorbed carbohydrates","THERAPEUTIC_PROCEDURE","","1"
"diet with restriction of simple sugars","diet with restriction of simple sugars","THERAPEUTIC_PROCEDURE","","1"
"diet with restriction of simple sugars and saturated animal fats","diet with restriction of simple sugars and saturated animal fats","THERAPEUTIC_PROCEDURE","","1"
"dietary support","dietary support","THERAPEUTIC_PROCEDURE","","1"
"difficulties with taking food","difficulties with taking food","SIGN_SYMPTOM","","1"
"diffuse changes","diffuse changes","SIGN_SYMPTOM","","2"
"discreet","discreet","SEVERITY","","2"
"discreetly","discreetly","SEVERITY","","4"
"discreetly active","discreetly active","DETAILED_DESCRIPTION","","2"
"displaced slightly posteriorly","displaced slightly posteriorly","SIGN_SYMPTOM","","1"
"displaces the trachea to the right","displaces the trachea to the right","SIGN_SYMPTOM","","1"
"disqualified","disqualified","CLINICAL_EVENT","","1"
"disseminated malignant disease of unknown primary origin","disseminated malignant disease of unknown primary origin","DISEASE_DISORDER","","1"
"disseminated neoplastic process of unknown primary origin","disseminated neoplastic process of unknown primary origin","DISEASE_DISORDER","","1"
"distal epiphysis of the right femur","distal epiphysis of the right femur","BIOLOGICAL_STRUCTURE","","3"
"do not react to the light source","do not react to the light source","SIGN_SYMPTOM","","1"
"doctors' room","doctors' room","NONBIOLOGICAL_LOCATION","","1"
"dorsal part of the ventricles","dorsal part of the ventricles","BIOLOGICAL_STRUCTURE","","2"
"downward trend","downward trend","OUTCOME","","1"
"dressed","dressed","THERAPEUTIC_PROCEDURE","","2"
"driving vehicles on public roads","driving vehicles on public roads","ACTIVITY","","2"
"dural sac","dural sac","BIOLOGICAL_STRUCTURE","","1"
"during the day","during the day","TIME","","2"
"dynamically increasing","dynamically increasing","QUALITATIVE_CONCEPT","","1"
"e'","e'","BIOLOGICAL_ATTRIBUTE","","1"
"e''","e''","BIOLOGICAL_ATTRIBUTE","","1"
"easily digestible diet","easily digestible diet","THERAPEUTIC_PROCEDURE","","1"
"educational discussion","educational discussion","THERAPEUTIC_PROCEDURE","","1"
"effaced","effaced","SIGN_SYMPTOM","","1"
"effacing","effacing","SIGN_SYMPTOM","","1"
"elevate the upper and lower limbs","elevate the upper and lower limbs","THERAPEUTIC_PROCEDURE","","1"
"emboli of tumour cells","emboli of tumour cells","DISEASE_DISORDER","","1"
"embolised vessels","embolised vessels","BIOLOGICAL_STRUCTURE","","1"
"end of the femoral stump","end of the femoral stump","BIOLOGICAL_STRUCTURE","","2"
"end-diastolic dimension","end-diastolic dimension","BIOLOGICAL_ATTRIBUTE","","1"
"endocrine osteoporosis clinic","endocrine osteoporosis clinic","NONBIOLOGICAL_LOCATION","","1"
"endovascular treatment","endovascular treatment","THERAPEUTIC_PROCEDURE","","2"
"establish feeding access","establish feeding access","THERAPEUTIC_PROCEDURE","","1"
"examination of the cervical spine","examination of the cervical spine","DIAGNOSTIC_PROCEDURE","","1"
"excised","excised","THERAPEUTIC_PROCEDURE","","5"
"excision of the necrotic tissue","excision of the necrotic tissue","THERAPEUTIC_PROCEDURE","","1"
"excision of the right palatine tonsil","excision of the right palatine tonsil","THERAPEUTIC_PROCEDURE","","1"
"exercises aimed at achieving an upright position","exercises aimed at achieving an upright position","THERAPEUTIC_PROCEDURE","","1"
"exophytic isoechoic focus","exophytic isoechoic focus","SIGN_SYMPTOM","","2"
"extended inferomedial margin","extended inferomedial margin","BIOLOGICAL_STRUCTURE","","1"
"extending retrosternally","extending retrosternally","SIGN_SYMPTOM","","2"
"extension beyond the anatomical boundaries of the prostate","extension beyond the anatomical boundaries of the prostate","SIGN_SYMPTOM","","1"
"external outlines","external outlines","BIOLOGICAL_STRUCTURE","","6"
"external warming set","external warming set","OTHER_ENTITY","","1"
"extraconally","extraconally","AREA","","1"
"extraosseous invasion","extraosseous invasion","SIGN_SYMPTOM","","2"
"faecal elastase measurement","faecal elastase measurement","DIAGNOSTIC_PROCEDURE","","4"
"faecal stones","faecal stones","SIGN_SYMPTOM","","1"
"fairly short","fairly short","SEVERITY","","1"
"fairly wide","fairly wide","QUALITATIVE_CONCEPT","","1"
"family planning and reproduction clinic","family planning and reproduction clinic","NONBIOLOGICAL_LOCATION","","1"
"faster rhythms","faster rhythms","SIGN_SYMPTOM","","1"
"fatty hila","fatty hila","BIOLOGICAL_STRUCTURE","","2"
"fatty hilum","fatty hilum","BIOLOGICAL_STRUCTURE","","1"
"fed entirely parenterally","fed entirely parenterally","THERAPEUTIC_PROCEDURE","","1"
"feldsher point","feldsher point","NONBIOLOGICAL_LOCATION","","1"
"femoral component of the prosthesis","femoral component of the prosthesis","OTHER_ENTITY","","2"
"fibrinopurulent exudate","fibrinopurulent exudate","SIGN_SYMPTOM","","2"
"fibrinous exudate","fibrinous exudate","SIGN_SYMPTOM","","1"
"finger-like oedema","finger-like oedema","SIGN_SYMPTOM","","1"
"flozin","flozin","MEDICATION","","1"
"fluid balance was kept","fluid balance was kept","THERAPEUTIC_PROCEDURE","","1"
"fluid in the right pleural cavity","fluid in the right pleural cavity","SIGN_SYMPTOM","","1"
"fluid spaces","fluid spaces","SIGN_SYMPTOM","","8"
"flushing of the drain","flushing of the drain","THERAPEUTIC_PROCEDURE","","1"
"focal disturbances of glucose metabolism","focal disturbances of glucose metabolism","DISEASE_DISORDER","","2"
"focally weakly (+)","focally weakly (+)","LAB_VALUE","","1"
"foci of altered signal","foci of altered signal","SIGN_SYMPTOM","","1"
"foci of metabolic activity","foci of metabolic activity","SIGN_SYMPTOM","","2"
"focus of bone destruction","focus of bone destruction","SIGN_SYMPTOM","","1"
"follow-up CT of the head","follow-up CT of the head","DIAGNOSTIC_PROCEDURE","","1"
"foramina lacera","foramina lacera","BIOLOGICAL_STRUCTURE","","2"
"foramina ovalia","foramina ovalia","BIOLOGICAL_STRUCTURE","","2"
"foramina rotunda","foramina rotunda","BIOLOGICAL_STRUCTURE","","1"
"foreign body in the airway","foreign body in the airway","DISEASE_DISORDER","","1"
"forensic psychiatry department with maximum security","forensic psychiatry department with maximum security","NONBIOLOGICAL_LOCATION","","1"
"forensic psychiatry department with maximum security for adolescents","forensic psychiatry department with maximum security for adolescents","NONBIOLOGICAL_LOCATION","","1"
"form conglomerates","form conglomerates","DETAILED_DESCRIPTION","","1"
"fortification of the diet with food for special medical purposes","fortification of the diet with food for special medical purposes","THERAPEUTIC_PROCEDURE","","1"
"from the inked radial resection line of the","from the inked radial resection line of the","DETAILED_DESCRIPTION","","1"
"from the inked resection line at the","from the inked resection line at the","DETAILED_DESCRIPTION","","1"
"frontoparietal junction","frontoparietal junction","BIOLOGICAL_STRUCTURE","","1"
"further two weeks","further two weeks","DATE","","2"
"gastric tube was inserted","gastric tube was inserted","THERAPEUTIC_PROCEDURE","","1"
"gastrology clinic","gastrology clinic","NONBIOLOGICAL_LOCATION","","1"
"general ambulance team","general ambulance team","NONBIOLOGICAL_LOCATION","","1"
"general radiodiagnostics unit","general radiodiagnostics unit","NONBIOLOGICAL_LOCATION","","1"
"genetically investigated","genetically investigated","DIAGNOSTIC_PROCEDURE","","2"
"geriatric consultation team","geriatric consultation team","NONBIOLOGICAL_LOCATION","","1"
"geriatric home care team","geriatric home care team","NONBIOLOGICAL_LOCATION","","1"
"geriatrics department","geriatrics department","NONBIOLOGICAL_LOCATION","","1"
"glandular and fatty composition","glandular and fatty composition","BIOLOGICAL_ATTRIBUTE","","1"
"good general condition","good general condition","QUALITATIVE_CONCEPT","","2"
"good verbal and logical contact","good verbal and logical contact","SIGN_SYMPTOM","","1"
"group VIa nodes","group VIa nodes","BIOLOGICAL_STRUCTURE","","1"
"groups I and II","groups I and II","BIOLOGICAL_STRUCTURE","","1"
"groups Ib/IIa","groups Ib/IIa","BIOLOGICAL_STRUCTURE","","1"
"gynaecological investigation","gynaecological investigation","DIAGNOSTIC_PROCEDURE","","1"
"gynaecology clinic for girls","gynaecology clinic for girls","NONBIOLOGICAL_LOCATION","","1"
"haematological consultation","haematological consultation","CLINICAL_EVENT","","1"
"haemodynamic effect","haemodynamic effect","SIGN_SYMPTOM","","1"
"haemodynamic significance","haemodynamic significance","QUALITATIVE_CONCEPT","","1"
"haemodynamically insignificant","haemodynamically insignificant","SEVERITY","","3"
"haemosiderin deposits","haemosiderin deposits","SIGN_SYMPTOM","","2"
"having blood taken","having blood taken","DIAGNOSTIC_PROCEDURE","","1"
"healed normally","healed normally","OUTCOME","","1"
"health education and promotion department","health education and promotion department","NONBIOLOGICAL_LOCATION","","1"
"health prophylaxis and pre-medical assistance office","health prophylaxis and pre-medical assistance office","NONBIOLOGICAL_LOCATION","","1"
"healthy, balanced diet","healthy, balanced diet","THERAPEUTIC_PROCEDURE","","1"
"hearing aid fitting or supply centre","hearing aid fitting or supply centre","NONBIOLOGICAL_LOCATION","","1"
"hearing assessment unit","hearing assessment unit","NONBIOLOGICAL_LOCATION","","1"
"hearing implant system fitting unit","hearing implant system fitting unit","NONBIOLOGICAL_LOCATION","","1"
"heparin ointment","heparin ointment","MEDICATION","","1"
"hepatology clinic","hepatology clinic","NONBIOLOGICAL_LOCATION","","1"
"herniation of the right sublingual gland through the mylohyoid muscle","herniation of the right sublingual gland through the mylohyoid muscle","SIGN_SYMPTOM","","1"
"heterogeneous echostructure","heterogeneous echostructure","SIGN_SYMPTOM","","3"
"heterogeneous post-contrast enhancement","heterogeneous post-contrast enhancement","SIGN_SYMPTOM","","1"
"heterogeneously enhancing","heterogeneously enhancing","SIGN_SYMPTOM","","1"
"heterogeneously hyperechoic","heterogeneously hyperechoic","TEXTURE","","1"
"heterogeneously increased signal","heterogeneously increased signal","SIGN_SYMPTOM","","1"
"heterogeneously reduced echogenicity","heterogeneously reduced echogenicity","SIGN_SYMPTOM","","3"
"high glucose reading","high glucose reading","SIGN_SYMPTOM","","1"
"high signal on T2-weighted images","high signal on T2-weighted images","SIGN_SYMPTOM","","2"
"high-protein yoghurts","high-protein yoghurts","DETAILED_DESCRIPTION","","2"
"higher than the","higher than the","LAB_VALUE","","1"
"home care team attached to a psychiatric nursing and care or care and treatment facility/department","home care team attached to a psychiatric nursing and care or care and treatment facility/department","NONBIOLOGICAL_LOCATION","","1"
"home, family care","home, family care","THERAPEUTIC_PROCEDURE","","1"
"hospital/institutional pharmacy","hospital/institutional pharmacy","NONBIOLOGICAL_LOCATION","","1"
"hospital/institutional pharmacy/pharmacy department","hospital/institutional pharmacy/pharmacy department","NONBIOLOGICAL_LOCATION","","1"
"hydrosyringomyelic cavity","hydrosyringomyelic cavity","SIGN_SYMPTOM","","1"
"hygiene and epidemiology department","hygiene and epidemiology department","NONBIOLOGICAL_LOCATION","","1"
"hygiene measures","hygiene measures","THERAPEUTIC_PROCEDURE","","1"
"hyperechoic focal lesions","hyperechoic focal lesions","SIGN_SYMPTOM","","2"
"hypertensiology department","hypertensiology department","NONBIOLOGICAL_LOCATION","","1"
"hypoallergenic liquid soap","hypoallergenic liquid soap","MEDICATION","","1"
"hypoechoic areas","hypoechoic areas","SIGN_SYMPTOM","","3"
"hypoechoic halo","hypoechoic halo","SIGN_SYMPTOM","","1"
"hypoechoic lesion","hypoechoic lesion","SIGN_SYMPTOM","","2"
"hypoechoic nodules","hypoechoic nodules","SIGN_SYMPTOM","","1"
"hypoechoic tissue","hypoechoic tissue","SIGN_SYMPTOM","","1"
"i-gel","i-gel","OTHER_ENTITY","","7"
"iN3b","iN3b","LAB_VALUE","","1"
"imaging of the abdomen and pelvis","imaging of the abdomen and pelvis","DIAGNOSTIC_PROCEDURE","","1"
"implantable cardiac device unit","implantable cardiac device unit","NONBIOLOGICAL_LOCATION","","1"
"implantation of a Genous stent","implantation of a Genous stent","THERAPEUTIC_PROCEDURE","","3"
"implantation of a stent graft","implantation of a stent graft","THERAPEUTIC_PROCEDURE","","2"
"impression on the right L5 nerve root","impression on the right L5 nerve root","SIGN_SYMPTOM","","1"
"improvement in laboratory results","improvement in laboratory results","OUTCOME","","1"
"in about a week","in about a week","DURATION","","1"
"incising","incising","THERAPEUTIC_PROCEDURE","","1"
"increased cord signal","increased cord signal","SIGN_SYMPTOM","","1"
"increased glucose turnover","increased glucose turnover","SIGN_SYMPTOM","","1"
"increased metabolic activity","increased metabolic activity","SIGN_SYMPTOM","","1"
"increased signal on T2 images","increased signal on T2 images","SIGN_SYMPTOM","","1"
"increased signal on T2-weighted images","increased signal on T2-weighted images","SIGN_SYMPTOM","","1"
"increased tracer accumulation","increased tracer accumulation","SIGN_SYMPTOM","","1"
"increased vascularity","increased vascularity","SIGN_SYMPTOM","","5"
"infection with a strain producing VIM beta-lactamases","infection with a strain producing VIM beta-lactamases","DISEASE_DISORDER","","2"
"inferior resection line","inferior resection line","BIOLOGICAL_STRUCTURE","","1"
"infiltration of the larynx","infiltration of the larynx","DISEASE_DISORDER","","1"
"infiltration of the meninges","infiltration of the meninges","SIGN_SYMPTOM","","1"
"inflammatory and liver parameters","inflammatory and liver parameters","LAB_VALUE","","1"
"inflammatory granulation tissue","inflammatory granulation tissue","DISEASE_DISORDER","","2"
"inflows","inflows","SIGN_SYMPTOM","","1"
"infraspinatus and teres minor tendons","infraspinatus and teres minor tendons","BIOLOGICAL_STRUCTURE","","1"
"inner-posterior wall","inner-posterior wall","BIOLOGICAL_STRUCTURE","","1"
"inpatient spa department","inpatient spa department","NONBIOLOGICAL_LOCATION","","2"
"inpatient spa rehabilitation department","inpatient spa rehabilitation department","NONBIOLOGICAL_LOCATION","","1"
"inserting a PEG","inserting a PEG","THERAPEUTIC_PROCEDURE","","1"
"inserting an intraosseous line","inserting an intraosseous line","THERAPEUTIC_PROCEDURE","","1"
"inserting an intravenous line","inserting an intravenous line","THERAPEUTIC_PROCEDURE","","1"
"insulin regimen","insulin regimen","THERAPEUTIC_PROCEDURE","","1"
"intermuscularly","intermuscularly","AREA","","1"
"interventional closure of a PFO with a device","interventional closure of a PFO with a device","THERAPEUTIC_PROCEDURE","","1"
"intestinal and vascular resection lines","intestinal and vascular resection lines","BIOLOGICAL_STRUCTURE","","1"
"into the line","into the line","ADMINISTRATION","","1"
"intraconally","intraconally","AREA","","1"
"intratendinous segment","intratendinous segment","BIOLOGICAL_STRUCTURE","","1"
"intubation of the airway","intubation of the airway","THERAPEUTIC_PROCEDURE","","1"
"involved by the underlying process","involved by the underlying process","SIGN_SYMPTOM","","1"
"irradiated leucocyte-depleted packed red blood cells","irradiated leucocyte-depleted packed red blood cells","MEDICATION","","1"
"isoechoic","isoechoic","TEXTURE","","16"
"isoechoic and hypoechoic focal lesions","isoechoic and hypoechoic focal lesions","SIGN_SYMPTOM","","1"
"isoechoic lesion","isoechoic lesion","DISEASE_DISORDER","","3"
"isoechoic lesions","isoechoic lesions","SIGN_SYMPTOM","","1"
"isometric and contact sports","isometric and contact sports","ACTIVITY","","1"
"its","its","COREFERENCE","","2"
"joint between the calcaneus and the talus","joint between the calcaneus and the talus","BIOLOGICAL_STRUCTURE","","1"
"jugular notch of the sternum","jugular notch of the sternum","BIOLOGICAL_STRUCTURE","","1"
"junction of the interventricular septum and the posterior wall of the left ventricle","junction of the interventricular septum and the posterior wall of the left ventricle","BIOLOGICAL_STRUCTURE","","2"
"junction of the ischium and pubis","junction of the ischium and pubis","BIOLOGICAL_STRUCTURE","","1"
"junction of the right ischium and pubis","junction of the right ischium and pubis","BIOLOGICAL_STRUCTURE","","2"
"keeping a diary","keeping a diary","ACTIVITY","","1"
"keeping to regular mealtimes","keeping to regular mealtimes","THERAPEUTIC_PROCEDURE","","1"
"kinesiotherapy department","kinesiotherapy department","NONBIOLOGICAL_LOCATION","","1"
"large cervical vessels","large cervical vessels","BIOLOGICAL_STRUCTURE","","1"
"laryngeal infiltrate","laryngeal infiltrate","SIGN_SYMPTOM","","2"
"lateral part of the right breast","lateral part of the right breast","BIOLOGICAL_STRUCTURE","","1"
"lateral part of the right side of the C2 vertebra","lateral part of the right side of the C2 vertebra","BIOLOGICAL_STRUCTURE","","1"
"left 1st rib","left 1st rib","BIOLOGICAL_STRUCTURE","","1"
"left 8th rib","left 8th rib","BIOLOGICAL_STRUCTURE","","1"
"left frontal horn","left frontal horn","BIOLOGICAL_STRUCTURE","","1"
"left lateral part of the cervical cord","left lateral part of the cervical cord","BIOLOGICAL_STRUCTURE","","1"
"left mastoid air cells","left mastoid air cells","BIOLOGICAL_STRUCTURE","","1"
"left palatine nerve canals","left palatine nerve canals","BIOLOGICAL_STRUCTURE","","2"
"left submandibular and left parotid glands","left submandibular and left parotid glands","BIOLOGICAL_STRUCTURE","","1"
"left wall of the rectum","left wall of the rectum","BIOLOGICAL_STRUCTURE","","2"
"left-sided cervical lymphadenectomy","left-sided cervical lymphadenectomy","THERAPEUTIC_PROCEDURE","","1"
"left-sided modified neck dissection (I-V)","left-sided modified neck dissection (I-V)","THERAPEUTIC_PROCEDURE","","1"
"lens-shaped","lens-shaped","SHAPE","","1"
"level IIa - VIII","level IIa - VIII","BIOLOGICAL_STRUCTURE","","1"
"levels C3, C4 and C5-C7","levels C3, C4 and C5-C7","BIOLOGICAL_STRUCTURE","","1"
"lifting a heavy suitcase","lifting a heavy suitcase","ACTIVITY","","1"
"lipid dermocosmetics","lipid dermocosmetics","MEDICATION","","1"
"liver-friendly, blended diet","liver-friendly, blended diet","THERAPEUTIC_PROCEDURE","","1"
"lobulated margin","lobulated margin","DETAILED_DESCRIPTION","","1"
"logical contact","logical contact","DIAGNOSTIC_PROCEDURE","","1"
"loss of sphincter control","loss of sphincter control","SIGN_SYMPTOM","","2"
"low glycaemic index diet","low glycaemic index diet","THERAPEUTIC_PROCEDURE","","1"
"lower boundary","lower boundary","BIOLOGICAL_STRUCTURE","","1"
"lower part of the isthmus","lower part of the isthmus","BIOLOGICAL_STRUCTURE","","1"
"lower third of the right thyroid lobe","lower third of the right thyroid lobe","BIOLOGICAL_STRUCTURE","","2"
"lower wound","lower wound","DISEASE_DISORDER","","1"
"lubricating the epidermis","lubricating the epidermis","THERAPEUTIC_PROCEDURE","","1"
"lytic focus","lytic focus","SIGN_SYMPTOM","","2"
"macroscopically prominent","macroscopically prominent","DETAILED_DESCRIPTION","","1"
"malignant lymphoproliferative process","malignant lymphoproliferative process","DISEASE_DISORDER","","1"
"marching in place","marching in place","ACTIVITY","","1"
"margins of the tongue","margins of the tongue","BIOLOGICAL_STRUCTURE","","2"
"markedly pronounced","markedly pronounced","SEVERITY","","1"
"measurement of metanephrines in a 24-hour urine collection","measurement of metanephrines in a 24-hour urine collection","DIAGNOSTIC_PROCEDURE","","2"
"measurement of the full blood count, creatinine and electrolytes","measurement of the full blood count, creatinine and electrolytes","DIAGNOSTIC_PROCEDURE","","1"
"measurement of the volume of fluid drained","measurement of the volume of fluid drained","DIAGNOSTIC_PROCEDURE","","1"
"medial plate of the right pterygoid process","medial plate of the right pterygoid process","BIOLOGICAL_STRUCTURE","","1"
"medial resection line","medial resection line","BIOLOGICAL_STRUCTURE","","1"
"medical transport team","medical transport team","NONBIOLOGICAL_LOCATION","","1"
"medullary cavity of the right ramus of the mandible","medullary cavity of the right ramus of the mandible","BIOLOGICAL_STRUCTURE","","1"
"metabolically active","metabolically active","BIOLOGICAL_ATTRIBUTE","","12"
"metabolically active focus","metabolically active focus","SIGN_SYMPTOM","","1"
"metabolically active neoplastic process","metabolically active neoplastic process","DISEASE_DISORDER","","1"
"metastasis of squamous cell carcinoma to a level IIa lymph node on the right side","metastasis of squamous cell carcinoma to a level IIa lymph node on the right side","DISEASE_DISORDER","","1"
"microbiological diagnostics unit","microbiological diagnostics unit","NONBIOLOGICAL_LOCATION","","1"
"mid lateral and posterior segments","mid lateral and posterior segments","BIOLOGICAL_STRUCTURE","","2"
"mid portion of the right lobe","mid portion of the right lobe","BIOLOGICAL_STRUCTURE","","3"
"mid-sized","mid-sized","QUALITATIVE_CONCEPT","","2"
"mid-thigh","mid-thigh","BIOLOGICAL_STRUCTURE","","1"
"migrating upwards","migrating upwards","SIGN_SYMPTOM","","1"
"mixed echogenicity","mixed echogenicity","BIOLOGICAL_ATTRIBUTE","","4"
"mixed vascularity","mixed vascularity","SIGN_SYMPTOM","","9"
"mobility of the lower limbs","mobility of the lower limbs","BIOLOGICAL_ATTRIBUTE","","1"
"moderate-grade","moderate-grade","SEVERITY","","1"
"moderate-to-good general condition","moderate-to-good general condition","SIGN_SYMPTOM","","1"
"monitoring diary","monitoring diary","DETAILED_DESCRIPTION","","1"
"monitoring of body weight","monitoring of body weight","DIAGNOSTIC_PROCEDURE","","1"
"monotonous","monotonous","QUALITATIVE_CONCEPT","","1"
"morphologically","morphologically","QUALITATIVE_CONCEPT","","1"
"morphometric assessment","morphometric assessment","DIAGNOSTIC_PROCEDURE","","1"
"moulding of the course of the right optic nerve","moulding of the course of the right optic nerve","SIGN_SYMPTOM","","1"
"moulding of the spinal cord","moulding of the spinal cord","SIGN_SYMPTOM","","1"
"moving about the home independently","moving about the home independently","ACTIVITY","","1"
"mucosa of the oral cavity and pharynx","mucosa of the oral cavity and pharynx","BIOLOGICAL_STRUCTURE","","1"
"mucosal changes","mucosal changes","SIGN_SYMPTOM","","3"
"multi-sensitive","multi-sensitive","BIOLOGICAL_ATTRIBUTE","","1"
"multidisciplinary medical department","multidisciplinary medical department","NONBIOLOGICAL_LOCATION","","1"
"multidisciplinary surgical department","multidisciplinary surgical department","NONBIOLOGICAL_LOCATION","","1"
"multiparametric protocol","multiparametric protocol","DETAILED_DESCRIPTION","","1"
"muscles of the left lower limb","muscles of the left lower limb","BIOLOGICAL_STRUCTURE","","1"
"muscular layer of the bowel wall","muscular layer of the bowel wall","BIOLOGICAL_STRUCTURE","","1"
"narrowing of the lumen of the dorsal parts of the nasal cavities right at the roof","narrowing of the lumen of the dorsal parts of the nasal cavities right at the roof","SIGN_SYMPTOM","","1"
"necrotic cavity","necrotic cavity","SIGN_SYMPTOM","","5"
"neonatology department","neonatology department","NONBIOLOGICAL_LOCATION","","1"
"neuroinvasion","neuroinvasion","DISEASE_DISORDER","","1"
"neurological consultation","neurological consultation","CLINICAL_EVENT","","3"
"neurovascular conflict","neurovascular conflict","DISEASE_DISORDER","","1"
"no discernible concentration","no discernible concentration","LAB_VALUE","","1"
"no visible vascularity","no visible vascularity","SIGN_SYMPTOM","","1"
"nodal conglomerates","nodal conglomerates","BIOLOGICAL_STRUCTURE","","1"
"nodal groups I and II","nodal groups I and II","BIOLOGICAL_STRUCTURE","","1"
"nodal reflections","nodal reflections","SIGN_SYMPTOM","","1"
"nodular conglomerate","nodular conglomerate","SIGN_SYMPTOM","","1"
"nodularly remodelled","nodularly remodelled","SIGN_SYMPTOM","","1"
"non-compaction","non-compaction","DISEASE_DISORDER","","2"
"normal in size","normal in size","SIGN_SYMPTOM","","1"
"normalisation","normalisation","OUTCOME","","4"
"normally accentuated","normally accentuated","QUALITATIVE_CONCEPT","","2"
"normally positioned","normally positioned","QUALITATIVE_CONCEPT","","6"
"normoechoic","normoechoic","SIGN_SYMPTOM","","9"
"not moving","not moving","SIGN_SYMPTOM","","1"
"nursing and care department","nursing and care department","NONBIOLOGICAL_LOCATION","","1"
"observation and infectious diseases department","observation and infectious diseases department","NONBIOLOGICAL_LOCATION","","1"
"obstetrics and neonatology department","obstetrics and neonatology department","NONBIOLOGICAL_LOCATION","","1"
"obstructed flow","obstructed flow","DETAILED_DESCRIPTION","","1"
"of the","of the","BIOLOGICAL_STRUCTURE","","2"
"offloading","offloading","THERAPEUTIC_PROCEDURE","","2"
"oncological and thoracic surgery consultation","oncological and thoracic surgery consultation","CLINICAL_EVENT","","1"
"oncological consultation","oncological consultation","CLINICAL_EVENT","","1"
"oncological follow-up","oncological follow-up","CLINICAL_EVENT","","1"
"oncologically suspicious lesion","oncologically suspicious lesion","SIGN_SYMPTOM","","1"
"one hundred and twenty per minute","one hundred and twenty per minute","LAB_VALUE","","1"
"one point eight seconds","one point eight seconds","DURATION","","1"
"ones","ones","COREFERENCE","","2"
"onto","onto","DETAILED_DESCRIPTION","","1"
"opening the airway manually","opening the airway manually","THERAPEUTIC_PROCEDURE","","2"
"operated limb","operated limb","BIOLOGICAL_STRUCTURE","","1"
"ophthalmological consultation","ophthalmological consultation","CLINICAL_EVENT","","2"
"orthopaedic supplies clinic","orthopaedic supplies clinic","NONBIOLOGICAL_LOCATION","","1"
"other from the opposite side","other from the opposite side","DETAILED_DESCRIPTION","","1"
"outpatient dialysis unit","outpatient dialysis unit","NONBIOLOGICAL_LOCATION","","1"
"outside the vertebra","outside the vertebra","BIOLOGICAL_STRUCTURE","","1"
"over a few days","over a few days","DURATION","","1"
"over the weekend","over the weekend","DATE","","1"
"over two seconds","over two seconds","DURATION","","1"
"overuse changes","overuse changes","DISEASE_DISORDER","","3"
"oxygen source","oxygen source","OTHER_ENTITY","","1"
"p16(-)","p16(-)","LAB_VALUE","","1"
"pT1N0","pT1N0","LAB_VALUE","","1"
"pT1N2b cM0","pT1N2b cM0","LAB_VALUE","","2"
"pT2N0","pT2N0","LAB_VALUE","","4"
"pT2N0Mx","pT2N0Mx","LAB_VALUE","","1"
"pT2aN0MX","pT2aN0MX","LAB_VALUE","","1"
"pT3N0","pT3N0","LAB_VALUE","","4"
"pT4aN2a","pT4aN2a","LAB_VALUE","","1"
"pTisN0(sn)","pTisN0(sn)","BIOLOGICAL_ATTRIBUTE","","2"
"pacemaker and cardioverter check","pacemaker and cardioverter check","DIAGNOSTIC_PROCEDURE","","1"
"pacemaker implantation department","pacemaker implantation department","NONBIOLOGICAL_LOCATION","","1"
"palatine nerve canals","palatine nerve canals","BIOLOGICAL_STRUCTURE","","1"
"para-aortic, perirenal and pelvic lymph nodes","para-aortic, perirenal and pelvic lymph nodes","BIOLOGICAL_STRUCTURE","","1"
"paraglottic space","paraglottic space","BIOLOGICAL_STRUCTURE","","1"
"paravertebral infiltrate","paravertebral infiltrate","DISEASE_DISORDER","","1"
"paresis of the lower limbs","paresis of the lower limbs","SIGN_SYMPTOM","","2"
"parietal mucosal thickening","parietal mucosal thickening","SIGN_SYMPTOM","","1"
"partial healing","partial healing","OUTCOME","","1"
"partial resection of the tongue and floor of the oral cavity","partial resection of the tongue and floor of the oral cavity","THERAPEUTIC_PROCEDURE","","1"
"pathological nodal reflections","pathological nodal reflections","SIGN_SYMPTOM","","2"
"pathological proliferation","pathological proliferation","SIGN_SYMPTOM","","2"
"pathologically enlarged","pathologically enlarged","SIGN_SYMPTOM","","2"
"pedicled submental myocutaneous flap","pedicled submental myocutaneous flap","BIOLOGICAL_STRUCTURE","","2"
"pemphigoid antibodies","pemphigoid antibodies","BIOLOGICAL_STRUCTURE","","2"
"perfusion parameters","perfusion parameters","LAB_VALUE","","1"
"perithyroid lymph nodes","perithyroid lymph nodes","BIOLOGICAL_STRUCTURE","","10"
"persistent active underlying process","persistent active underlying process","DISEASE_DISORDER","","1"
"persisting ductal ampulla","persisting ductal ampulla","DISEASE_DISORDER","","1"
"phoniatrics clinic","phoniatrics clinic","NONBIOLOGICAL_LOCATION","","1"
"phthisiology clinic","phthisiology clinic","NONBIOLOGICAL_LOCATION","","1"
"physical education classes","physical education classes","ACTIVITY","","1"
"piece of meat","piece of meat","OTHER_ENTITY","","2"
"piecemeal method","piecemeal method","THERAPEUTIC_PROCEDURE","","1"
"pig-tail drain","pig-tail drain","OTHER_ENTITY","","1"
"plain","plain","DETAILED_DESCRIPTION","","1"
"poor tolerance of the medication","poor tolerance of the medication","SIGN_SYMPTOM","","1"
"portal spaces","portal spaces","BIOLOGICAL_STRUCTURE","","1"
"post-contrast enhancement","post-contrast enhancement","SIGN_SYMPTOM","","10"
"post-contrast images","post-contrast images","DIAGNOSTIC_PROCEDURE","","1"
"posterior belly of the digastric muscle","posterior belly of the digastric muscle","BIOLOGICAL_STRUCTURE","","1"
"postural defects clinic","postural defects clinic","NONBIOLOGICAL_LOCATION","","1"
"power Doppler","power Doppler","DIAGNOSTIC_PROCEDURE","","1"
"pre-syncopal states","pre-syncopal states","SIGN_SYMPTOM","","2"
"pre-syncopal symptoms","pre-syncopal symptoms","SIGN_SYMPTOM","","1"
"predominantly peripheral vascularity","predominantly peripheral vascularity","SIGN_SYMPTOM","","1"
"pregnancy pathology clinic","pregnancy pathology clinic","NONBIOLOGICAL_LOCATION","","1"
"pregnancy pathology department","pregnancy pathology department","NONBIOLOGICAL_LOCATION","","1"
"preserved lobar architecture","preserved lobar architecture","SIGN_SYMPTOM","","1"
"preserved logical contact","preserved logical contact","SIGN_SYMPTOM","","1"
"preserved verbal and logical contact","preserved verbal and logical contact","SIGN_SYMPTOM","","1"
"pressure-sore prophylaxis","pressure-sore prophylaxis","THERAPEUTIC_PROCEDURE","","1"
"preventive supervision department","preventive supervision department","NONBIOLOGICAL_LOCATION","","1"
"previous ultrasound examination","previous ultrasound examination","DIAGNOSTIC_PROCEDURE","","1"
"previously imaged","previously imaged","CLINICAL_EVENT","","1"
"prolonged resuscitation protocol","prolonged resuscitation protocol","THERAPEUTIC_PROCEDURE","","1"
"protection of the wound edges","protection of the wound edges","THERAPEUTIC_PROCEDURE","","1"
"protective vaccination","protective vaccination","THERAPEUTIC_PROCEDURE","","1"
"provision of specialist footwear","provision of specialist footwear","THERAPEUTIC_PROCEDURE","","1"
"proximal part of the lingual nerve","proximal part of the lingual nerve","BIOLOGICAL_STRUCTURE","","1"
"proximal quarter of the thighs","proximal quarter of the thighs","BIOLOGICAL_STRUCTURE","","1"
"psychiatric care and treatment day facility","psychiatric care and treatment day facility","NONBIOLOGICAL_LOCATION","","1"
"psychoactive substance addiction","psychoactive substance addiction","DISEASE_DISORDER","","3"
"psychoactive substance addiction therapy","psychoactive substance addiction therapy","THERAPEUTIC_PROCEDURE","","2"
"psychosomatic clinic","psychosomatic clinic","NONBIOLOGICAL_LOCATION","","1"
"pulmonary to systemic flow","pulmonary to systemic flow","BIOLOGICAL_ATTRIBUTE","","1"
"pulmonology consultation","pulmonology consultation","CLINICAL_EVENT","","1"
"pulse not palpable","pulse not palpable","SIGN_SYMPTOM","","1"
"purulent reaction","purulent reaction","SIGN_SYMPTOM","","1"
"r","r","DETAILED_DESCRIPTION","","2"
"racemase - focally weakly (+)","racemase - focally weakly (+)","LAB_VALUE","","1"
"radial resection line of the mesorectal tissues","radial resection line of the mesorectal tissues","BIOLOGICAL_STRUCTURE","","1"
"radial resection lines","radial resection lines","BIOLOGICAL_STRUCTURE","","1"
"radical amputation of the right breast","radical amputation of the right breast","THERAPEUTIC_PROCEDURE","","1"
"radioiodine therapy department","radioiodine therapy department","NONBIOLOGICAL_LOCATION","","1"
"radioiodine treatment","radioiodine treatment","THERAPEUTIC_PROCEDURE","","1"
"radiological consultation","radiological consultation","CLINICAL_EVENT","","1"
"radiological supervision department","radiological supervision department","NONBIOLOGICAL_LOCATION","","1"
"raised leucocyte count","raised leucocyte count","SIGN_SYMPTOM","","1"
"react briskly to the light source","react briskly to the light source","SIGN_SYMPTOM","","1"
"reacting normally to light","reacting normally to light","SIGN_SYMPTOM","","1"
"reactively altered","reactively altered","QUALITATIVE_CONCEPT","","1"
"reassessment of mental state","reassessment of mental state","DIAGNOSTIC_PROCEDURE","","2"
"recanalisation of the left carotid artery","recanalisation of the left carotid artery","THERAPEUTIC_PROCEDURE","","1"
"reconstruction of the palatal defect","reconstruction of the palatal defect","THERAPEUTIC_PROCEDURE","","1"
"reconstruction using a submental flap","reconstruction using a submental flap","THERAPEUTIC_PROCEDURE","","1"
"reduced aeration of the lung parenchyma","reduced aeration of the lung parenchyma","SIGN_SYMPTOM","","1"
"reduced contractility","reduced contractility","SIGN_SYMPTOM","","1"
"reduction in the animal fat content of the diet","reduction in the animal fat content of the diet","THERAPEUTIC_PROCEDURE","","1"
"reduction in the insulin dose","reduction in the insulin dose","THERAPEUTIC_PROCEDURE","","1"
"region of the fossa ovalis","region of the fossa ovalis","BIOLOGICAL_STRUCTURE","","1"
"region of the nose","region of the nose","BIOLOGICAL_STRUCTURE","","1"
"regional contractility abnormalities","regional contractility abnormalities","SIGN_SYMPTOM","","3"
"regional lymphatic drainage area","regional lymphatic drainage area","BIOLOGICAL_STRUCTURE","","1"
"regressive changes","regressive changes","SIGN_SYMPTOM","","1"
"regrowth goitre","regrowth goitre","DISEASE_DISORDER","","1"
"rehabilitation department for people dependent on psychoactive substances","rehabilitation department for people dependent on psychoactive substances","NONBIOLOGICAL_LOCATION","","2"
"reintroduce gluten into the diet","reintroduce gluten into the diet","THERAPEUTIC_PROCEDURE","","1"
"relatively stable","relatively stable","OUTCOME","","1"
"remaining anterior process of the right parotid gland","remaining anterior process of the right parotid gland","BIOLOGICAL_STRUCTURE","","1"
"removal of the drain","removal of the drain","THERAPEUTIC_PROCEDURE","","1"
"removal of the left parotid gland","removal of the left parotid gland","THERAPEUTIC_PROCEDURE","","3"
"removal of the oesophageal papilloma","removal of the oesophageal papilloma","THERAPEUTIC_PROCEDURE","","2"
"removal of the right kidney","removal of the right kidney","THERAPEUTIC_PROCEDURE","","1"
"removal of the skin sutures","removal of the skin sutures","THERAPEUTIC_PROCEDURE","","1"
"removed entirely","removed entirely","THERAPEUTIC_PROCEDURE","","1"
"renal excretory function parameters","renal excretory function parameters","LAB_VALUE","","2"
"renal parameters","renal parameters","DIAGNOSTIC_PROCEDURE","","5"
"reparative changes","reparative changes","DISEASE_DISORDER","","1"
"replacement of the Foley catheter","replacement of the Foley catheter","THERAPEUTIC_PROCEDURE","","2"
"replacement of the SEMS stent","replacement of the SEMS stent","THERAPEUTIC_PROCEDURE","","1"
"resection line of the mesenteric vessels","resection line of the mesenteric vessels","BIOLOGICAL_STRUCTURE","","1"
"resection of a tumour of the right femur with a knee joint endoprosthesis","resection of a tumour of the right femur with a knee joint endoprosthesis","THERAPEUTIC_PROCEDURE","","1"
"resection of the FOM and the tongue on the right side","resection of the FOM and the tongue on the right side","THERAPEUTIC_PROCEDURE","","1"
"resection of the floor of the oral cavity and the tongue on the right side","resection of the floor of the oral cavity and the tongue on the right side","THERAPEUTIC_PROCEDURE","","1"
"residual changes","residual changes","SIGN_SYMPTOM","","2"
"residual shunting","residual shunting","SIGN_SYMPTOM","","6"
"residual thrombosed tumour mass","residual thrombosed tumour mass","DISEASE_DISORDER","","2"
"residual thyroid parenchyma","residual thyroid parenchyma","BIOLOGICAL_STRUCTURE","","1"
"resorptive reaction","resorptive reaction","SIGN_SYMPTOM","","2"
"respiratory allergy clinic","respiratory allergy clinic","NONBIOLOGICAL_LOCATION","","1"
"restriction of calorie and salt intake","restriction of calorie and salt intake","THERAPEUTIC_PROCEDURE","","1"
"retroareolar region","retroareolar region","BIOLOGICAL_STRUCTURE","","1"
"reverse flow","reverse flow","SIGN_SYMPTOM","","2"
"revision of the bed","revision of the bed","THERAPEUTIC_PROCEDURE","","2"
"rich in animal fats","rich in animal fats","DETAILED_DESCRIPTION","","1"
"right and left coronary leaflets","right and left coronary leaflets","BIOLOGICAL_STRUCTURE","","1"
"right carotid space","right carotid space","BIOLOGICAL_STRUCTURE","","1"
"right palatine nerve canals","right palatine nerve canals","BIOLOGICAL_STRUCTURE","","2"
"right temporal horn","right temporal horn","BIOLOGICAL_STRUCTURE","","1"
"right tenth nerve","right tenth nerve","BIOLOGICAL_STRUCTURE","","1"
"right ventricular inflow dimension","right ventricular inflow dimension","BIOLOGICAL_ATTRIBUTE","","3"
"right-sided mastectomy","right-sided mastectomy","THERAPEUTIC_PROCEDURE","","1"
"rise in PSA","rise in PSA","LAB_VALUE","","1"
"rise in inflammatory marker levels","rise in inflammatory marker levels","SIGN_SYMPTOM","","1"
"rising","rising","QUALITATIVE_CONCEPT","","1"
"rising fever","rising fever","SIGN_SYMPTOM","","2"
"rising liver enzymes","rising liver enzymes","SIGN_SYMPTOM","","1"
"rolls","rolls","OTHER_ENTITY","","1"
"rooming-in obstetrics department","rooming-in obstetrics department","NONBIOLOGICAL_LOCATION","","1"
"root recesses","root recesses","BIOLOGICAL_STRUCTURE","","1"
"routine check-up","routine check-up","CLINICAL_EVENT","","1"
"routine health check","routine health check","CLINICAL_EVENT","","2"
"s'","s'","BIOLOGICAL_ATTRIBUTE","","1"
"s''","s''","BIOLOGICAL_ATTRIBUTE","","1"
"salt loading test","salt loading test","DIAGNOSTIC_PROCEDURE","","2"
"samples for testing","samples for testing","DIAGNOSTIC_PROCEDURE","","1"
"sanatorium spa department","sanatorium spa department","NONBIOLOGICAL_LOCATION","","1"
"sanatorium spa department in an adapted underground mine working","sanatorium spa department in an adapted underground mine working","NONBIOLOGICAL_LOCATION","","1"
"sanatorium spa rehabilitation department","sanatorium spa rehabilitation department","NONBIOLOGICAL_LOCATION","","1"
"sanitary supervision department","sanitary supervision department","NONBIOLOGICAL_LOCATION","","1"
"school medicine office","school medicine office","NONBIOLOGICAL_LOCATION","","1"
"secondary foam dressing","secondary foam dressing","MEDICATION","","1"
"securing the airway","securing the airway","THERAPEUTIC_PROCEDURE","","1"
"segmentally irregular external outlines","segmentally irregular external outlines","SIGN_SYMPTOM","","1"
"segments VI and X of the right lung","segments VI and X of the right lung","BIOLOGICAL_STRUCTURE","","1"
"self-adhesive pads","self-adhesive pads","OTHER_ENTITY","","4"
"self-monitoring diary","self-monitoring diary","OTHER_ENTITY","","1"
"septal motion","septal motion","BIOLOGICAL_ATTRIBUTE","","2"
"seven point five millimetres","seven point five millimetres","DISTANCE","","1"
"shallower","shallower","QUALITATIVE_CONCEPT","","1"
"sheet-like","sheet-like","SHAPE","","1"
"shifted to the right","shifted to the right","SIGN_SYMPTOM","","2"
"shock","shock","THERAPEUTIC_PROCEDURE","","1"
"shorter","shorter","QUALITATIVE_CONCEPT","","1"
"shortly","shortly","TIME","","1"
"shrunk","shrunk","OUTCOME","","1"
"shunting through the device","shunting through the device","SIGN_SYMPTOM","","1"
"significantly increased","significantly increased","SEVERITY","","1"
"simple sugars excluded from the diet","simple sugars excluded from the diet","THERAPEUTIC_PROCEDURE","","1"
"situs of","situs of","DIAGNOSTIC_PROCEDURE","","2"
"sixty-five percent","sixty-five percent","LAB_VALUE","","1"
"skin-approximating suture","skin-approximating suture","THERAPEUTIC_PROCEDURE","","1"
"slightly deformed fold","slightly deformed fold","SIGN_SYMPTOM","","1"
"slightly enlarged","slightly enlarged","SIGN_SYMPTOM","","1"
"slightly hypoechoic","slightly hypoechoic","TEXTURE","","1"
"slightly hypoechoic nodule","slightly hypoechoic nodule","SIGN_SYMPTOM","","1"
"slightly reduced flow","slightly reduced flow","SIGN_SYMPTOM","","1"
"slowing of the sinus rhythm","slowing of the sinus rhythm","SIGN_SYMPTOM","","1"
"sluggish reaction to light","sluggish reaction to light","SIGN_SYMPTOM","","1"
"smooth external outlines","smooth external outlines","SIGN_SYMPTOM","","1"
"smooth margins","smooth margins","SIGN_SYMPTOM","","1"
"smooth outlines","smooth outlines","DETAILED_DESCRIPTION","","2"
"solid and spongiform lesions","solid and spongiform lesions","SIGN_SYMPTOM","","1"
"solid focal lesions","solid focal lesions","SIGN_SYMPTOM","","1"
"source of bleeding","source of bleeding","SIGN_SYMPTOM","","1"
"sparse vascularity","sparse vascularity","SIGN_SYMPTOM","","2"
"specialist dressings","specialist dressings","MEDICATION","","1"
"specialist water medical rescue team","specialist water medical rescue team","NONBIOLOGICAL_LOCATION","","1"
"spectrum","spectrum","DETAILED_DESCRIPTION","","1"
"spongiform","spongiform","TEXTURE","","12"
"spongiform focal lesions","spongiform focal lesions","DISEASE_DISORDER","","2"
"spongiform lesion","spongiform lesion","SIGN_SYMPTOM","","1"
"spongiform lesions","spongiform lesions","SIGN_SYMPTOM","","1"
"spongiform structure","spongiform structure","DETAILED_DESCRIPTION","","2"
"spot-applied","spot-applied","ADMINISTRATION","","1"
"spread by budding","spread by budding","SIGN_SYMPTOM","","2"
"sputum samples were taken","sputum samples were taken","DIAGNOSTIC_PROCEDURE","","1"
"stabilisation of body position","stabilisation of body position","THERAPEUTIC_PROCEDURE","","1"
"stay","stay","CLINICAL_EVENT","","5"
"sterile syringe","sterile syringe","OTHER_ENTITY","","1"
"stopping metformin","stopping metformin","THERAPEUTIC_PROCEDURE","","1"
"straightened","straightened","SIGN_SYMPTOM","","1"
"stump of the right femur","stump of the right femur","BIOLOGICAL_STRUCTURE","","1"
"submental flap","submental flap","BIOLOGICAL_STRUCTURE","","2"
"subpleurally","subpleurally","AREA","","1"
"subxiphoid view","subxiphoid view","DIAGNOSTIC_PROCEDURE","","2"
"sudden changes of body position","sudden changes of body position","ACTIVITY","","1"
"superior and temporal walls of the orbit","superior and temporal walls of the orbit","BIOLOGICAL_STRUCTURE","","1"
"superselective PVA embolisation of the peripheral branches of the intercostal artery at the Th5 level and of a branch of the right bronchial artery","superselective PVA embolisation of the peripheral branches of the intercostal artery at the Th5 level and of a branch of the right bronchial artery","THERAPEUTIC_PROCEDURE","","1"
"surgical procedure to establish feeding access","surgical procedure to establish feeding access","THERAPEUTIC_PROCEDURE","","1"
"surroundings of the tumour","surroundings of the tumour","AREA","","1"
"sweetened with fructose","sweetened with fructose","DETAILED_DESCRIPTION","","1"
"swirling flow","swirling flow","SIGN_SYMPTOM","","1"
"taken samples for testing","taken samples for testing","DIAGNOSTIC_PROCEDURE","","1"
"taller than wide","taller than wide","SHAPE","","2"
"tape of the Omnifix E type","tape of the Omnifix E type","OTHER_ENTITY","","1"
"teleradiotherapy unit or facility","teleradiotherapy unit or facility","NONBIOLOGICAL_LOCATION","","1"
"tendon of the long head of the biceps","tendon of the long head of the biceps","BIOLOGICAL_STRUCTURE","","1"
"tensing the muscles","tensing the muscles","ACTIVITY","","1"
"tenth nerve on the right side","tenth nerve on the right side","BIOLOGICAL_STRUCTURE","","1"
"tests for antibodies against glutamic acid decarboxylase","tests for antibodies against glutamic acid decarboxylase","DIAGNOSTIC_PROCEDURE","","1"
"the","the","BIOLOGICAL_STRUCTURE","","5"
"them","them","COREFERENCE","","1"
"these segments","these segments","COREFERENCE","","1"
"they","they","COREFERENCE","","2"
"thin halo","thin halo","SIGN_SYMPTOM","","1"
"thin-walled","thin-walled","BIOLOGICAL_ATTRIBUTE","","2"
"thoracic surgery consultations","thoracic surgery consultations","CLINICAL_EVENT","","1"
"throughout the year","throughout the year","DURATION","","1"
"titration of the pressures on the CPAP device","titration of the pressures on the CPAP device","THERAPEUTIC_PROCEDURE","","1"
"to eat or drink","to eat or drink","HISTORY","","1"
"to the","to the","BIOLOGICAL_STRUCTURE","","1"
"transbronchial needle biopsy of the lymph nodes under ultrasound guidance","transbronchial needle biopsy of the lymph nodes under ultrasound guidance","DIAGNOSTIC_PROCEDURE","","1"
"transmedullary vessel","transmedullary vessel","BIOLOGICAL_STRUCTURE","","1"
"transplantology department","transplantology department","NONBIOLOGICAL_LOCATION","","1"
"transthoracic examination","transthoracic examination","DIAGNOSTIC_PROCEDURE","","2"
"trauma and orthopaedic surgery clinic","trauma and orthopaedic surgery clinic","NONBIOLOGICAL_LOCATION","","1"
"trauma and orthopaedic surgery department","trauma and orthopaedic surgery department","NONBIOLOGICAL_LOCATION","","1"
"tumorously altered","tumorously altered","DETAILED_DESCRIPTION","","1"
"tumour budding","tumour budding","BIOLOGICAL_ATTRIBUTE","","2"
"turbo spin echo sequences","turbo spin echo sequences","DIAGNOSTIC_PROCEDURE","","1"
"turbulent","turbulent","QUALITATIVE_CONCEPT","","2"
"twelve point six millimetres","twelve point six millimetres","DISTANCE","","1"
"twelve point three millimetres","twelve point three millimetres","DISTANCE","","1"
"twenty-five millimetres","twenty-five millimetres","LAB_VALUE","","1"
"two point three seconds","two point three seconds","DURATION","","1"
"two-jet","two-jet","QUANTITATIVE_CONCEPT","","3"
"two-layered structure","two-layered structure","DETAILED_DESCRIPTION","","1"
"type N mobile medical transport team","type N mobile medical transport team","NONBIOLOGICAL_LOCATION","","1"
"ultrasound assessment","ultrasound assessment","DIAGNOSTIC_PROCEDURE","","1"
"unfavourable prognosis","unfavourable prognosis","OUTCOME","","1"
"unit or point supplying auxiliary aids","unit or point supplying auxiliary aids","NONBIOLOGICAL_LOCATION","","1"
"unit or point supplying medical devices that are orthopaedic appliances","unit or point supplying medical devices that are orthopaedic appliances","NONBIOLOGICAL_LOCATION","","1"
"unit or point supplying optical aids","unit or point supplying optical aids","NONBIOLOGICAL_LOCATION","","1"
"unobstructed","unobstructed","QUALITATIVE_CONCEPT","","1"
"unreactive to light","unreactive to light","SIGN_SYMPTOM","","1"
"upper and lower poles","upper and lower poles","BIOLOGICAL_STRUCTURE","","2"
"upper half of the thyroid","upper half of the thyroid","BIOLOGICAL_STRUCTURE","","1"
"upper third of the right thyroid lobe","upper third of the right thyroid lobe","BIOLOGICAL_STRUCTURE","","1"
"upper wound","upper wound","DISEASE_DISORDER","","1"
"upward trend","upward trend","LAB_VALUE","","1"
"urinary metanephrine levels","urinary metanephrine levels","DIAGNOSTIC_PROCEDURE","","2"
"urine and sputum cultures","urine and sputum cultures","DIAGNOSTIC_PROCEDURE","","1"
"varied diet","varied diet","THERAPEUTIC_PROCEDURE","","1"
"varied, balanced diet with a high content of protein-rich foods","varied, balanced diet with a high content of protein-rich foods","THERAPEUTIC_PROCEDURE","","1"
"vascular resection lines","vascular resection lines","BIOLOGICAL_STRUCTURE","","3"
"vegetations","vegetations","DISEASE_DISORDER","","2"
"venereology clinic","venereology clinic","NONBIOLOGICAL_LOCATION","","1"
"venous sinuses of the meninges","venous sinuses of the meninges","BIOLOGICAL_STRUCTURE","","1"
"ventral part of the right lobe","ventral part of the right lobe","BIOLOGICAL_STRUCTURE","","1"
"verbal and logical contact","verbal and logical contact","BIOLOGICAL_ATTRIBUTE","","1"
"vesicular breath sounds diminished","vesicular breath sounds diminished","SIGN_SYMPTOM","","1"
"via the mask","via the mask","ADMINISTRATION","","2"
"vitamin or cholesterol ointment","vitamin or cholesterol ointment","MEDICATION","","1"
"wash the body","wash the body","THERAPEUTIC_PROCEDURE","","1"
"washing the wound","washing the wound","THERAPEUTIC_PROCEDURE","","1"
"washing under running water","washing under running water","THERAPEUTIC_PROCEDURE","","1"
"weakest","weakest","LAB_VALUE","","1"
"well demarcated","well demarcated","TEXTURE","","1"
"well-demarcated","well-demarcated","SHAPE","","19"
"widening of the margin","widening of the margin","THERAPEUTIC_PROCEDURE","","1"
"wider","wider","QUALITATIVE_CONCEPT","","3"
"withdrawal syndromes following psychoactive substances","withdrawal syndromes following psychoactive substances","DISEASE_DISORDER","","2"
"worsening appetite","worsening appetite","SIGN_SYMPTOM","","1"
"wound edges","wound edges","BIOLOGICAL_STRUCTURE","","4"
"yesterday's","yesterday's","DATE","","1"
"ypT3N0","ypT3N0","LAB_VALUE","","1"
"ypT3N0MxR0","ypT3N0MxR0","LAB_VALUE","","1"
