"key","name","entity_type","cui","count"
"(+)","(+)","LAB_VALUE","","2"
"(-)","(-)","LAB_VALUE","","2"
"0.03 mm","0.03 mm","DISTANCE","","1"
"0.04 mm","0.04 mm","DISTANCE","","1"
"0.4 cm","0.4 cm","DISTANCE","","4"
"0.4-0.6 m/s","0.4-0.6 m/s","LAB_VALUE","","5"
"0.5 m/s","0.5 m/s","LAB_VALUE","","1"
"0.6 cm","0.6 cm","DISTANCE","","2"
"0.6 mg","0.6 mg","DOSAGE","","2"
"0.7 m/s","0.7 m/s","LAB_VALUE","","1"
"0.8 mm","0.8 mm","DISTANCE","","1"
"0.8-0.9 m/s","0.8-0.9 m/s","LAB_VALUE","","1"
"0.9 ml","0.9 ml","VOLUME","","2"
"0.9% normal saline","0.9% normal saline","MEDICATION","","3"
"0/3","0/3","LAB_VALUE","","1"
"01/02/2022","01/02/2022","DATE","","1"
"01/04/2021","01/04/2021","DATE","","3"
"04/2023","04/2023","DATE","","1"
"07/10/2021","07/10/2021","DATE","","1"
"08/02/2022","08/02/2022","DATE","","1"
"1.0","1.0","LAB_VALUE","","3"
"1.20 m/s","1.20 m/s","LAB_VALUE","","1"
"1.25 m/s","1.25 m/s","LAB_VALUE","","1"
"1.5 litres","1.5 litres","VOLUME","","3"
"1.5 ml","1.5 ml","VOLUME","","1"
"1.6 ml","1.6 ml","VOLUME","","1"
"1.8 ml","1.8 ml","VOLUME","","1"
"1.8 mm","1.8 mm","DISTANCE","","1"
"1.8-2 m/s","1.8-2 m/s","LAB_VALUE","","1"
"10 ml/minute","10 ml/minute","DOSAGE","","1"
"10 o'clock","10 o'clock","AREA","","1"
"10-14 days","10-14 days","DURATION","","1"
"10.3 ml","10.3 ml","VOLUME","","1"
"10.5 ml","10.5 ml","VOLUME","","1"
"10.6 g/dl","10.6 g/dl","LAB_VALUE","","2"
"10.9 ml","10.9 ml","VOLUME","","1"
"10/10","10/10","SEVERITY","","1"
"10:00","10:00","TIME","","1"
"10:30","10:30","TIME","","1"
"10:40","10:40","TIME","","1"
"10x11x15 mm","10x11x15 mm","QUANTITATIVE_CONCEPT","","2"
"10x13x37 mm","10x13x37 mm","DISTANCE","","1"
"10x30x8 mm","10x30x8 mm","DISTANCE","","1"
"10x4x8 mm","10x4x8 mm","DISTANCE","","1"
"10x5 mm","10x5 mm","QUANTITATIVE_CONCEPT","","2"
"10x5x13 mm","10x5x13 mm","QUANTITATIVE_CONCEPT","","1"
"11.3x8.4 cm","11.3x8.4 cm","DISTANCE","","1"
"11.5 ml","11.5 ml","VOLUME","","2"
"11.7 ml","11.7 ml","VOLUME","","2"
"11/2022","11/2022","DATE","","1"
"110x120 mm","110x120 mm","LAB_VALUE","","3"
"11:15","11:15","TIME","","1"
"11x10x11 mm","11x10x11 mm","QUANTITATIVE_CONCEPT","","1"
"11x23x19 mm","11x23x19 mm","VOLUME","","1"
"11x5x9 mm","11x5x9 mm","DISTANCE","","1"
"11x8x22 mm","11x8x22 mm","DISTANCE","","1"
"11x9x21 mm","11x9x21 mm","DISTANCE","","1"
"12 o'clock","12 o'clock","AREA","","2"
"12 years ago","12 years ago","DATE","","1"
"12.5 ml","12.5 ml","VOLUME","","1"
"12.7 ml","12.7 ml","VOLUME","","1"
"120 ms","120 ms","LAB_VALUE","","2"
"12:00","12:00","TIME","","3"
"12x12x38 mm","12x12x38 mm","QUANTITATIVE_CONCEPT","","1"
"12x13x39 mm","12x13x39 mm","DISTANCE","","1"
"12x16x18 mm","12x16x18 mm","DISTANCE","","1"
"13 March 2023","13 March 2023","DATE","","1"
"13.4 ml","13.4 ml","VOLUME","","1"
"13/02/2023","13/02/2023","DATE","","1"
"13x15x10 mm","13x15x10 mm","QUANTITATIVE_CONCEPT","","1"
"13x16x53 mm","13x16x53 mm","DISTANCE","","1"
"13x17x39 mm","13x17x39 mm","QUANTITATIVE_CONCEPT","","1"
"13x19x9 mm","13x19x9 mm","QUANTITATIVE_CONCEPT","","1"
"14/03/2023","14/03/2023","DATE","","1"
"140 ms","140 ms","LAB_VALUE","","3"
"14x12x45 mm","14x12x45 mm","DISTANCE","","1"
"14x13x57 mm","14x13x57 mm","QUANTITATIVE_CONCEPT","","1"
"14x15x40 mm","14x15x40 mm","DISTANCE","","1"
"14x18x52 mm","14x18x52 mm","DISTANCE","","1"
"14x5x4 mm","14x5x4 mm","DISTANCE","","1"
"14x8x16 mm","14x8x16 mm","QUANTITATIVE_CONCEPT","","1"
"15 March 2011","15 March 2011","DATE","","3"
"15 March 2023","15 March 2023","DATE","","2"
"15%","15%","QUANTITATIVE_CONCEPT","","1"
"150 mg/l","150 mg/l","LAB_VALUE","","1"
"1500 ml","1500 ml","VOLUME","","2"
"155 ms","155 ms","LAB_VALUE","","1"
"15x13x56 mm","15x13x56 mm","DISTANCE","","1"
"15x16x9 mm","15x16x9 mm","QUANTITATIVE_CONCEPT","","1"
"15x5 mm","15x5 mm","QUANTITATIVE_CONCEPT","","3"
"15x7x21 mm","15x7x21 mm","DISTANCE","","1"
"16 June 2023","16 June 2023","DATE","","1"
"16 May 2023","16 May 2023","DATE","","2"
"16 ng/ml","16 ng/ml","LAB_VALUE","","1"
"160 ms","160 ms","LAB_VALUE","","1"
"16x15x44 mm","16x15x44 mm","QUANTITATIVE_CONCEPT","","1"
"16x15x45 mm","16x15x45 mm","DISTANCE","","2"
"16x15x46 mm","16x15x46 mm","DISTANCE","","1"
"16x16x45 mm","16x16x45 mm","DISTANCE","","1"
"16x18x29 mm","16x18x29 mm","QUANTITATIVE_CONCEPT","","1"
"16x9 mm","16x9 mm","QUANTITATIVE_CONCEPT","","1"
"17 May 2023","17 May 2023","DATE","","1"
"17-24-22 mm","17-24-22 mm","DISTANCE","","2"
"17.8 ml","17.8 ml","VOLUME","","1"
"1800 ml","1800 ml","VOLUME","","1"
"18x18x48 mm","18x18x48 mm","QUANTITATIVE_CONCEPT","","1"
"19 July 2022","19 July 2022","DATE","","1"
"19 cm/s","19 cm/s","LAB_VALUE","","2"
"190 ms","190 ms","LAB_VALUE","","1"
"1981","1981","DATE","","2"
"19x14x27 mm","19x14x27 mm","DISTANCE","","1"
"19x15x46 mm","19x15x46 mm","QUANTITATIVE_CONCEPT","","1"
"19x20x55 mm","19x20x55 mm","QUANTITATIVE_CONCEPT","","1"
"2 July 2021","2 July 2021","DATE","","2"
"2-3/6","2-3/6","SEVERITY","","1"
"2.0 mm","2.0 mm","DISTANCE","","1"
"2.5 ml","2.5 ml","VOLUME","","1"
"2.5 mm","2.5 mm","DISTANCE","","1"
"2.6 ml","2.6 ml","VOLUME","","1"
"2.6 mm","2.6 mm","DISTANCE","","1"
"2.8 ml","2.8 ml","VOLUME","","1"
"20 April 2023","20 April 2023","DATE","","1"
"20 February 2023","20 February 2023","DATE","","1"
"20 mg/kg","20 mg/kg","DOSAGE","","1"
"20-30 mm","20-30 mm","DISTANCE","","1"
"20/02/2023","20/02/2023","DATE","","1"
"2000-2100 kcal","2000-2100 kcal","QUANTITATIVE_CONCEPT","","1"
"2011","2011","DATE","","3"
"2013","2013","DATE","","3"
"2015","2015","DATE","","5"
"2016","2016","DATE","","5"
"2017","2017","DATE","","1"
"2018","2018","DATE","","2"
"2019","2019","DATE","","2"
"20x10x14 mm","20x10x14 mm","QUANTITATIVE_CONCEPT","","1"
"20x14 mm","20x14 mm","QUANTITATIVE_CONCEPT","","1"
"20x14x16 mm","20x14x16 mm","QUANTITATIVE_CONCEPT","","1"
"20x14x30 mm","20x14x30 mm","QUANTITATIVE_CONCEPT","","2"
"21 March 2023","21 March 2023","DATE","","2"
"21 years ago","21 years ago","DATE","","1"
"21x12 mm","21x12 mm","QUANTITATIVE_CONCEPT","","1"
"21x22x18 mm","21x22x18 mm","QUANTITATIVE_CONCEPT","","1"
"21x4 mm","21x4 mm","DISTANCE","","1"
"22 February 2022","22 February 2022","DATE","","1"
"22:00","22:00","TIME","","2"
"22x11 mm","22x11 mm","DISTANCE","","1"
"23 February 2023","23 February 2023","DATE","","1"
"23 January 2023","23 January 2023","DATE","","1"
"23:00","23:00","TIME","","1"
"23x18x52 mm","23x18x52 mm","QUANTITATIVE_CONCEPT","","1"
"24-hour calcium loss","24-hour calcium loss","DIAGNOSTIC_PROCEDURE","","1"
"24-hour fluid balance","24-hour fluid balance","DIAGNOSTIC_PROCEDURE","","1"
"24-hour urine collection for catecholamine metabolites","24-hour urine collection for catecholamine metabolites","DIAGNOSTIC_PROCEDURE","","1"
"241.1 MBq","241.1 MBq","DOSAGE","","2"
"244 MBq","244 MBq","DOSAGE","","1"
"24x20x10 mm","24x20x10 mm","QUANTITATIVE_CONCEPT","","1"
"24x9 mm","24x9 mm","DISTANCE","","1"
"25.4 ml","25.4 ml","VOLUME","","1"
"25x20x42 mm","25x20x42 mm","QUANTITATIVE_CONCEPT","","1"
"26 April 2023","26 April 2023","DATE","","2"
"26.6 ml","26.6 ml","VOLUME","","1"
"26x30x24 mm","26x30x24 mm","QUANTITATIVE_CONCEPT","","1"
"27 March 2022","27 March 2022","DATE","","1"
"27 March 2023","27 March 2023","DATE","","3"
"28/07/2021","28/07/2021","DATE","","1"
"29 June 2022","29 June 2022","DATE","","2"
"29/01/2020","29/01/2020","DATE","","1"
"2x2 mm","2x2 mm","QUANTITATIVE_CONCEPT","","1"
"2x2.5 mg","2x2.5 mg","DOSAGE","","1"
"2x3.125 mg","2x3.125 mg","DOSAGE","","1"
"3 litres","3 litres","VOLUME","","1"
"3 mm","3 mm","DISTANCE","","2"
"3.1 ml","3.1 ml","VOLUME","","1"
"3.7 ml","3.7 ml","VOLUME","","4"
"3.8","3.8","LAB_VALUE","","1"
"3.8 ml","3.8 ml","VOLUME","","1"
"3.9 ml","3.9 ml","VOLUME","","2"
"3/11/2021","3/11/2021","DATE","","1"
"30 to 2","30 to 2","QUANTITATIVE_CONCEPT","","1"
"30/03/2022","30/03/2022","DATE","","1"
"30/09/2021","30/09/2021","DATE","","1"
"300 J","300 J","DOSAGE","","1"
"300 mg","300 mg","DOSAGE","","4"
"310 ms","310 ms","LAB_VALUE","","2"
"35%","35%","LAB_VALUE","","1"
"36%","36%","LAB_VALUE","","1"
"36.5 cm2","36.5 cm2","LAB_VALUE","","1"
"36.6 ml","36.6 ml","VOLUME","","1"
"360 J","360 J","DOSAGE","","1"
"360 ms","360 ms","LAB_VALUE","","1"
"375 ms","375 ms","LAB_VALUE","","1"
"39-40 mm","39-40 mm","LAB_VALUE","","1"
"39x29 mm","39x29 mm","QUANTITATIVE_CONCEPT","","1"
"3:00","3:00","TIME","","1"
"3x2 mm","3x2 mm","QUANTITATIVE_CONCEPT","","1"
"3x3x3 mm","3x3x3 mm","QUANTITATIVE_CONCEPT","","2"
"3x3x4 mm","3x3x4 mm","VOLUME","","1"
"3x4x3.5 mm","3x4x3.5 mm","VOLUME","","1"
"4 by 4.5 by 4 millimetres","4 by 4.5 by 4 millimetres","QUANTITATIVE_CONCEPT","","1"
"4-chamber view","4-chamber view","DIAGNOSTIC_PROCEDURE","","4"
"4.2 ml","4.2 ml","VOLUME","","1"
"4.4 ml","4.4 ml","VOLUME","","2"
"4.5 ml","4.5 ml","VOLUME","","2"
"4.5x8 mm","4.5x8 mm","VOLUME","","1"
"40 to 60","40 to 60","LAB_VALUE","","1"
"40.3 ml","40.3 ml","VOLUME","","3"
"40.7 mm","40.7 mm","LAB_VALUE","","1"
"40.9 mm","40.9 mm","DISTANCE","","1"
"41-26-78 mm","41-26-78 mm","LAB_VALUE","","1"
"420 ms","420 ms","LAB_VALUE","","2"
"44.1 mm","44.1 mm","LAB_VALUE","","3"
"44x24 mm","44x24 mm","DISTANCE","","1"
"4x3 mm","4x3 mm","QUANTITATIVE_CONCEPT","","1"
"4x3x4 mm","4x3x4 mm","DISTANCE","","2"
"4x3x6 mm","4x3x6 mm","QUANTITATIVE_CONCEPT","","2"
"4x4.5x4 mm","4x4.5x4 mm","DISTANCE","","2"
"5%","5%","QUANTITATIVE_CONCEPT","","1"
"5-7 mm","5-7 mm","LAB_VALUE","","1"
"5.2 cm","5.2 cm","LAB_VALUE","","1"
"5.2 ml","5.2 ml","VOLUME","","4"
"5.5 ml","5.5 ml","VOLUME","","2"
"5.7 ml","5.7 ml","VOLUME","","1"
"5.72 ml","5.72 ml","VOLUME","","1"
"5.8 ml","5.8 ml","VOLUME","","2"
"5.87 ml","5.87 ml","VOLUME","","1"
"5.9 ml","5.9 ml","VOLUME","","2"
"50 mg/kg","50 mg/kg","DOSAGE","","5"
"50.4 Gy/28 fractions","50.4 Gy/28 fractions","DOSAGE","","1"
"5th intercostal space in the axillary line","5th intercostal space in the axillary line","BIOLOGICAL_STRUCTURE","","1"
"5th rib","5th rib","BIOLOGICAL_STRUCTURE","","1"
"5x10 mm","5x10 mm","VOLUME","","1"
"5x3x6 mm","5x3x6 mm","DISTANCE","","1"
"5x4x3 mm","5x4x3 mm","QUANTITATIVE_CONCEPT","","1"
"6 by 50 mm","6 by 50 mm","DISTANCE","","1"
"6.1 ml","6.1 ml","VOLUME","","1"
"6.3 ml","6.3 ml","VOLUME","","1"
"6.4 ml","6.4 ml","VOLUME","","1"
"6.5 ml","6.5 ml","VOLUME","","1"
"6.6 ml","6.6 ml","VOLUME","","1"
"6.7 ml","6.7 ml","VOLUME","","2"
"6.8 ml","6.8 ml","VOLUME","","1"
"6.9 ml","6.9 ml","VOLUME","","1"
"600 mg","600 mg","DOSAGE","","1"
"61%","61%","LAB_VALUE","","1"
"63%","63%","LAB_VALUE","","1"
"64%","64%","LAB_VALUE","","3"
"66 Gy","66 Gy","DOSAGE","","1"
"66%","66%","LAB_VALUE","","2"
"68%","68%","QUANTITATIVE_CONCEPT","","1"
"6x6 mm","6x6 mm","QUANTITATIVE_CONCEPT","","1"
"6x6x4 mm","6x6x4 mm","QUANTITATIVE_CONCEPT","","1"
"7-day","7-day","DURATION","","1"
"7.4 ml","7.4 ml","VOLUME","","1"
"7.5x16 mm","7.5x16 mm","QUANTITATIVE_CONCEPT","","1"
"7.6 ml","7.6 ml","VOLUME","","1"
"70-80 g","70-80 g","MASS","","1"
"7:00","7:00","TIME","","1"
"7:30","7:30","TIME","","1"
"7x10x14 mm","7x10x14 mm","QUANTITATIVE_CONCEPT","","1"
"7x2 mm","7x2 mm","QUANTITATIVE_CONCEPT","","1"
"7x6x8 mm","7x6x8 mm","QUANTITATIVE_CONCEPT","","1"
"7x8x8 mm","7x8x8 mm","QUANTITATIVE_CONCEPT","","1"
"7x9x27 mm","7x9x27 mm","DISTANCE","","1"
"8 by 10 mm","8 by 10 mm","LAB_VALUE","","1"
"8.1 ml","8.1 ml","VOLUME","","2"
"8.6 ml","8.6 ml","VOLUME","","1"
"8.8 ml","8.8 ml","VOLUME","","1"
"80-82%","80-82%","LAB_VALUE","","1"
"85%","85%","QUANTITATIVE_CONCEPT","","1"
"89%","89%","LAB_VALUE","","1"
"8:00","8:00","TIME","","1"
"8x11 mm","8x11 mm","DISTANCE","","1"
"8x17 mm","8x17 mm","VOLUME","","1"
"8x5x13 mm","8x5x13 mm","QUANTITATIVE_CONCEPT","","1"
"8x9x14 mm","8x9x14 mm","QUANTITATIVE_CONCEPT","","1"
"9 May 2023","9 May 2023","DATE","","3"
"9-10 mm","9-10 mm","QUANTITATIVE_CONCEPT","","1"
"9.0","9.0","LAB_VALUE","","1"
"9.2 ml","9.2 ml","VOLUME","","2"
"9.3","9.3","LAB_VALUE","","1"
"9.8","9.8","LAB_VALUE","","1"
"9.9 ml","9.9 ml","VOLUME","","1"
"97-99%","97-99%","LAB_VALUE","","1"
"9:00","9:00","TIME","","1"
"9:10","9:10","TIME","","2"
"9:30","9:30","TIME","","1"
"9x5 mm","9x5 mm","QUANTITATIVE_CONCEPT","","2"
"9x5x10 mm","9x5x10 mm","DISTANCE","","1"
"9x6x6 mm","9x6x6 mm","QUANTITATIVE_CONCEPT","","1"
"9x9x24 mm","9x9x24 mm","DISTANCE","","1"
"ACR TI-RADS 2017","ACR TI-RADS 2017","DIAGNOSTIC_PROCEDURE","","1"
"AIDS","AIDS","DISEASE_DISORDER","","2"
"AITD","AITD","DISEASE_DISORDER","","1"
"ALK-BOND-","ALK-BOND-","LAB_VALUE","","1"
"APC-R","APC-R","DIAGNOSTIC_PROCEDURE","","2"
"AV annulus","AV annulus","BIOLOGICAL_STRUCTURE","","1"
"Activon Tube Manuka honey","Activon Tube Manuka honey","MEDICATION","","1"
"Adding salt to meals","Adding salt to meals","THERAPEUTIC_PROCEDURE","","2"
"Adult Cardiology Clinic","Adult Cardiology Clinic","NONBIOLOGICAL_LOCATION","","2"
"Ag-","Ag-","LAB_VALUE","","1"
"Alantan","Alantan","MEDICATION","","1"
"Altered marrow signal","Altered marrow signal","SIGN_SYMPTOM","","1"
"Alzheimer's","Alzheimer's","DISEASE_DISORDER","","1"
"Analgesic treatment","Analgesic treatment","MEDICATION","","2"
"Aquacel Foam","Aquacel Foam","MEDICATION","","1"
"Arrhythmia Clinic of the University Clinical Centre","Arrhythmia Clinic of the University Clinical Centre","NONBIOLOGICAL_LOCATION","","2"
"Arterial Hypertension","Arterial Hypertension","DISEASE_DISORDER","","1"
"Arterial Hypertension Clinic of the University Clinical Centre","Arterial Hypertension Clinic of the University Clinical Centre","NONBIOLOGICAL_LOCATION","","1"
"Assessment of eligibility","Assessment of eligibility","CLINICAL_EVENT","","1"
"Asynchronous ventilation","Asynchronous ventilation","THERAPEUTIC_PROCEDURE","","1"
"Atrauman Ag","Atrauman Ag","MEDICATION","","2"
"Atrauman Ag mesh dressing","Atrauman Ag mesh dressing","MEDICATION","","1"
"Atrauman Ag+","Atrauman Ag+","MEDICATION","","1"
"Avoiding alcohol","Avoiding alcohol","ACTIVITY","","1"
"BIRADS 2","BIRADS 2","LAB_VALUE","","2"
"Baastrup's sign","Baastrup's sign","DISEASE_DISORDER","","1"
"Background parenchyma","Background parenchyma","BIOLOGICAL_STRUCTURE","","1"
"Bactigras","Bactigras","MEDICATION","","1"
"Belosalic ointment","Belosalic ointment","MEDICATION","","1"
"Bibloc","Bibloc","MEDICATION","","1"
"C/Th/L/S spine","C/Th/L/S spine","BIOLOGICAL_STRUCTURE","","2"
"C0000726","Abdomen","BIOLOGICAL_STRUCTURE","C0000726","30"
"C0000737","Abdominal Pain","SIGN_SYMPTOM","C0000737","3"
"C0000768","Congenital Abnormality","SIGN_SYMPTOM","C0000768","4"
"C0000833","Abscess","DISEASE_DISORDER","C0000833","3"
"C0000872","Academic Medical Centers","NONBIOLOGICAL_LOCATION","C0000872","7"
"C0000894","Acceleration","SIGN_SYMPTOM","C0000894","8"
"C0000962","Bone structure of acetabulum","BIOLOGICAL_STRUCTURE","C0000962","1"
"C0000970","acetaminophen","MEDICATION","C0000970","3"
"C0001208","Acromioclavicular joint structure","BIOLOGICAL_STRUCTURE","C0001208","1"
"C0001268","spectinomycin","BIOLOGICAL_STRUCTURE","C0001268","1"
"C0001288","Activities of Daily Living (activity)","ACTIVITY","C0001288","1"
"C0001403","Addison Disease","DISEASE_DISORDER","C0001403","1"
"C0001418","Adenocarcinoma","DISEASE_DISORDER","C0001418","6"
"C0001428","Adenoidal structure","BIOLOGICAL_STRUCTURE","C0001428","2"
"C0001516","Adhesives","DETAILED_DESCRIPTION","C0001516","1"
"C0001527","Adipose tissue","BIOLOGICAL_STRUCTURE","C0001527","7"
"C0001554","Administration occupational activities","ADMINISTRATION","C0001554","11"
"C0001625","Adrenal Glands","BIOLOGICAL_STRUCTURE","C0001625","4"
"C0001632","Adrenalectomy","THERAPEUTIC_PROCEDURE","C0001632","1"
"C0001699","Klebsiella pneumoniae","DISEASE_DISORDER","C0001699","2"
"C0001899","Alanine Transaminase","DIAGNOSTIC_PROCEDURE","C0001899","1"
"C0001927","albuterol","MEDICATION","C0001927","1"
"C0001948","Alcohol consumption","ACTIVITY","C0001948","3"
"C0001973","Alcoholic Intoxication, Chronic","DISEASE_DISORDER","C0001973","10"
"C0002059","Alkaline Phosphatase","LAB_VALUE","C0002059","1"
"C0002111","Allergy Specialty","DISEASE_DISORDER","C0002111","2"
"C0002395","Alzheimer's Disease","DISEASE_DISORDER","C0002395","2"
"C0002424","Ambulatory Care Facilities","NONBIOLOGICAL_LOCATION","C0002424","28"
"C0002598","amiodarone","MEDICATION","C0002598","8"
"C0002645","amoxicillin","MEDICATION","C0002645","1"
"C0002680","ampicillin","MEDICATION","C0002680","2"
"C0002690","Amputation Stumps","BIOLOGICAL_STRUCTURE","C0002690","1"
"C0002766","Pain management","NONBIOLOGICAL_LOCATION","C0002766","4"
"C0002771","Analgesics","MEDICATION","C0002771","1"
"C0002772","Analgesics, Opioid","MEDICATION","C0002772","1"
"C0002778","Analysis of substances","DIAGNOSTIC_PROCEDURE","C0002778","2"
"C0002792","anaphylaxis","DISEASE_DISORDER","C0002792","1"
"C0002871","Anemia","DISEASE_DISORDER","C0002871","14"
"C0002886","Anemia, Macrocytic","DISEASE_DISORDER","C0002886","1"
"C0002915","General Anesthesia","THERAPEUTIC_PROCEDURE","C0002915","1"
"C0002940","Aneurysm","DISEASE_DISORDER","C0002940","1"
"C0002978","angiogram","DIAGNOSTIC_PROCEDURE","C0002978","1"
"C0003232","Antibiotics","MEDICATION","C0003232","4"
"C0003241","Antibodies","DIAGNOSTIC_PROCEDURE","C0003241","1"
"C0003242","Antibodies, Anti-Idiotypic","DIAGNOSTIC_PROCEDURE","C0003242","6"
"C0003299","Antiepileptic Agents","MEDICATION","C0003299","1"
"C0003308","Antifungal Agents","MEDICATION","C0003308","1"
"C0003364","Antihypertensive Agents","MEDICATION","C0003364","1"
"C0003424","Antisepsis","THERAPEUTIC_PROCEDURE","C0003424","2"
"C0003438","antithrombin III","DIAGNOSTIC_PROCEDURE","C0003438","2"
"C0003483","Aorta","BIOLOGICAL_STRUCTURE","C0003483","8"
"C0003484","Abdominal aorta structure","BIOLOGICAL_STRUCTURE","C0003484","6"
"C0003489","Aortic arch structure","BIOLOGICAL_STRUCTURE","C0003489","9"
"C0003492","Aortic coarctation","DISEASE_DISORDER","C0003492","1"
"C0003501","Aortic valve structure","BIOLOGICAL_STRUCTURE","C0003501","7"
"C0003504","Aortic Valve Insufficiency","DISEASE_DISORDER","C0003504","6"
"C0003507","Aortic Valve Stenosis","DISEASE_DISORDER","C0003507","8"
"C0003578","Apnea","SIGN_SYMPTOM","C0003578","2"
"C0003629","Appointments","CLINICAL_EVENT","C0003629","14"
"C0003630","Appointments and Schedules","CLINICAL_EVENT","C0003630","1"
"C0003811","Cardiac Arrhythmia","DISEASE_DISORDER","C0003811","7"
"C0003842","Arteries","BIOLOGICAL_STRUCTURE","C0003842","3"
"C0003844","Arteriography","DIAGNOSTIC_PROCEDURE","C0003844","1"
"C0003893","Arthroplasty","THERAPEUTIC_PROCEDURE","C0003893","3"
"C0003956","Ascending aorta structure","BIOLOGICAL_STRUCTURE","C0003956","9"
"C0003962","Ascites","SIGN_SYMPTOM","C0003962","5"
"C0003964","Peritoneal Fluid (body substance)","BIOLOGICAL_STRUCTURE","C0003964","1"
"C0004002","Aspartate Transaminase","DIAGNOSTIC_PROCEDURE","C0004002","1"
"C0004048","Inspiration function","SIGN_SYMPTOM","C0004048","7"
"C0004057","aspirin","MEDICATION","C0004057","1"
"C0004093","Asthenia","SIGN_SYMPTOM","C0004093","4"
"C0004114","Astrocytoma","DISEASE_DISORDER","C0004114","1"
"C0004144","Atelectasis","DISEASE_DISORDER","C0004144","1"
"C0004238","Atrial Fibrillation","DISEASE_DISORDER","C0004238","4"
"C0004239","Atrial Flutter","DISEASE_DISORDER","C0004239","1"
"C0004245","Atrioventricular Block","DISEASE_DISORDER","C0004245","1"
"C0004339","Auscultation","DIAGNOSTIC_PROCEDURE","C0004339","15"
"C0004352","Autistic Disorder","DISEASE_DISORDER","C0004352","4"
"C0004454","Axilla","AREA","C0004454","1"
"C0004600","Back","BIOLOGICAL_STRUCTURE","C0004600","5"
"C0004604","Back Pain","SIGN_SYMPTOM","C0004604","2"
"C0004611","Bacteria","SIGN_SYMPTOM","C0004611","2"
"C0004670","Prevotella melaninogenica","OTHER_ENTITY","C0004670","1"
"C0004708","Balloon Valvuloplasty","THERAPEUTIC_PROCEDURE","C0004708","3"
"C0004726","Bandage","MEDICATION","C0004726","3"
"C0004793","Base Sequence","DIAGNOSTIC_PROCEDURE","C0004793","4"
"C0004916","Beds","BIOLOGICAL_STRUCTURE","C0004916","6"
"C0004936","Mental disorders","DISEASE_DISORDER","C0004936","1"
"C0005070","benzoin resin","LAB_VALUE","C0005070","2"
"C0005149","beta-2 Microglobulin","DIAGNOSTIC_PROCEDURE","C0005149","1"
"C0005367","Bicarbonates","LAB_VALUE","C0005367","3"
"C0005373","Bicuspid","DISEASE_DISORDER","C0005373","3"
"C0005377","Bicycling (recreational activity)","ACTIVITY","C0005377","1"
"C0005401","Intrahepatic bile duct","BIOLOGICAL_STRUCTURE","C0005401","1"
"C0005558","Biopsy","DIAGNOSTIC_PROCEDURE","C0005558","21"
"C0005680","Black Populations","COLOR","C0005680","5"
"C0005682","Urinary Bladder","BIOLOGICAL_STRUCTURE","C0005682","1"
"C0005684","Malignant neoplasm of urinary bladder","DISEASE_DISORDER","C0005684","1"
"C0005767","Blood","BIOLOGICAL_STRUCTURE","C0005767","4"
"C0005770","Blood Banks","NONBIOLOGICAL_LOCATION","C0005770","1"
"C0005771","Blood Cell Count","DIAGNOSTIC_PROCEDURE","C0005771","3"
"C0005775","Blood Circulation","SIGN_SYMPTOM","C0005775","2"
"C0005798","Blood Flow Velocity","DIAGNOSTIC_PROCEDURE","C0005798","3"
"C0005802","Blood Glucose","LAB_VALUE","C0005802","8"
"C0005823","Blood Pressure","DIAGNOSTIC_PROCEDURE","C0005823","4"
"C0005824","Blood pressure determination","DIAGNOSTIC_PROCEDURE","C0005824","2"
"C0005841","Blood Transfusion","THERAPEUTIC_PROCEDURE","C0005841","1"
"C0005847","Blood Vessel","BIOLOGICAL_STRUCTURE","C0005847","16"
"C0005903","Body Temperature","DIAGNOSTIC_PROCEDURE","C0005903","4"
"C0005910","Body Weight","BIOLOGICAL_ATTRIBUTE","C0005910","1"
"C0005931","Bone and Bones","BIOLOGICAL_STRUCTURE","C0005931","4"
"C0005953","Bone Marrow","BIOLOGICAL_STRUCTURE","C0005953","6"
"C0005954","Bone marrow biopsy","DIAGNOSTIC_PROCEDURE","C0005954","1"
"C0005957","Bone Marrow Examination","DIAGNOSTIC_PROCEDURE","C0005957","1"
"C0005961","Bone Marrow Transplantation","NONBIOLOGICAL_LOCATION","C0005961","1"
"C0006087","Structure of brachial artery","BIOLOGICAL_STRUCTURE","C0006087","1"
"C0006090","Brachial plexus structure","BIOLOGICAL_STRUCTURE","C0006090","1"
"C0006098","Brachytherapy","THERAPEUTIC_PROCEDURE","C0006098","4"
"C0006104","Brain","BIOLOGICAL_STRUCTURE","C0006104","24"
"C0006114","Cerebral Edema","DISEASE_DISORDER","C0006114","2"
"C0006118","Brain Neoplasms","DISEASE_DISORDER","C0006118","2"
"C0006121","Brain Stem","BIOLOGICAL_STRUCTURE","C0006121","2"
"C0006141","Breast","BIOLOGICAL_STRUCTURE","C0006141","10"
"C0006142","Malignant neoplasm of breast","DISEASE_DISORDER","C0006142","6"
"C0006145","Breast Diseases","NONBIOLOGICAL_LOCATION","C0006145","2"
"C0006147","Breast Feeding","NONBIOLOGICAL_LOCATION","C0006147","1"
"C0006155","Breathing Exercises","THERAPEUTIC_PROCEDURE","C0006155","1"
"C0006279","Bronchoalveolar Lavage Fluid","BIOLOGICAL_STRUCTURE","C0006279","1"
"C0006280","Bronchodilator Agents","MEDICATION","C0006280","1"
"C0006290","Bronchoscopy","DIAGNOSTIC_PROCEDURE","C0006290","3"
"C0006497","Buttocks","AREA","C0006497","3"
"C0006560","C-reactive protein","DIAGNOSTIC_PROCEDURE","C0006560","7"
"C0006625","Cachexia","DISEASE_DISORDER","C0006625","5"
"C0006660","Physiologic calcification","SIGN_SYMPTOM","C0006660","14"
"C0006675","calcium","SIGN_SYMPTOM","C0006675","1"
"C0006686","calcium chloride","MEDICATION","C0006686","3"
"C0006736","Calculi","DISEASE_DISORDER","C0006736","1"
"C0006826","Malignant Neoplasms","DISEASE_DISORDER","C0006826","6"
"C0006849","Oral candidiasis","DISEASE_DISORDER","C0006849","1"
"C0006863","cannabidiol","BIOLOGICAL_STRUCTURE","C0006863","1"
"C0006935","capsule (pharmacologic)","DOSAGE","C0006935","1"
"C0007082","Carcinoembryonic Antigen","DIAGNOSTIC_PROCEDURE","C0007082","2"
"C0007097","Carcinoma","DISEASE_DISORDER","C0007097","39"
"C0007107","Malignant neoplasm of larynx","DISEASE_DISORDER","C0007107","1"
"C0007113","Rectal Carcinoma","DISEASE_DISORDER","C0007113","1"
"C0007114","Malignant neoplasm of skin","DISEASE_DISORDER","C0007114","1"
"C0007117","Basal cell carcinoma","DISEASE_DISORDER","C0007117","6"
"C0007124","Noninfiltrating Intraductal Carcinoma","DISEASE_DISORDER","C0007124","2"
"C0007131","Non-Small Cell Lung Carcinoma","DISEASE_DISORDER","C0007131","1"
"C0007133","Carcinoma, Papillary","DISEASE_DISORDER","C0007133","1"
"C0007134","Renal Cell Carcinoma","DISEASE_DISORDER","C0007134","7"
"C0007137","Squamous cell carcinoma","DISEASE_DISORDER","C0007137","7"
"C0007144","Cardia of stomach","BIOLOGICAL_STRUCTURE","C0007144","3"
"C0007177","Cardiac Tamponade","DISEASE_DISORDER","C0007177","6"
"C0007189","Cardiology discipline","NONBIOLOGICAL_LOCATION","C0007189","4"
"C0007193","Cardiomyopathy, Dilated","DISEASE_DISORDER","C0007193","1"
"C0007203","Cardiopulmonary Resuscitation","THERAPEUTIC_PROCEDURE","C0007203","8"
"C0007272","Carotid Arteries","BIOLOGICAL_STRUCTURE","C0007272","8"
"C0007282","Carotid Stenosis","DISEASE_DISORDER","C0007282","2"
"C0007286","Carpal Tunnel Syndrome","DISEASE_DISORDER","C0007286","1"
"C0007430","Catheterization","THERAPEUTIC_PROCEDURE","C0007430","2"
"C0007457","Caucasian","COLOR","C0007457","1"
"C0007531","Cecum","BIOLOGICAL_STRUCTURE","C0007531","1"
"C0007546","cefazolin","MEDICATION","C0007546","2"
"C0007561","ceftriaxone","MEDICATION","C0007561","3"
"C0007562","cefuroxime","MEDICATION","C0007562","2"
"C0007570","Celiac Disease","DISEASE_DISORDER","C0007570","1"
"C0007716","cephalexin","MEDICATION","C0007716","2"
"C0007764","Structure of cerebellopontine angle","BIOLOGICAL_STRUCTURE","C0007764","1"
"C0007765","Cerebellum","BIOLOGICAL_STRUCTURE","C0007765","1"
"C0007770","Structure of cerebral artery","BIOLOGICAL_STRUCTURE","C0007770","1"
"C0007799","Cerebral Ventricles","BIOLOGICAL_STRUCTURE","C0007799","5"
"C0007820","Cerebrovascular Disorders","NONBIOLOGICAL_LOCATION","C0007820","1"
"C0007847","Malignant tumor of cervix","DISEASE_DISORDER","C0007847","1"
"C0007874","Cervix Uteri","BIOLOGICAL_STRUCTURE","C0007874","1"
"C0007961","charge amounts","THERAPEUTIC_PROCEDURE","C0007961","1"
"C0007966","Cheek structure","BIOLOGICAL_STRUCTURE","C0007966","2"
"C0008031","Chest Pain","SIGN_SYMPTOM","C0008031","5"
"C0008033","Pleuritic pain","THERAPEUTIC_PROCEDURE","C0008033","1"
"C0008034","Chest Tubes","THERAPEUTIC_PROCEDURE","C0008034","1"
"C0008073","Developmental Disabilities","DISEASE_DISORDER","C0008073","1"
"C0008301","Choking","SIGN_SYMPTOM","C0008301","1"
"C0008318","cholecalciferol","MEDICATION","C0008318","1"
"C0008320","Cholecystectomy procedure","THERAPEUTIC_PROCEDURE","C0008320","1"
"C0008325","Cholecystitis","DISEASE_DISORDER","C0008325","1"
"C0008350","Cholelithiasis","DISEASE_DISORDER","C0008350","1"
"C0008373","Cholesteatoma","DISEASE_DISORDER","C0008373","1"
"C0008479","Chondrosarcoma","DISEASE_DISORDER","C0008479","1"
"C0008679","Chronic disease","DISEASE_DISORDER","C0008679","1"
"C0008715","Chronically Ill","DISEASE_DISORDER","C0008715","1"
"C0008838","cisplatin","MEDICATION","C0008838","1"
"C0008902","Classification","LAB_VALUE","C0008902","2"
"C0008913","Bone structure of clavicle","BIOLOGICAL_STRUCTURE","C0008913","1"
"C0008947","clindamycin","MEDICATION","C0008947","1"
"C0009262","colchicine","MEDICATION","C0009262","1"
"C0009264","Cold Temperature","SIGN_SYMPTOM","C0009264","2"
"C0009368","Colon structure (body structure)","BIOLOGICAL_STRUCTURE","C0009368","1"
"C0009378","colonoscopy","DIAGNOSTIC_PROCEDURE","C0009378","8"
"C0009402","Colorectal Carcinoma","BIOLOGICAL_STRUCTURE","C0009402","3"
"C0009413","Colostrum","MEDICATION","C0009413","1"
"C0009437","Common bile duct structure","BIOLOGICAL_STRUCTURE","C0009437","1"
"C0009450","Communicable Diseases","DISEASE_DISORDER","C0009450","9"
"C0009516","Complement component C4","BIOLOGICAL_STRUCTURE","C0009516","2"
"C0009555","Complete Blood Count","DIAGNOSTIC_PROCEDURE","C0009555","17"
"C0009563","Biomechanical compliance","BIOLOGICAL_ATTRIBUTE","C0009563","1"
"C0009566","Complication","DISEASE_DISORDER","C0009566","2"
"C0009653","Condoms, Male","THERAPEUTIC_PROCEDURE","C0009653","2"
"C0009676","Confusion","SIGN_SYMPTOM","C0009676","1"
"C0009778","Connecticut","DIAGNOSTIC_PROCEDURE","C0009778","33"
"C0009806","Constipation","SIGN_SYMPTOM","C0009806","3"
"C0009818","Consultation","CLINICAL_EVENT","C0009818","10"
"C0009906","Combined Oral Contraceptives","MEDICATION","C0009906","2"
"C0009924","Contrast Media","MEDICATION","C0009924","10"
"C0010054","Coronary Arteriosclerosis","DISEASE_DISORDER","C0010054","7"
"C0010066","Coronary Care Units","NONBIOLOGICAL_LOCATION","C0010066","1"
"C0010200","Coughing","SIGN_SYMPTOM","C0010200","1"
"C0010201","Chronic cough","SIGN_SYMPTOM","C0010201","1"
"C0010265","Structure of posterior fossa of cranial cavity","BIOLOGICAL_STRUCTURE","C0010265","7"
"C0010268","Cranial Nerves","BIOLOGICAL_STRUCTURE","C0010268","1"
"C0010287","Creatine Kinase","DIAGNOSTIC_PROCEDURE","C0010287","2"
"C0010294","creatinine","LAB_VALUE","C0010294","11"
"C0010383","Crowding","SIGN_SYMPTOM","C0010383","3"
"C0010453","Anthropological Culture","DIAGNOSTIC_PROCEDURE","C0010453","4"
"C0010520","Cyanosis","SIGN_SYMPTOM","C0010520","4"
"C0010606","Adenoid Cystic Carcinoma","DISEASE_DISORDER","C0010606","3"
"C0010674","Cystic Fibrosis","DISEASE_DISORDER","C0010674","1"
"C0010702","Cystoscopy","DIAGNOSTIC_PROCEDURE","C0010702","3"
"C0010705","Cystostomy","THERAPEUTIC_PROCEDURE","C0010705","2"
"C0010709","Cyst","DISEASE_DISORDER","C0010709","10"
"C0010818","Cytological Techniques","DIAGNOSTIC_PROCEDURE","C0010818","6"
"C0010957","Tissue damage","DISEASE_DISORDER","C0010957","1"
"C0011079","Debridement","THERAPEUTIC_PROCEDURE","C0011079","1"
"C0011127","Pressure Ulcer","DISEASE_DISORDER","C0011127","18"
"C0011164","Abnormal degeneration","DISEASE_DISORDER","C0011164","7"
"C0011168","Deglutition Disorders","SIGN_SYMPTOM","C0011168","2"
"C0011175","Dehydration","DISEASE_DISORDER","C0011175","7"
"C0011212","Delivery Rooms","NONBIOLOGICAL_LOCATION","C0011212","1"
"C0011253","Delusions","SIGN_SYMPTOM","C0011253","1"
"C0011304","Demyelination","SIGN_SYMPTOM","C0011304","3"
"C0011321","Densitometry","NONBIOLOGICAL_LOCATION","C0011321","1"
"C0011331","Dental Procedures","THERAPEUTIC_PROCEDURE","C0011331","2"
"C0011334","Dental caries","BIOLOGICAL_STRUCTURE","C0011334","3"
"C0011344","Dental Clinics","NONBIOLOGICAL_LOCATION","C0011344","3"
"C0011546","emotional dependency","DISEASE_DISORDER","C0011546","1"
"C0011570","Mental Depression","DISEASE_DISORDER","C0011570","1"
"C0011615","Dermatitis, Atopic","DISEASE_DISORDER","C0011615","2"
"C0011627","Dermatology field","NONBIOLOGICAL_LOCATION","C0011627","2"
"C0011682","Desiccation","DETAILED_DESCRIPTION","C0011682","3"
"C0011777","dexamethasone","MEDICATION","C0011777","1"
"C0011847","Diabetes","DISEASE_DISORDER","C0011847","7"
"C0011848","Diabetes Insipidus","DISEASE_DISORDER","C0011848","1"
"C0011854","Diabetes Mellitus, Insulin-Dependent","DISEASE_DISORDER","C0011854","1"
"C0011860","Diabetes Mellitus, Non-Insulin-Dependent","DISEASE_DISORDER","C0011860","1"
"C0011900","Diagnosis","DIAGNOSTIC_PROCEDURE","C0011900","1"
"C0011923","Diagnostic Imaging","DIAGNOSTIC_PROCEDURE","C0011923","9"
"C0011980","Respiratory Diaphragm","BIOLOGICAL_STRUCTURE","C0011980","1"
"C0011991","Diarrhea","SIGN_SYMPTOM","C0011991","3"
"C0012000","Diastole","SIGN_SYMPTOM","C0012000","2"
"C0012155","Diet","THERAPEUTIC_PROCEDURE","C0012155","2"
"C0012164","Formula - diet","MEDICATION","C0012164","1"
"C0012167","Reducing diet","THERAPEUTIC_PROCEDURE","C0012167","2"
"C0012359","Pathological Dilatation","SIGN_SYMPTOM","C0012359","8"
"C0012619","disc disorder","DISEASE_DISORDER","C0012619","2"
"C0012621","Body Fluid Discharge","THERAPEUTIC_PROCEDURE","C0012621","10"
"C0012634","Disease","DISEASE_DISORDER","C0012634","2"
"C0012683","Disinfection","THERAPEUTIC_PROCEDURE","C0012683","3"
"C0012727","Spatial Displacement","SIGN_SYMPTOM","C0012727","1"
"C0012798","Diuretics","MEDICATION","C0012798","2"
"C0012817","Diverticulum","DISEASE_DISORDER","C0012817","1"
"C0012833","Dizziness","SIGN_SYMPTOM","C0012833","2"
"C0013119","Medical dressing","THERAPEUTIC_PROCEDURE","C0013119","7"
"C0013125","intravenous administration","ADMINISTRATION","C0013125","1"
"C0013144","Drowsiness","SIGN_SYMPTOM","C0013144","2"
"C0013182","Drug Allergy","DISEASE_DISORDER","C0013182","1"
"C0013216","Pharmacotherapy","MEDICATION","C0013216","34"
"C0013220","Drug Tolerance","SIGN_SYMPTOM","C0013220","1"
"C0013227","Pharmaceutical Preparations","MEDICATION","C0013227","14"
"C0013274","Patent ductus arteriosus","DISEASE_DISORDER","C0013274","5"
"C0013336","Dwarfism","SIGN_SYMPTOM","C0013336","2"
"C0013404","Dyspnea","SIGN_SYMPTOM","C0013404","25"
"C0013453","External Ear","BIOLOGICAL_STRUCTURE","C0013453","2"
"C0013516","Echocardiography","DIAGNOSTIC_PROCEDURE","C0013516","9"
"C0013604","Edema","SIGN_SYMPTOM","C0013604","36"
"C0013687","effusion","SIGN_SYMPTOM","C0013687","9"
"C0013720","Ehlers-Danlos Syndrome","DISEASE_DISORDER","C0013720","3"
"C0013770","Elbow joint structure","BIOLOGICAL_STRUCTURE","C0013770","1"
"C0013778","Electric Countershock","THERAPEUTIC_PROCEDURE","C0013778","5"
"C0013798","Electrocardiogram","DIAGNOSTIC_PROCEDURE","C0013798","15"
"C0013801","Holter Electrocardiography","DIAGNOSTIC_PROCEDURE","C0013801","6"
"C0013812","electrode","THERAPEUTIC_PROCEDURE","C0013812","1"
"C0013831","Electrolyte Balance","MEDICATION","C0013831","1"
"C0013832","Electrolytes","DIAGNOSTIC_PROCEDURE","C0013832","12"
"C0013865","Electrophysiology (science)","NONBIOLOGICAL_LOCATION","C0013865","1"
"C0013867","Electroretinography","DIAGNOSTIC_PROCEDURE","C0013867","2"
"C0013930","Embolism, Tumor","DISEASE_DISORDER","C0013930","3"
"C0013983","Emollients","MEDICATION","C0013983","1"
"C0013990","Pathological accumulation of air in tissues","DISEASE_DISORDER","C0013990","1"
"C0014116","Endocardial Cushion Defects","BIOLOGICAL_STRUCTURE","C0014116","2"
"C0014121","Bacterial Endocarditis","DISEASE_DISORDER","C0014121","2"
"C0014136","Endocrine system","NONBIOLOGICAL_LOCATION","C0014136","2"
"C0014245","Endoscopy (procedure)","DIAGNOSTIC_PROCEDURE","C0014245","7"
"C0014335","Enteritis","DISEASE_DISORDER","C0014335","1"
"C0014440","Clinical Enzyme Tests (procedure)","DIAGNOSTIC_PROCEDURE","C0014440","1"
"C0014448","eosine yellowish","COLOR","C0014448","1"
"C0014474","Ependymoma","DISEASE_DISORDER","C0014474","1"
"C0014520","Epidermis","BIOLOGICAL_STRUCTURE","C0014520","2"
"C0014544","Epilepsy","SIGN_SYMPTOM","C0014544","2"
"C0014563","epinephrine","MEDICATION","C0014563","22"
"C0014609","Epithelium","BIOLOGICAL_STRUCTURE","C0014609","1"
"C0014772","Red Blood Cell Count measurement","DIAGNOSTIC_PROCEDURE","C0014772","1"
"C0015028","Ethmoid sinus structure","BIOLOGICAL_STRUCTURE","C0015028","5"
"C0015127","Etiology aspects","DISEASE_DISORDER","C0015127","1"
"C0015230","Exanthema","SIGN_SYMPTOM","C0015230","1"
"C0015252","removal technique","THERAPEUTIC_PROCEDURE","C0015252","34"
"C0015259","Exercise","ACTIVITY","C0015259","7"
"C0015264","Exertion","ACTIVITY","C0015264","1"
"C0015302","External exotoses","SIGN_SYMPTOM","C0015302","1"
"C0015357","Extracorporeal Membrane Oxygenation","THERAPEUTIC_PROCEDURE","C0015357","2"
"C0015371","Extrapyramidal Disorders","DISEASE_DISORDER","C0015371","1"
"C0015385","Limb structure","BIOLOGICAL_STRUCTURE","C0015385","4"
"C0015388","Exudate","SIGN_SYMPTOM","C0015388","1"
"C0015392","Eye","BIOLOGICAL_STRUCTURE","C0015392","2"
"C0015450","Face","BIOLOGICAL_STRUCTURE","C0015450","5"
"C0015462","Facial nerve structure","BIOLOGICAL_STRUCTURE","C0015462","3"
"C0015663","Fasting","ACTIVITY","C0015663","3"
"C0015695","Fatty Liver","DISEASE_DISORDER","C0015695","1"
"C0015731","Feathers","DETAILED_DESCRIPTION","C0015731","1"
"C0015733","Feces","BIOLOGICAL_STRUCTURE","C0015733","1"
"C0015811","Femur","BIOLOGICAL_STRUCTURE","C0015811","3"
"C0015813","Head of femur","BIOLOGICAL_STRUCTURE","C0015813","1"
"C0015967","Fever","SIGN_SYMPTOM","C0015967","6"
"C0016006","fibrinogen","DIAGNOSTIC_PROCEDURE","C0016006","2"
"C0016018","Fibrinolytic Agents","MEDICATION","C0016018","1"
"C0016059","Fibrosis","SIGN_SYMPTOM","C0016059","21"
"C0016169","pathologic fistula","DISEASE_DISORDER","C0016169","1"
"C0016277","fluconazole","MEDICATION","C0016277","2"
"C0016286","Fluid Therapy","THERAPEUTIC_PROCEDURE","C0016286","6"
"C0016293","flumazenil","MEDICATION","C0016293","2"
"C0016313","Fluorescein Angiography","DIAGNOSTIC_PROCEDURE","C0016313","2"
"C0016382","Flushing","THERAPEUTIC_PROCEDURE","C0016382","6"
"C0016410","folic acid","MEDICATION","C0016410","3"
"C0016468","Food Habits","ACTIVITY","C0016468","3"
"C0016470","Food Allergy","NONBIOLOGICAL_LOCATION","C0016470","1"
"C0016504","Foot","BIOLOGICAL_STRUCTURE","C0016504","3"
"C0016522","Foramen Ovale, Patent","DISEASE_DISORDER","C0016522","15"
"C0016542","Foreign Bodies","DISEASE_DISORDER","C0016542","3"
"C0016557","Forensic Medicine","NONBIOLOGICAL_LOCATION","C0016557","1"
"C0016658","Fracture","DISEASE_DISORDER","C0016658","9"
"C0016734","Frontal Sinus","BIOLOGICAL_STRUCTURE","C0016734","1"
"C0016823","Structure of fundus of eye","BIOLOGICAL_STRUCTURE","C0016823","2"
"C0016976","Gallbladder","BIOLOGICAL_STRUCTURE","C0016976","5"
"C0017040","Gamma-glutamyl transferase","LAB_VALUE","C0017040","1"
"C0017110","Gases","SIGN_SYMPTOM","C0017110","1"
"C0017118","Gastrectomy","THERAPEUTIC_PROCEDURE","C0017118","1"
"C0017136","Gastric mucosa","BIOLOGICAL_STRUCTURE","C0017136","3"
"C0017152","Gastritis","DISEASE_DISORDER","C0017152","1"
"C0017181","Gastrointestinal Hemorrhage","DISEASE_DISORDER","C0017181","3"
"C0017189","Gastrointestinal tract structure","BIOLOGICAL_STRUCTURE","C0017189","3"
"C0017195","Endoscopy of stomach","DIAGNOSTIC_PROCEDURE","C0017195","16"
"C0017243","Gel","MEDICATION","C0017243","2"
"C0017420","Genitalia","BIOLOGICAL_STRUCTURE","C0017420","2"
"C0017467","Geriatric Psychiatry specialty","NONBIOLOGICAL_LOCATION","C0017467","2"
"C0017469","Geriatrics","NONBIOLOGICAL_LOCATION","C0017469","1"
"C0017562","Gingiva","BIOLOGICAL_STRUCTURE","C0017562","2"
"C0017601","Glaucoma","DISEASE_DISORDER","C0017601","1"
"C0017636","Glioblastoma","DISEASE_DISORDER","C0017636","1"
"C0017673","Glossectomy","THERAPEUTIC_PROCEDURE","C0017673","3"
"C0017725","glucose","MEDICATION","C0017725","9"
"C0017955","Glycophorin A","DISEASE_DISORDER","C0017955","2"
"C0018021","Goiter","DISEASE_DISORDER","C0018021","1"
"C0018023","Nodular Goiter","DISEASE_DISORDER","C0018023","2"
"C0018188","Granuloma","DISEASE_DISORDER","C0018188","1"
"C0018193","Granuloma, Foreign-Body","DISEASE_DISORDER","C0018193","1"
"C0018213","Graves Disease","DISEASE_DISORDER","C0018213","1"
"C0018270","Growth","SIGN_SYMPTOM","C0018270","2"
"C0018284","Growth Factor","MEDICATION","C0018284","2"
"C0018553","Hamartoma Syndrome, Multiple","DIAGNOSTIC_PROCEDURE","C0018553","1"
"C0018563","Hand","BIOLOGICAL_STRUCTURE","C0018563","2"
"C0018570","Hand Disinfection","THERAPEUTIC_PROCEDURE","C0018570","2"
"C0018581","Handwashing","THERAPEUTIC_PROCEDURE","C0018581","2"
"C0018670","Head","BIOLOGICAL_STRUCTURE","C0018670","14"
"C0018681","Headache","SIGN_SYMPTOM","C0018681","2"
"C0018704","Health care facility","NONBIOLOGICAL_LOCATION","C0018704","3"
"C0018787","Heart","BIOLOGICAL_STRUCTURE","C0018787","8"
"C0018790","Cardiac Arrest","DISEASE_DISORDER","C0018790","9"
"C0018798","Congenital Heart Defects","NONBIOLOGICAL_LOCATION","C0018798","6"
"C0018808","Heart murmur","SIGN_SYMPTOM","C0018808","5"
"C0018810","heart rate","SIGN_SYMPTOM","C0018810","5"
"C0018817","Atrial Septal Defects","DISEASE_DISORDER","C0018817","6"
"C0018818","Ventricular Septal Defects","DISEASE_DISORDER","C0018818","3"
"C0018819","Heart Septum","BIOLOGICAL_STRUCTURE","C0018819","1"
"C0018820","Heart Sounds","BIOLOGICAL_STRUCTURE","C0018820","2"
"C0018821","Cardiac Surgery procedures","NONBIOLOGICAL_LOCATION","C0018821","2"
"C0018823","Heart Transplantation","THERAPEUTIC_PROCEDURE","C0018823","2"
"C0018824","Heart valve disease","NONBIOLOGICAL_LOCATION","C0018824","1"
"C0018827","Heart Ventricle","BIOLOGICAL_STRUCTURE","C0018827","7"
"C0018870","Heel","BIOLOGICAL_STRUCTURE","C0018870","5"
"C0018896","Helping Behavior","THERAPEUTIC_PROCEDURE","C0018896","1"
"C0018916","Hemangioma","DISEASE_DISORDER","C0018916","1"
"C0018941","Hematologic Tests","DIAGNOSTIC_PROCEDURE","C0018941","1"
"C0018944","Hematoma","DISEASE_DISORDER","C0018944","2"
"C0018965","Hematuria","SIGN_SYMPTOM","C0018965","2"
"C0019018","Glycosylated hemoglobin A","DIAGNOSTIC_PROCEDURE","C0019018","1"
"C0019046","Hemoglobin","DIAGNOSTIC_PROCEDURE","C0019046","7"
"C0019079","Hemoptysis","SIGN_SYMPTOM","C0019079","3"
"C0019080","Hemorrhage","SIGN_SYMPTOM","C0019080","12"
"C0019112","Hemorrhoids","DISEASE_DISORDER","C0019112","3"
"C0019139","Heparin, Low-Molecular-Weight","MEDICATION","C0019139","4"
"C0019151","Hepatic Encephalopathy","DISEASE_DISORDER","C0019151","1"
"C0019159","Hepatitis A","NONBIOLOGICAL_LOCATION","C0019159","3"
"C0019163","Hepatitis B","DISEASE_DISORDER","C0019163","1"
"C0019212","Hepatorenal Syndrome","DISEASE_DISORDER","C0019212","1"
"C0019270","Hernia","DISEASE_DISORDER","C0019270","1"
"C0019409","Heterogeneity","TEXTURE","C0019409","23"
"C0019552","Hip structure","BIOLOGICAL_STRUCTURE","C0019552","1"
"C0019558","Hip Joint","BIOLOGICAL_STRUCTURE","C0019558","1"
"C0019621","Histiocytosis, Langerhans-Cell","DISEASE_DISORDER","C0019621","1"
"C0019664","History","HISTORY","C0019664","11"
"C0019829","Hodgkin Disease","DISEASE_DISORDER","C0019829","2"
"C0019855","Home Care Services","THERAPEUTIC_PROCEDURE","C0019855","2"
"C0019972","Hospital Information Systems","SIGN_SYMPTOM","C0019972","1"
"C0019993","Hospitalization","CLINICAL_EVENT","C0019993","32"
"C0019994","Hospitals","NONBIOLOGICAL_LOCATION","C0019994","3"
"C0020063","PTH protein, human","LAB_VALUE","C0020063","2"
"C0020164","Bone structure of humerus","BIOLOGICAL_STRUCTURE","C0020164","1"
"C0020311","Hydrotherapy","NONBIOLOGICAL_LOCATION","C0020311","2"
"C0020405","Hygiene","THERAPEUTIC_PROCEDURE","C0020405","3"
"C0020431","Hyperbaric oxygenation therapy","NONBIOLOGICAL_LOCATION","C0020431","1"
"C0020443","Hypercholesterolemia","DISEASE_DISORDER","C0020443","1"
"C0020452","Hyperemia","SIGN_SYMPTOM","C0020452","3"
"C0020453","Hyperesthesia","SIGN_SYMPTOM","C0020453","4"
"C0020456","Hyperglycemia","SIGN_SYMPTOM","C0020456","2"
"C0020461","Hyperkalemia","DISEASE_DISORDER","C0020461","1"
"C0020517","Hypersensitivity","DISEASE_DISORDER","C0020517","1"
"C0020538","Hypertensive disease","DISEASE_DISORDER","C0020538","7"
"C0020564","Hypertrophy","SIGN_SYMPTOM","C0020564","3"
"C0020580","Hypesthesia","SIGN_SYMPTOM","C0020580","2"
"C0020591","Hypnotics","MEDICATION","C0020591","1"
"C0020614","Hypoglossal nerve structure","BIOLOGICAL_STRUCTURE","C0020614","3"
"C0020615","Hypoglycemia","DISEASE_DISORDER","C0020615","1"
"C0020621","Hypokalemia","DISEASE_DISORDER","C0020621","1"
"C0020625","Hyponatremia","DISEASE_DISORDER","C0020625","1"
"C0020629","hypopharynx","BIOLOGICAL_STRUCTURE","C0020629","1"
"C0020649","Hypotension","SIGN_SYMPTOM","C0020649","1"
"C0020672","Hypothermia, natural","DISEASE_DISORDER","C0020672","3"
"C0020676","Hypothyroidism","DISEASE_DISORDER","C0020676","2"
"C0020717","I Blood-Group System","BIOLOGICAL_STRUCTURE","C0020717","2"
"C0020883","Creation of ileostomy","THERAPEUTIC_PROCEDURE","C0020883","1"
"C0020912","Optical Image Reconstruction","THERAPEUTIC_PROCEDURE","C0020912","9"
"C0020944","Immobilization","THERAPEUTIC_PROCEDURE","C0020944","1"
"C0021061","Immunologic Tests","DIAGNOSTIC_PROCEDURE","C0021061","2"
"C0021102","Implants","THERAPEUTIC_PROCEDURE","C0021102","1"
"C0021107","Implantation procedure","THERAPEUTIC_PROCEDURE","C0021107","4"
"C0021156","Incisor","BIOLOGICAL_STRUCTURE","C0021156","1"
"C0021368","Inflammation","DISEASE_DISORDER","C0021368","6"
"C0021376","Chronic inflammation","DISEASE_DISORDER","C0021376","2"
"C0021436","Infusion Pump","ADMINISTRATION","C0021436","2"
"C0021440","Intravenous infusion procedures","ADMINISTRATION","C0021440","1"
"C0021485","Injection of therapeutic agent","ADMINISTRATION","C0021485","1"
"C0021501","Wounds - qualifier","DISEASE_DISORDER","C0021501","1"
"C0021621","Institute of Medicine (U.S.)","NONBIOLOGICAL_LOCATION","C0021621","1"
"C0021641","Insulin","MEDICATION","C0021641","10"
"C0021709","Intensive Care Units, Neonatal","NONBIOLOGICAL_LOCATION","C0021709","1"
"C0021724","Structure of intercostal muscle","BIOLOGICAL_STRUCTURE","C0021724","1"
"C0021782","Internal medicine specialty","DIAGNOSTIC_PROCEDURE","C0021782","2"
"C0021815","Intervertebral disc structure","SIGN_SYMPTOM","C0021815","3"
"C0021818","Intervertebral Disk Displacement","SIGN_SYMPTOM","C0021818","3"
"C0021831","Intestinal Diseases","NONBIOLOGICAL_LOCATION","C0021831","1"
"C0021851","Large Intestine","BIOLOGICAL_STRUCTURE","C0021851","11"
"C0021852","Intestines, Small","BIOLOGICAL_STRUCTURE","C0021852","5"
"C0021853","Intestines","BIOLOGICAL_STRUCTURE","C0021853","2"
"C0021880","Intracranial Pressure","SIGN_SYMPTOM","C0021880","1"
"C0021925","Intubation (procedure)","THERAPEUTIC_PROCEDURE","C0021925","3"
"C0021931","Intubation, Gastrointestinal","THERAPEUTIC_PROCEDURE","C0021931","2"
"C0022100","Irrigation","THERAPEUTIC_PROCEDURE","C0022100","2"
"C0022346","Icterus","SIGN_SYMPTOM","C0022346","1"
"C0022427","Structure of jugular vein","BIOLOGICAL_STRUCTURE","C0022427","3"
"C0022634","Ketones","SIGN_SYMPTOM","C0022634","2"
"C0022646","Kidney","MEDICATION","C0022646","4"
"C0022660","Kidney Failure, Acute","DISEASE_DISORDER","C0022660","1"
"C0022671","Kidney Transplantation","NONBIOLOGICAL_LOCATION","C0022671","1"
"C0022680","Polycystic Kidney Diseases","DISEASE_DISORDER","C0022680","1"
"C0022742","Knee","BIOLOGICAL_STRUCTURE","C0022742","1"
"C0022745","Knee joint","BIOLOGICAL_STRUCTURE","C0022745","1"
"C0022877","Laboratory","NONBIOLOGICAL_LOCATION","C0022877","1"
"C0022878","Dental laboratory","NONBIOLOGICAL_LOCATION","C0022878","1"
"C0022885","Laboratory Procedures","DIAGNOSTIC_PROCEDURE","C0022885","13"
"C0022924","Lactates","LAB_VALUE","C0022924","2"
"C0022957","lactulose","MEDICATION","C0022957","1"
"C0023024","lanolin","MEDICATION","C0023024","1"
"C0023078","Larynx","BIOLOGICAL_STRUCTURE","C0023078","8"
"C0023134","Laundering","THERAPEUTIC_PROCEDURE","C0023134","1"
"C0023216","Lower Extremity","BIOLOGICAL_STRUCTURE","C0023216","10"
"C0023418","leukemia","DISEASE_DISORDER","C0023418","1"
"C0023434","Chronic Lymphocytic Leukemia","DISEASE_DISORDER","C0023434","2"
"C0023448","Lymphoid leukemia","DISEASE_DISORDER","C0023448","1"
"C0023467","Leukemia, Myelocytic, Acute","BIOLOGICAL_STRUCTURE","C0023467","1"
"C0023516","Leukocytes","SIGN_SYMPTOM","C0023516","1"
"C0023530","Leukopenia","DISEASE_DISORDER","C0023530","7"
"C0023660","lidocaine","MEDICATION","C0023660","2"
"C0023798","Lipoma","DISEASE_DISORDER","C0023798","4"
"C0023884","Liver","BIOLOGICAL_STRUCTURE","C0023884","22"
"C0023890","Liver Cirrhosis","DISEASE_DISORDER","C0023890","1"
"C0023911","Transplantation of liver","NONBIOLOGICAL_LOCATION","C0023911","1"
"C0024003","Lordosis","BIOLOGICAL_STRUCTURE","C0024003","1"
"C0024069","Lubrication","THERAPEUTIC_PROCEDURE","C0024069","1"
"C0024081","Ludwig's Angina","BIOLOGICAL_STRUCTURE","C0024081","2"
"C0024091","Bone structure of lumbar vertebra","BIOLOGICAL_STRUCTURE","C0024091","1"
"C0024109","Lung","BIOLOGICAL_STRUCTURE","C0024109","19"
"C0024115","Lung diseases","NONBIOLOGICAL_LOCATION","C0024115","4"
"C0024128","Lung Transplantation","NONBIOLOGICAL_LOCATION","C0024128","1"
"C0024198","Lyme Disease","DISEASE_DISORDER","C0024198","1"
"C0024203","Lymph node excision","THERAPEUTIC_PROCEDURE","C0024203","3"
"C0024204","lymph nodes","BIOLOGICAL_STRUCTURE","C0024204","50"
"C0024264","Lymphocyte","BIOLOGICAL_STRUCTURE","C0024264","1"
"C0024296","Lymphoid Tissue","BIOLOGICAL_STRUCTURE","C0024296","4"
"C0024299","Lymphoma","DISEASE_DISORDER","C0024299","3"
"C0024467","magnesium","DOSAGE","C0024467","23"
"C0024480","magnesium sulfate","MEDICATION","C0024480","1"
"C0024485","Magnetic Resonance Imaging","DIAGNOSTIC_PROCEDURE","C0024485","45"
"C0024524","Malacia","DISEASE_DISORDER","C0024524","1"
"C0024671","Mammography","DIAGNOSTIC_PROCEDURE","C0024671","7"
"C0024779","Map","DIAGNOSTIC_PROCEDURE","C0024779","1"
"C0024796","Marfan Syndrome","DISEASE_DISORDER","C0024796","1"
"C0024861","Masks","OTHER_ENTITY","C0024861","3"
"C0024881","Mastectomy","THERAPEUTIC_PROCEDURE","C0024881","2"
"C0024885","Segmental Mastectomy","THERAPEUTIC_PROCEDURE","C0024885","1"
"C0024887","Mastectomy, Subcutaneous","THERAPEUTIC_PROCEDURE","C0024887","1"
"C0024947","Maxilla","BIOLOGICAL_STRUCTURE","C0024947","2"
"C0024957","Maxillary Sinus","BIOLOGICAL_STRUCTURE","C0024957","4"
"C0025066","Mediastinum","BIOLOGICAL_STRUCTURE","C0025066","6"
"C0025080","Medical Devices","OTHER_ENTITY","C0025080","2"
"C0025102","Medical Records","DIAGNOSTIC_PROCEDURE","C0025102","6"
"C0025125","Medicinal Herbs","NONBIOLOGICAL_LOCATION","C0025125","1"
"C0025148","Medulla Oblongata","BIOLOGICAL_STRUCTURE","C0025148","1"
"C0025222","Melena","SIGN_SYMPTOM","C0025222","2"
"C0025255","Tissue membrane","SIGN_SYMPTOM","C0025255","2"
"C0025269","Multiple Endocrine Neoplasia Type 2b","BIOLOGICAL_STRUCTURE","C0025269","1"
"C0025286","Meningioma","DISEASE_DISORDER","C0025286","1"
"C0025320","Menopause","NONBIOLOGICAL_LOCATION","C0025320","1"
"C0025344","Menstruation","CLINICAL_EVENT","C0025344","1"
"C0025353","mental health","NONBIOLOGICAL_LOCATION","C0025353","1"
"C0025360","Mentally Ill Persons","DISEASE_DISORDER","C0025360","1"
"C0025424","mercury","LAB_VALUE","C0025424","1"
"C0025513","Activation, Metabolic","SIGN_SYMPTOM","C0025513","14"
"C0025516","Metabolic Detoxication, Drug","THERAPEUTIC_PROCEDURE","C0025516","6"
"C0025517","Metabolic Diseases","NONBIOLOGICAL_LOCATION","C0025517","4"
"C0025598","metformin","MEDICATION","C0025598","1"
"C0025872","metronidazole","MEDICATION","C0025872","1"
"C0025953","Microbiological","DIAGNOSTIC_PROCEDURE","C0025953","1"
"C0026056","midazolam","MEDICATION","C0026056","2"
"C0026264","Mitral Valve","BIOLOGICAL_STRUCTURE","C0026264","6"
"C0026266","Mitral Valve Insufficiency","DISEASE_DISORDER","C0026266","2"
"C0026267","Mitral Valve Prolapse Syndrome","DISEASE_DISORDER","C0026267","1"
"C0026277","Mixed Salivary Gland Tumor","DISEASE_DISORDER","C0026277","1"
"C0026549","morphine","MEDICATION","C0026549","2"
"C0026591","Mother (person)","FAMILY_HISTORY","C0026591","1"
"C0026606","Physical activity","SIGN_SYMPTOM","C0026606","17"
"C0026639","Oral mucous membrane structure","BIOLOGICAL_STRUCTURE","C0026639","2"
"C0026649","Movement","SIGN_SYMPTOM","C0026649","1"
"C0026724","Mucous Membrane","BIOLOGICAL_STRUCTURE","C0026724","8"
"C0026764","Multiple Myeloma","DISEASE_DISORDER","C0026764","1"
"C0026769","Multiple Sclerosis","DISEASE_DISORDER","C0026769","1"
"C0026771","Multiple Trauma","NONBIOLOGICAL_LOCATION","C0026771","1"
"C0026820","Muscle Contraction","SIGN_SYMPTOM","C0026820","1"
"C0026845","Muscle Tissue","BIOLOGICAL_STRUCTURE","C0026845","4"
"C0026846","Muscular Atrophy","SIGN_SYMPTOM","C0026846","1"
"C0026848","Myopathy","DISEASE_DISORDER","C0026848","1"
"C0026926","Mycobacterium tuberculosis","DIAGNOSTIC_PROCEDURE","C0026926","3"
"C0027059","Myocarditis","DISEASE_DISORDER","C0027059","2"
"C0027061","Myocardium","BIOLOGICAL_STRUCTURE","C0027061","3"
"C0027070","Myoepithelioma","DISEASE_DISORDER","C0027070","2"
"C0027269","Mucous retention cyst of cervix uteri","DISEASE_DISORDER","C0027269","1"
"C0027358","naloxone","MEDICATION","C0027358","3"
"C0027423","Nasal cavity","BIOLOGICAL_STRUCTURE","C0027423","1"
"C0027432","Nasal septum structure","BIOLOGICAL_STRUCTURE","C0027432","1"
"C0027442","Nasopharynx","BIOLOGICAL_STRUCTURE","C0027442","2"
"C0027497","Nausea","SIGN_SYMPTOM","C0027497","3"
"C0027530","Neck","AREA","C0027530","34"
"C0027540","Necrosis","DISEASE_DISORDER","C0027540","10"
"C0027621","Neonatology","NONBIOLOGICAL_LOCATION","C0027621","1"
"C0027627","Neoplasm Metastasis","DISEASE_DISORDER","C0027627","13"
"C0027651","Neoplasms","NONBIOLOGICAL_LOCATION","C0027651","41"
"C0027671","Neoplastic Processes","DISEASE_DISORDER","C0027671","6"
"C0027721","Lipoid nephrosis","DISEASE_DISORDER","C0027721","1"
"C0027740","Nerve","BIOLOGICAL_STRUCTURE","C0027740","10"
"C0027809","Neurilemmoma","DISEASE_DISORDER","C0027809","1"
"C0027830","neurofibroma","DISEASE_DISORDER","C0027830","2"
"C0027831","Neurofibromatosis 1","DISEASE_DISORDER","C0027831","2"
"C0027853","Neurologic Examination","DIAGNOSTIC_PROCEDURE","C0027853","1"
"C0027926","Science of neurosurgery","NONBIOLOGICAL_LOCATION","C0027926","1"
"C0027932","Neurotic Disorders","DISEASE_DISORDER","C0027932","5"
"C0027962","Melanocytic nevus","DISEASE_DISORDER","C0027962","1"
"C0028109","Nipples","BIOLOGICAL_STRUCTURE","C0028109","1"
"C0028259","Nodule","SIGN_SYMPTOM","C0028259","28"
"C0028351","norepinephrine","MEDICATION","C0028351","2"
"C0028429","Nose","BIOLOGICAL_STRUCTURE","C0028429","1"
"C0028582","Discipline of Nuclear Medicine","NONBIOLOGICAL_LOCATION","C0028582","2"
"C0028754","Obesity","DISEASE_DISORDER","C0028754","5"
"C0028775","Obstetrics Department","NONBIOLOGICAL_LOCATION","C0028775","1"
"C0028778","Obstruction","SIGN_SYMPTOM","C0028778","7"
"C0028785","Occipital lobe","AREA","C0028785","1"
"C0028797","Occupational Diseases","NONBIOLOGICAL_LOCATION","C0028797","2"
"C0028802","occupational medicine field","NONBIOLOGICAL_LOCATION","C0028802","1"
"C0028881","Structure of odontoid process of axis","BIOLOGICAL_STRUCTURE","C0028881","1"
"C0028912","Ointments","MEDICATION","C0028912","1"
"C0028977","Omentum","BIOLOGICAL_STRUCTURE","C0028977","1"
"C0029064","Operating Room","NONBIOLOGICAL_LOCATION","C0029064","3"
"C0029087","Ophthalmology specialty","DIAGNOSTIC_PROCEDURE","C0029087","1"
"C0029090","Ophthalmoscopy","DIAGNOSTIC_PROCEDURE","C0029090","1"
"C0029100","Opioid intoxication","DISEASE_DISORDER","C0029100","2"
"C0029126","Optic Chiasms","BIOLOGICAL_STRUCTURE","C0029126","2"
"C0029127","Optic Disk","BIOLOGICAL_STRUCTURE","C0029127","1"
"C0029130","Optic Nerve","BIOLOGICAL_STRUCTURE","C0029130","1"
"C0029161","Oral Glucose Tolerance Test","DIAGNOSTIC_PROCEDURE","C0029161","3"
"C0029164","Dental Hygiene","THERAPEUTIC_PROCEDURE","C0029164","3"
"C0029180","Ocular orbit","BIOLOGICAL_STRUCTURE","C0029180","1"
"C0029279","ORNITHINE CARBAMOYLTRANSFERASE","DIAGNOSTIC_PROCEDURE","C0029279","1"
"C0029335","Orthodontics speciality","NONBIOLOGICAL_LOCATION","C0029335","1"
"C0029341","Orthomyxoviridae","OTHER_ENTITY","C0029341","1"
"C0029408","Degenerative polyarthritis","DISEASE_DISORDER","C0029408","1"
"C0029464","Osteosclerosis","DISEASE_DISORDER","C0029464","1"
"C0029892","Otolaryngology specialty","NONBIOLOGICAL_LOCATION","C0029892","3"
"C0029944","Drug Overdose","DISEASE_DISORDER","C0029944","1"
"C0030054","oxygen","MEDICATION","C0030054","5"
"C0030163","Artificial cardiac pacemaker","DIAGNOSTIC_PROCEDURE","C0030163","2"
"C0030193","Pain","SIGN_SYMPTOM","C0030193","11"
"C0030219","Palate, Soft","BIOLOGICAL_STRUCTURE","C0030219","2"
"C0030231","Palliative Care","THERAPEUTIC_PROCEDURE","C0030231","2"
"C0030252","Palpitations","SIGN_SYMPTOM","C0030252","5"
"C0030274","Pancreas","BIOLOGICAL_STRUCTURE","C0030274","3"
"C0030275","Pancreas Transplantation","NONBIOLOGICAL_LOCATION","C0030275","1"
"C0030288","Pancreatic duct","BIOLOGICAL_STRUCTURE","C0030288","1"
"C0030312","Pancytopenia","DISEASE_DISORDER","C0030312","2"
"C0030354","Papilloma","DISEASE_DISORDER","C0030354","2"
"C0030421","Paraganglioma","DISEASE_DISORDER","C0030421","1"
"C0030446","Paralytic Ileus","DISEASE_DISORDER","C0030446","1"
"C0030471","Nasal sinus","BIOLOGICAL_STRUCTURE","C0030471","9"
"C0030486","Paraplegia","NONBIOLOGICAL_LOCATION","C0030486","1"
"C0030499","Parasitic Diseases","NONBIOLOGICAL_LOCATION","C0030499","1"
"C0030547","Parenteral Nutrition","THERAPEUTIC_PROCEDURE","C0030547","1"
"C0030552","Paresis","SIGN_SYMPTOM","C0030552","4"
"C0030554","Paresthesia","SIGN_SYMPTOM","C0030554","1"
"C0030558","Parietal bone structure","BIOLOGICAL_STRUCTURE","C0030558","1"
"C0030580","Parotid Gland","BIOLOGICAL_STRUCTURE","C0030580","1"
"C0030650","Legal patent","DETAILED_DESCRIPTION","C0030650","2"
"C0030657","Pathogenicity Aspects","BIOLOGICAL_ATTRIBUTE","C0030657","1"
"C0030664","Pathology","SIGN_SYMPTOM","C0030664","58"
"C0030666","Pathology Department, Hospital","NONBIOLOGICAL_LOCATION","C0030666","2"
"C0030685","Patient Discharge","CLINICAL_EVENT","C0030685","2"
"C0030738","Peas - dietary","DISEASE_DISORDER","C0030738","2"
"C0030747","Pectoralis Muscles","BIOLOGICAL_STRUCTURE","C0030747","3"
"C0030797","Pelvis","BIOLOGICAL_STRUCTURE","C0030797","14"
"C0030827","penicillin G","MEDICATION","C0030827","2"
"C0031050","Pericardial sac structure","BIOLOGICAL_STRUCTURE","C0031050","20"
"C0031066","Anogenital region","BIOLOGICAL_STRUCTURE","C0031066","1"
"C0031093","Periodontal Ligament","BIOLOGICAL_STRUCTURE","C0031093","1"
"C0031139","Peritoneal Dialysis","THERAPEUTIC_PROCEDURE","C0031139","1"
"C0031153","Peritoneum","SIGN_SYMPTOM","C0031153","1"
"C0031154","Peritonitis","DISEASE_DISORDER","C0031154","1"
"C0031262","petrolatum","MEDICATION","C0031262","4"
"C0031266","Structure of petrous part of temporal bone","BIOLOGICAL_STRUCTURE","C0031266","1"
"C0031268","Pet Animal","DIAGNOSTIC_PROCEDURE","C0031268","7"
"C0031354","Pharyngeal structure","BIOLOGICAL_STRUCTURE","C0031354","13"
"C0031807","Physical Exertion","ACTIVITY","C0031807","2"
"C0031809","Physical Examination","DIAGNOSTIC_PROCEDURE","C0031809","131"
"C0031819","Physical Therapy Department, Hospital","NONBIOLOGICAL_LOCATION","C0031819","1"
"C0031834","Physicians' Offices","NONBIOLOGICAL_LOCATION","C0031834","1"
"C0031847","physiopathological","SIGN_SYMPTOM","C0031847","2"
"C0031955","piperacillin","MEDICATION","C0031955","1"
"C0032074","Cognitive function: planning","DIAGNOSTIC_PROCEDURE","C0032074","2"
"C0032181","Platelet Count measurement","DIAGNOSTIC_PROCEDURE","C0032181","2"
"C0032225","Pleura","BIOLOGICAL_STRUCTURE","C0032225","2"
"C0032285","Pneumonia","DISEASE_DISORDER","C0032285","4"
"C0032483","polyethylene glycols","THERAPEUTIC_PROCEDURE","C0032483","5"
"C0032520","Polymerase Chain Reaction","DIAGNOSTIC_PROCEDURE","C0032520","1"
"C0032584","polyps","DISEASE_DISORDER","C0032584","9"
"C0032611","polytetrafluoroethylene","DIAGNOSTIC_PROCEDURE","C0032611","1"
"C0032639","Pontine structure","BIOLOGICAL_STRUCTURE","C0032639","2"
"C0032743","Positron-Emission Tomography","DIAGNOSTIC_PROCEDURE","C0032743","4"
"C0032790","Postoperative Period","BIOLOGICAL_STRUCTURE","C0032790","3"
"C0032821","potassium","DIAGNOSTIC_PROCEDURE","C0032821","4"
"C0032825","potassium chloride","MEDICATION","C0032825","1"
"C0032961","Pregnancy","OTHER_EVENT","C0032961","2"
"C0033036","Atrial Premature Complexes","NONBIOLOGICAL_LOCATION","C0033036","4"
"C0033095","Pressure- physical agent","SIGN_SYMPTOM","C0033095","2"
"C0033107","prevention & control","THERAPEUTIC_PROCEDURE","C0033107","8"
"C0033119","Puncture wound","BIOLOGICAL_STRUCTURE","C0033119","1"
"C0033131","Primary Care Physicians","NONBIOLOGICAL_LOCATION","C0033131","5"
"C0033137","Primary Health Care","NONBIOLOGICAL_LOCATION","C0033137","19"
"C0033377","Ptosis","DISEASE_DISORDER","C0033377","2"
"C0033572","Prostate","BIOLOGICAL_STRUCTURE","C0033572","6"
"C0033573","Prostatectomy","THERAPEUTIC_PROCEDURE","C0033573","2"
"C0033687","Proteinuria","SIGN_SYMPTOM","C0033687","1"
"C0033822","Pseudomyxoma Peritonei","TEXTURE","C0033822","2"
"C0033844","Pseudotumor","DISEASE_DISORDER","C0033844","1"
"C0033868","Psychiatric Department, Hospital","NONBIOLOGICAL_LOCATION","C0033868","5"
"C0033870","Psychiatric Nursing (specialty)","NONBIOLOGICAL_LOCATION","C0033870","1"
"C0033968","Psychotherapy","THERAPEUTIC_PROCEDURE","C0033968","2"
"C0033975","Psychotic Disorders","DISEASE_DISORDER","C0033975","3"
"C0034014","Bone structure of pubis","BIOLOGICAL_STRUCTURE","C0034014","7"
"C0034044","Puerto Rico","DIAGNOSTIC_PROCEDURE","C0034044","2"
"C0034052","Pulmonary artery structure","BIOLOGICAL_STRUCTURE","C0034052","9"
"C0034057","Pulmonary Circulation","BIOLOGICAL_STRUCTURE","C0034057","1"
"C0034060","Pulmonary Medicine","NONBIOLOGICAL_LOCATION","C0034060","2"
"C0034065","Pulmonary Embolism","DISEASE_DISORDER","C0034065","4"
"C0034086","Pulmonary valve structure","BIOLOGICAL_STRUCTURE","C0034086","10"
"C0034088","Pulmonary Valve Insufficiency","DISEASE_DISORDER","C0034088","2"
"C0034090","Pulmonary veins","BIOLOGICAL_STRUCTURE","C0034090","1"
"C0034106","Pulsatile Flow","SIGN_SYMPTOM","C0034106","1"
"C0034107","Pulse taking","SIGN_SYMPTOM","C0034107","12"
"C0034121","Pupil","BIOLOGICAL_STRUCTURE","C0034121","15"
"C0034503","Racemases","DIAGNOSTIC_PROCEDURE","C0034503","2"
"C0034571","roentgenographic","DIAGNOSTIC_PROCEDURE","C0034571","6"
"C0034573","Radiography, Abdominal","DIAGNOSTIC_PROCEDURE","C0034573","2"
"C0034600","Radiology Department, Hospital","NONBIOLOGICAL_LOCATION","C0034600","1"
"C0034602","Interventional radiology","NONBIOLOGICAL_LOCATION","C0034602","1"
"C0034606","Radionuclide Imaging","DIAGNOSTIC_PROCEDURE","C0034606","2"
"C0034619","radiotherapeutic","THERAPEUTIC_PROCEDURE","C0034619","66"
"C0034640","Rain","THERAPEUTIC_PROCEDURE","C0034640","1"
"C0034642","Rales","SIGN_SYMPTOM","C0034642","2"
"C0034754","Reading (activity)","DIAGNOSTIC_PROCEDURE","C0034754","1"
"C0034771","Recanalization","THERAPEUTIC_PROCEDURE","C0034771","1"
"C0034885","Rectal Neoplasms","DISEASE_DISORDER","C0034885","2"
"C0034896","Rectum","BIOLOGICAL_STRUCTURE","C0034896","3"
"C0034897","Recurrence","DISEASE_DISORDER","C0034897","41"
"C0034927","Patient referral","CLINICAL_EVENT","C0034927","11"
"C0034991","Rehabilitation therapy","THERAPEUTIC_PROCEDURE","C0034991","15"
"C0034993","Rehabilitation Centers","NONBIOLOGICAL_LOCATION","C0034993","2"
"C0035065","Structure of renal artery","BIOLOGICAL_STRUCTURE","C0035065","1"
"C0035139","Surgical Replantation","CLINICAL_EVENT","C0035139","2"
"C0035203","Respiration","THERAPEUTIC_PROCEDURE","C0035203","4"
"C0035234","Respiratory Sounds","SIGN_SYMPTOM","C0035234","4"
"C0035237","Respiratory System","BIOLOGICAL_STRUCTURE","C0035237","2"
"C0035253","Rest","ACTIVITY","C0035253","2"
"C0035258","Restless Legs Syndrome","DISEASE_DISORDER","C0035258","1"
"C0035273","Resuscitation procedure","THERAPEUTIC_PROCEDURE","C0035273","3"
"C0035281","Retention cyst","DISEASE_DISORDER","C0035281","1"
"C0035298","Retina","BIOLOGICAL_STRUCTURE","C0035298","2"
"C0035359","Retroperitoneal Space","AREA","C0035359","1"
"C0035412","Rhabdomyosarcoma","DISEASE_DISORDER","C0035412","1"
"C0035561","Bone structure of rib","BIOLOGICAL_STRUCTURE","C0035561","2"
"C0035569","Ricin","BIOLOGICAL_STRUCTURE","C0035569","1"
"C0035868","Rotation","SIGN_SYMPTOM","C0035868","2"
"C0036033","Sacral Region","BIOLOGICAL_STRUCTURE","C0036033","5"
"C0036098","Salivary Glands","BIOLOGICAL_STRUCTURE","C0036098","2"
"C0036099","Minor salivary gland structure","BIOLOGICAL_STRUCTURE","C0036099","1"
"C0036140","Salts","MEDICATION","C0036140","1"
"C0036202","Sarcoidosis","DISEASE_DISORDER","C0036202","1"
"C0036277","Bone structure of scapula","BIOLOGICAL_STRUCTURE","C0036277","3"
"C0036429","Sclerosis","SIGN_SYMPTOM","C0036429","1"
"C0036471","Scrotum","BIOLOGICAL_STRUCTURE","C0036471","1"
"C0036537","Bodily secretions","SIGN_SYMPTOM","C0036537","2"
"C0036557","Sedatives","MEDICATION","C0036557","1"
"C0036572","Seizures","SIGN_SYMPTOM","C0036572","2"
"C0036628","Seminal Vesicles","BIOLOGICAL_STRUCTURE","C0036628","1"
"C0036690","Septicemia","DISEASE_DISORDER","C0036690","1"
"C0036743","Serologic tests","NONBIOLOGICAL_LOCATION","C0036743","1"
"C0036760","Serous Membrane","BIOLOGICAL_STRUCTURE","C0036760","1"
"C0036974","Shock","THERAPEUTIC_PROCEDURE","C0036974","3"
"C0036983","Septic Shock","DISEASE_DISORDER","C0036983","1"
"C0037009","Joint structure of shoulder region","BIOLOGICAL_STRUCTURE","C0037009","1"
"C0037197","Structure of sinus of Valsalva","BIOLOGICAL_STRUCTURE","C0037197","2"
"C0037253","Skeletal system","BIOLOGICAL_STRUCTURE","C0037253","4"
"C0037265","skilled nursing facility","NONBIOLOGICAL_LOCATION","C0037265","1"
"C0037284","Skin lesion","DISEASE_DISORDER","C0037284","2"
"C0037313","Sleep","ACTIVITY","C0037313","1"
"C0037315","Sleep Apnea Syndromes","DISEASE_DISORDER","C0037315","9"
"C0037317","Sleep disturbances","SIGN_SYMPTOM","C0037317","2"
"C0037366","Smoke","ACTIVITY","C0037366","2"
"C0037369","Smoking","ACTIVITY","C0037369","2"
"C0037438","Social support","NONBIOLOGICAL_LOCATION","C0037438","2"
"C0037473","sodium","MEDICATION","C0037473","1"
"C0037663","Growth Hormone","MEDICATION","C0037663","3"
"C0037683","Son (person)","FAMILY_HISTORY","C0037683","1"
"C0037822","Speech Disorders","SIGN_SYMPTOM","C0037822","1"
"C0037885","Sphenoidal sinus","BIOLOGICAL_STRUCTURE","C0037885","5"
"C0037922","Spinal Canal","BIOLOGICAL_STRUCTURE","C0037922","9"
"C0037925","Spinal Cord","BIOLOGICAL_STRUCTURE","C0037925","3"
"C0037926","Compression of spinal cord","DISEASE_DISORDER","C0037926","1"
"C0037937","Spinal Injuries","DISEASE_DISORDER","C0037937","1"
"C0037949","Vertebral column","BIOLOGICAL_STRUCTURE","C0037949","10"
"C0037982","spironolactone","MEDICATION","C0037982","2"
"C0037993","Spleen","BIOLOGICAL_STRUCTURE","C0037993","8"
"C0038001","Structure of splenic vein","BIOLOGICAL_STRUCTURE","C0038001","1"
"C0038056","Sputum","BIOLOGICAL_STRUCTURE","C0038056","2"
"C0038172","Staphylococcus aureus","DISEASE_DISORDER","C0038172","1"
"C0038257","Stent, device","THERAPEUTIC_PROCEDURE","C0038257","3"
"C0038288","Sexual sterilization","NONBIOLOGICAL_LOCATION","C0038288","1"
"C0038293","Sternum","BIOLOGICAL_STRUCTURE","C0038293","4"
"C0038348","Compression Stockings","THERAPEUTIC_PROCEDURE","C0038348","2"
"C0038351","Stomach","BIOLOGICAL_STRUCTURE","C0038351","3"
"C0038363","Aphthous Stomatitis","DISEASE_DISORDER","C0038363","1"
"C0038379","Strabismus","DISEASE_DISORDER","C0038379","1"
"C0038410","Streptococcus pneumoniae","OTHER_ENTITY","C0038410","2"
"C0038454","Cerebrovascular accident","DISEASE_DISORDER","C0038454","7"
"C0038530","Structure of subclavian artery","BIOLOGICAL_STRUCTURE","C0038530","1"
"C0038556","Submandibular gland","BIOLOGICAL_STRUCTURE","C0038556","4"
"C0038558","Submandibular Gland Neoplasms","BIOLOGICAL_STRUCTURE","C0038558","1"
"C0038638","Suction drainage","THERAPEUTIC_PROCEDURE","C0038638","9"
"C0038833","Superior Vena Cava Syndrome","DISEASE_DISORDER","C0038833","1"
"C0038894","Surgery specialty","THERAPEUTIC_PROCEDURE","C0038894","11"
"C0038896","Surgery Department, Hospital","NONBIOLOGICAL_LOCATION","C0038896","3"
"C0038925","Surgical Flaps","BIOLOGICAL_STRUCTURE","C0038925","1"
"C0038951","Surveys","QUANTITATIVE_CONCEPT","C0038951","2"
"C0038999","Swelling","SIGN_SYMPTOM","C0038999","2"
"C0039070","Syncope","SIGN_SYMPTOM","C0039070","4"
"C0039142","Syringes","NONBIOLOGICAL_LOCATION","C0039142","1"
"C0039155","Systole","SIGN_SYMPTOM","C0039155","2"
"C0039225","Tablet Dosage Form","ADMINISTRATION","C0039225","5"
"C0039239","Sinus Tachycardia","DISEASE_DISORDER","C0039239","1"
"C0039286","tamoxifen","MEDICATION","C0039286","2"
"C0039457","Telephone","ACTIVITY","C0039457","5"
"C0039585","Androgen-Insensitivity Syndrome","DISEASE_DISORDER","C0039585","1"
"C0039593","Testing","DIAGNOSTIC_PROCEDURE","C0039593","2"
"C0039685","Tetralogy of Fallot","DISEASE_DISORDER","C0039685","4"
"C0039798","therapeutic aspects","THERAPEUTIC_PROCEDURE","C0039798","96"
"C0039866","Thigh structure","AREA","C0039866","2"
"C0039985","Plain chest X-ray","DIAGNOSTIC_PROCEDURE","C0039985","6"
"C0039986","Thoracic Surgery Specialty","NONBIOLOGICAL_LOCATION","C0039986","4"
"C0039987","Bone structure of thoracic vertebra","BIOLOGICAL_STRUCTURE","C0039987","1"
"C0040034","Thrombocytopenia","DISEASE_DISORDER","C0040034","4"
"C0040053","Thrombosis","DISEASE_DISORDER","C0040053","7"
"C0040128","Thyroid Diseases","NONBIOLOGICAL_LOCATION","C0040128","1"
"C0040132","Thyroid Gland","BIOLOGICAL_STRUCTURE","C0040132","88"
"C0040135","Thyroid Hormones","DIAGNOSTIC_PROCEDURE","C0040135","1"
"C0040137","Thyroid Nodule","SIGN_SYMPTOM","C0040137","1"
"C0040145","Thyroidectomy","THERAPEUTIC_PROCEDURE","C0040145","3"
"C0040160","thyrotropin","DIAGNOSTIC_PROCEDURE","C0040160","1"
"C0040184","Bone structure of tibia","BIOLOGICAL_STRUCTURE","C0040184","1"
"C0040278","Tissue Banks","NONBIOLOGICAL_LOCATION","C0040278","1"
"C0040300","Body tissue","BIOLOGICAL_STRUCTURE","C0040300","3"
"C0040357","Toes","BIOLOGICAL_STRUCTURE","C0040357","1"
"C0040405","X-Ray Computed Tomography","DIAGNOSTIC_PROCEDURE","C0040405","3"
"C0040408","Tongue","BIOLOGICAL_STRUCTURE","C0040408","10"
"C0040421","Palatine Tonsil","BIOLOGICAL_STRUCTURE","C0040421","9"
"C0040423","Tonsillectomy","THERAPEUTIC_PROCEDURE","C0040423","2"
"C0040429","Apex of tooth","BIOLOGICAL_STRUCTURE","C0040429","1"
"C0040519","Tourniquets","THERAPEUTIC_PROCEDURE","C0040519","2"
"C0040541","Toxicology","NONBIOLOGICAL_LOCATION","C0040541","1"
"C0040578","Trachea","BIOLOGICAL_STRUCTURE","C0040578","1"
"C0040590","Tracheostomy procedure","BIOLOGICAL_STRUCTURE","C0040590","2"
"C0040607","Training Programs","THERAPEUTIC_PROCEDURE","C0040607","1"
"C0040615","Antipsychotic Agents","MEDICATION","C0040615","2"
"C0040704","Transient Population Group","DETAILED_DESCRIPTION","C0040704","1"
"C0040732","Transplantation","THERAPEUTIC_PROCEDURE","C0040732","6"
"C0040771","Transurethral Resection of Prostate","THERAPEUTIC_PROCEDURE","C0040771","4"
"C0040822","Tremor","SIGN_SYMPTOM","C0040822","2"
"C0040960","Tricuspid valve structure","BIOLOGICAL_STRUCTURE","C0040960","1"
"C0040961","Tricuspid Valve Insufficiency","SIGN_SYMPTOM","C0040961","6"
"C0041004","Triglycerides","LAB_VALUE","C0041004","1"
"C0041159","Trochlear nerve structure","BIOLOGICAL_STRUCTURE","C0041159","2"
"C0041199","Troponin","SIGN_SYMPTOM","C0041199","2"
"C0041296","Tuberculosis","DIAGNOSTIC_PROCEDURE","C0041296","7"
"C0041341","Tuberous Sclerosis","DISEASE_DISORDER","C0041341","1"
"C0041364","Tumor Lysis Syndrome","DISEASE_DISORDER","C0041364","1"
"C0041365","Tumor Markers","DIAGNOSTIC_PROCEDURE","C0041365","2"
"C0041445","Tympanic membrane structure","BIOLOGICAL_STRUCTURE","C0041445","2"
"C0041582","Ulcer","SIGN_SYMPTOM","C0041582","5"
"C0041618","Ultrasonography","DIAGNOSTIC_PROCEDURE","C0041618","26"
"C0041654","Unconscious Personality Factor","SIGN_SYMPTOM","C0041654","3"
"C0041657","Unconscious State","SIGN_SYMPTOM","C0041657","5"
"C0041834","Erythema","SIGN_SYMPTOM","C0041834","2"
"C0041912","Upper Respiratory Infections","DISEASE_DISORDER","C0041912","1"
"C0042014","Urinalysis","DIAGNOSTIC_PROCEDURE","C0042014","2"
"C0042019","Urinary Catheterization","THERAPEUTIC_PROCEDURE","C0042019","6"
"C0042024","Urinary Incontinence","SIGN_SYMPTOM","C0042024","1"
"C0042029","Urinary tract infection","DISEASE_DISORDER","C0042029","1"
"C0042036","Urine","BIOLOGICAL_STRUCTURE","C0042036","4"
"C0042059","Urodynamics","NONBIOLOGICAL_LOCATION","C0042059","1"
"C0042173","Uvula of palate","BIOLOGICAL_STRUCTURE","C0042173","1"
"C0042196","Vaccination","THERAPEUTIC_PROCEDURE","C0042196","3"
"C0042200","Influenza vaccination","THERAPEUTIC_PROCEDURE","C0042200","2"
"C0042276","Vagus nerve structure","BIOLOGICAL_STRUCTURE","C0042276","2"
"C0042291","valproic acid","BIOLOGICAL_STRUCTURE","C0042291","1"
"C0042313","vancomycin","MEDICATION","C0042313","5"
"C0042373","Vascular Diseases","NONBIOLOGICAL_LOCATION","C0042373","1"
"C0042381","Vascular Surgical Procedures","NONBIOLOGICAL_LOCATION","C0042381","4"
"C0042420","Vasovagal syncope","DISEASE_DISORDER","C0042420","3"
"C0042449","Veins","BIOLOGICAL_STRUCTURE","C0042449","4"
"C0042458","Inferior vena cava structure","BIOLOGICAL_STRUCTURE","C0042458","3"
"C0042491","Environmental air flow","THERAPEUTIC_PROCEDURE","C0042491","4"
"C0042510","Ventricular Fibrillation","DISEASE_DISORDER","C0042510","3"
"C0042514","Tachycardia, Ventricular","DISEASE_DISORDER","C0042514","2"
"C0042682","vindesine","DISEASE_DISORDER","C0042682","1"
"C0042779","Viscera","BIOLOGICAL_STRUCTURE","C0042779","3"
"C0042845","vitamin B12","MEDICATION","C0042845","3"
"C0042930","Vocal cord structure","BIOLOGICAL_STRUCTURE","C0042930","1"
"C0042963","Vomiting","SIGN_SYMPTOM","C0042963","2"
"C0043047","water","MEDICATION","C0043047","1"
"C0043094","Weight Gain","SIGN_SYMPTOM","C0043094","3"
"C0043144","Wheezing","SIGN_SYMPTOM","C0043144","1"
"C0043240","Wound Healing","OUTCOME","C0043240","1"
"C0043242","Superficial abrasion","SIGN_SYMPTOM","C0043242","1"
"C0043250","Injury wounds","DISEASE_DISORDER","C0043250","10"
"C0043251","Wounds and Injuries","DISEASE_DISORDER","C0043251","1"
"C0043299","Diagnostic radiologic examination","DIAGNOSTIC_PROCEDURE","C0043299","1"
"C0046056","fluorodeoxyglucose F18","MEDICATION","C0046056","2"
"C0054836","carvedilol","MEDICATION","C0054836","2"
"C0054966","CD59 Antigen","THERAPEUTIC_PROCEDURE","C0054966","1"
"C0055633","Chromogranin A","DIAGNOSTIC_PROCEDURE","C0055633","2"
"C0058928","ECHO protocol","DIAGNOSTIC_PROCEDURE","C0058928","10"
"C0060627","FOM protocol","BIOLOGICAL_STRUCTURE","C0060627","1"
"C0061355","Glucagon-Like Peptide 1","MEDICATION","C0061355","1"
"C0063083","Hydrogel","MEDICATION","C0063083","1"
"C0072027","procalcitonin","DIAGNOSTIC_PROCEDURE","C0072027","3"
"C0072523","TFF1 protein, human","LAB_VALUE","C0072523","1"
"C0074830","Somatostatin Receptor","BIOLOGICAL_STRUCTURE","C0074830","1"
"C0075870","tazobactam","MEDICATION","C0075870","1"
"C0076840","torsemide","MEDICATION","C0076840","2"
"C0078414","cisplatin/etoposide protocol","MEDICATION","C0078414","1"
"C0079083","carboplatin","MEDICATION","C0079083","1"
"C0079459","Granulocyte Colony-Stimulating Factor","MEDICATION","C0079459","1"
"C0079611","Immunophenotyping","DIAGNOSTIC_PROCEDURE","C0079611","1"
"C0079740","High Grade Lymphoma (neoplasm)","DISEASE_DISORDER","C0079740","1"
"C0079744","Diffuse Large B-Cell Lymphoma","DISEASE_DISORDER","C0079744","1"
"C0080078","Range of Motion, Articular","BIOLOGICAL_ATTRIBUTE","C0080078","1"
"C0080264","Ultrasonography, Mammary","DIAGNOSTIC_PROCEDURE","C0080264","7"
"C0080274","Urinary Retention","SIGN_SYMPTOM","C0080274","3"
"C0080331","Walking (activity)","ACTIVITY","C0080331","5"
"C0085089","Morphologic artifacts","SIGN_SYMPTOM","C0085089","12"
"C0085134","Cessation of smoking","THERAPEUTIC_PROCEDURE","C0085134","1"
"C0085220","Cerebral Amyloid Angiopathy","DISEASE_DISORDER","C0085220","2"
"C0085255","Synaptophysin","DIAGNOSTIC_PROCEDURE","C0085255","2"
"C0085268","Bone remodeling","OUTCOME","C0085268","3"
"C0085281","Addictive Behavior","DISEASE_DISORDER","C0085281","8"
"C0085405","Salvage Therapy","THERAPEUTIC_PROCEDURE","C0085405","1"
"C0085427","Tibial Arteries","BIOLOGICAL_STRUCTURE","C0085427","2"
"C0085495","Enterococcus faecium","DISEASE_DISORDER","C0085495","1"
"C0085515","Rotator Cuff","BIOLOGICAL_STRUCTURE","C0085515","1"
"C0085532","Coronary angiography","DIAGNOSTIC_PROCEDURE","C0085532","8"
"C0085533","Chemotherapy, Adjuvant","THERAPEUTIC_PROCEDURE","C0085533","1"
"C0085555","Hospice Care","THERAPEUTIC_PROCEDURE","C0085555","3"
"C0085577","Normocytic anemia","DISEASE_DISORDER","C0085577","2"
"C0085593","Chills","SIGN_SYMPTOM","C0085593","1"
"C0085605","Liver Failure","DISEASE_DISORDER","C0085605","1"
"C0085612","Ventricular arrhythmia","DISEASE_DISORDER","C0085612","1"
"C0085614","First degree atrioventricular block","DISEASE_DISORDER","C0085614","1"
"C0085615","Right bundle branch block","DISEASE_DISORDER","C0085615","1"
"C0085623","Akinesia","SIGN_SYMPTOM","C0085623","1"
"C0085631","Agitation","SIGN_SYMPTOM","C0085631","2"
"C0085649","Peripheral edema","SIGN_SYMPTOM","C0085649","2"
"C0085671","Dressing change","THERAPEUTIC_PROCEDURE","C0085671","6"
"C0085678","Nasogastric tube","ADMINISTRATION","C0085678","4"
"C0085806","Andrology","NONBIOLOGICAL_LOCATION","C0085806","1"
"C0085846","Fine-needle biopsy","DIAGNOSTIC_PROCEDURE","C0085846","13"
"C0086143","Diagnostic tests","NONBIOLOGICAL_LOCATION","C0086143","2"
"C0086225","Enteral Feeding","THERAPEUTIC_PROCEDURE","C0086225","1"
"C0086437","Joint laxity","SIGN_SYMPTOM","C0086437","1"
"C0086881","Pulp Canals","BIOLOGICAL_STRUCTURE","C0086881","1"
"C0087086","Thrombus","DISEASE_DISORDER","C0087086","6"
"C0087111","Therapeutic procedure","DOSAGE","C0087111","2"
"C0087130","Uncertainty","SIGN_SYMPTOM","C0087130","1"
"C0122734","Bandages, Hydrocolloid","THERAPEUTIC_PROCEDURE","C0122734","1"
"C0132897","Novoscabin","MEDICATION","C0132897","2"
"C0138741","Prostate-Specific Antigen","DIAGNOSTIC_PROCEDURE","C0138741","1"
"C0140145","APEX1 protein, human","BIOLOGICAL_STRUCTURE","C0140145","7"
"C0144576","paclitaxel","MEDICATION","C0144576","1"
"C0149512","Acute sinusitis","DISEASE_DISORDER","C0149512","1"
"C0149543","Base of skull structure","BIOLOGICAL_STRUCTURE","C0149543","2"
"C0149556","Fourth ventricle structure","BIOLOGICAL_STRUCTURE","C0149556","1"
"C0149601","Structure of conus medullaris","BIOLOGICAL_STRUCTURE","C0149601","1"
"C0149630","Bicuspid aortic valve","DISEASE_DISORDER","C0149630","2"
"C0149783","Steroid therapy","MEDICATION","C0149783","1"
"C0149871","Deep Vein Thrombosis","DISEASE_DISORDER","C0149871","1"
"C0149925","Small cell carcinoma of lung","DISEASE_DISORDER","C0149925","2"
"C0150369","Preventive monitoring","DIAGNOSTIC_PROCEDURE","C0150369","5"
"C0150694","Artificial Airways, Oropharyngeal","THERAPEUTIC_PROCEDURE","C0150694","2"
"C0151514","Atrophic condition of skin","SIGN_SYMPTOM","C0151514","3"
"C0151636","Premature ventricular contractions","SIGN_SYMPTOM","C0151636","3"
"C0151664","Gastrointestinal perforation","DISEASE_DISORDER","C0151664","1"
"C0151740","Intracranial Hypertension","SIGN_SYMPTOM","C0151740","1"
"C0151825","Bone pain","SIGN_SYMPTOM","C0151825","2"
"C0151878","Prolonged QT interval","DIAGNOSTIC_PROCEDURE","C0151878","3"
"C0151936","Disorder of tendon","DISEASE_DISORDER","C0151936","1"
"C0152279","Lateral ventricle structure","BIOLOGICAL_STRUCTURE","C0152279","1"
"C0152287","Lateral aperture of fourth ventricle","BIOLOGICAL_STRUCTURE","C0152287","1"
"C0152424","Common ventricle","BIOLOGICAL_STRUCTURE","C0152424","2"
"C0152452","Fibrosis of pericardium","DISEASE_DISORDER","C0152452","1"
"C0153436","Malignant neoplasm of sigmoid colon","DISEASE_DISORDER","C0153436","2"
"C0153687","Secondary malignant neoplasm of skin","DISEASE_DISORDER","C0153687","1"
"C0153690","Secondary malignant neoplasm of bone","DISEASE_DISORDER","C0153690","1"
"C0162119","Hemoglobin low","SIGN_SYMPTOM","C0162119","2"
"C0162326","DNA Sequence","DIAGNOSTIC_PROCEDURE","C0162326","1"
"C0162429","Malnutrition","DISEASE_DISORDER","C0162429","2"
"C0162481","Doppler Ultrasound (procedure)","DIAGNOSTIC_PROCEDURE","C0162481","5"
"C0162534","Prion Diseases","DIAGNOSTIC_PROCEDURE","C0162534","1"
"C0162577","Angioplasty","THERAPEUTIC_PROCEDURE","C0162577","2"
"C0162701","Polysomnography","DIAGNOSTIC_PROCEDURE","C0162701","7"
"C0162871","Aortic Aneurysm, Abdominal","DISEASE_DISORDER","C0162871","1"
"C0175566","Open","THERAPEUTIC_PROCEDURE","C0175566","2"
"C0175649","Prosthesis","OTHER_ENTITY","C0175649","1"
"C0175730","biomedical tube device","OTHER_ENTITY","C0175730","1"
"C0175895","Calcified (qualifier)","SIGN_SYMPTOM","C0175895","1"
"C0178499","Base","BIOLOGICAL_STRUCTURE","C0178499","2"
"C0178587","density","SIGN_SYMPTOM","C0178587","1"
"C0178602","Dosage","DOSAGE","C0178602","2"
"C0178733","Loudness","SIGN_SYMPTOM","C0178733","2"
"C0178784","Organ","BIOLOGICAL_STRUCTURE","C0178784","1"
"C0178802","Pleural cavity","BIOLOGICAL_STRUCTURE","C0178802","2"
"C0178987","Artificial Airways","BIOLOGICAL_STRUCTURE","C0178987","8"
"C0179031","Ampule","DOSAGE","C0179031","1"
"C0179196","Bag, device","OTHER_ENTITY","C0179196","2"
"C0179419","Breathing bag","OTHER_ENTITY","C0179419","1"
"C0179740","Peripherally inserted central catheter (physical object)","THERAPEUTIC_PROCEDURE","C0179740","1"
"C0180053","Compresses (device)","THERAPEUTIC_PROCEDURE","C0180053","7"
"C0180407","Dialysis units (machines)","NONBIOLOGICAL_LOCATION","C0180407","3"
"C0180453","Laryngoscopes","DIAGNOSTIC_PROCEDURE","C0180453","3"
"C0180499","Drain device","THERAPEUTIC_PROCEDURE","C0180499","1"
"C0180823","Orthodontic Face Mask","ADMINISTRATION","C0180823","1"
"C0180860","Filters","OTHER_ENTITY","C0180860","2"
"C0181162","Cushions, Heel Stirrup","THERAPEUTIC_PROCEDURE","C0181162","1"
"C0181278","Halo brace","SIGN_SYMPTOM","C0181278","1"
"C0181633","Light source","SIGN_SYMPTOM","C0181633","1"
"C0181763","Massage Machines, Physical Therapy","THERAPEUTIC_PROCEDURE","C0181763","1"
"C0181904","Monitor Device","DIAGNOSTIC_PROCEDURE","C0181904","1"
"C0182349","Positron emission tomography unit","NONBIOLOGICAL_LOCATION","C0182349","1"
"C0182370","Esophageal manometer","DIAGNOSTIC_PROCEDURE","C0182370","2"
"C0182537","pump (device)","ADMINISTRATION","C0182537","1"
"C0183129","Echocardiographs","DIAGNOSTIC_PROCEDURE","C0183129","2"
"C0183512","Biliary Stent Devices","THERAPEUTIC_PROCEDURE","C0183512","1"
"C0183663","Stylet, device","OTHER_ENTITY","C0183663","1"
"C0183753","Swab specimen","DIAGNOSTIC_PROCEDURE","C0183753","1"
"C0183828","Biomedical tape","MEDICATION","C0183828","1"
"C0184159","Tracheostomy tube","BIOLOGICAL_STRUCTURE","C0184159","1"
"C0184228","Analyzers, Laboratory, Urine, Automated","DIAGNOSTIC_PROCEDURE","C0184228","1"
"C0184252","Medical Valves","BIOLOGICAL_STRUCTURE","C0184252","12"
"C0184348","Warmer, device","SIGN_SYMPTOM","C0184348","1"
"C0184633","Oxygen Therapy Care","THERAPEUTIC_PROCEDURE","C0184633","7"
"C0184645","Mental health promotion","NONBIOLOGICAL_LOCATION","C0184645","1"
"C0184661","Interventional procedure","THERAPEUTIC_PROCEDURE","C0184661","24"
"C0184666","Hospital admission","CLINICAL_EVENT","C0184666","31"
"C0184908","Partial excision","THERAPEUTIC_PROCEDURE","C0184908","1"
"C0184909","Wedge resection - action","THERAPEUTIC_PROCEDURE","C0184909","1"
"C0184915","Radical amputation","THERAPEUTIC_PROCEDURE","C0184915","1"
"C0184922","Incisional biopsy - action","DIAGNOSTIC_PROCEDURE","C0184922","1"
"C0184936","Removal of sutures","THERAPEUTIC_PROCEDURE","C0184936","1"
"C0185003","Reparative closure","THERAPEUTIC_PROCEDURE","C0185003","7"
"C0189476","Insertion of pleural tube drain","THERAPEUTIC_PROCEDURE","C0189476","1"
"C0189477","Thoracentesis","THERAPEUTIC_PROCEDURE","C0189477","3"
"C0189557","Pleurodesis","THERAPEUTIC_PROCEDURE","C0189557","1"
"C0191234","Pericardiocentesis","THERAPEUTIC_PROCEDURE","C0191234","1"
"C0191237","Drainage of pericardium","THERAPEUTIC_PROCEDURE","C0191237","1"
"C0192153","Partial glossectomy (procedure)","THERAPEUTIC_PROCEDURE","C0192153","2"
"C0192220","Partial pharyngectomy","THERAPEUTIC_PROCEDURE","C0192220","2"
"C0192861","Right colectomy","THERAPEUTIC_PROCEDURE","C0192861","1"
"C0193062","Rectum excision (procedure)","THERAPEUTIC_PROCEDURE","C0193062","3"
"C0193317","Parotidectomy","THERAPEUTIC_PROCEDURE","C0193317","8"
"C0193318","Complete parotidectomy","THERAPEUTIC_PROCEDURE","C0193318","2"
"C0193790","Subtotal thyroidectomy","THERAPEUTIC_PROCEDURE","C0193790","2"
"C0193864","Modified radical neck dissection (procedure)","THERAPEUTIC_PROCEDURE","C0193864","1"
"C0194086","Partial nephrectomy","THERAPEUTIC_PROCEDURE","C0194086","1"
"C0199176","Prophylactic treatment","THERAPEUTIC_PROCEDURE","C0199176","2"
"C0199230","Screening for cancer","DIAGNOSTIC_PROCEDURE","C0199230","1"
"C0199242","Administration of prophylactic anticoagulant","THERAPEUTIC_PROCEDURE","C0199242","2"
"C0199470","Mechanical ventilation","THERAPEUTIC_PROCEDURE","C0199470","1"
"C0199529","Pulmonary rehabilitation (procedure)","NONBIOLOGICAL_LOCATION","C0199529","2"
"C0199900","Rectal examination","DIAGNOSTIC_PROCEDURE","C0199900","1"
"C0200345","Specimen Collection","NONBIOLOGICAL_LOCATION","C0200345","1"
"C0200354","Urine Specimen Collection","DIAGNOSTIC_PROCEDURE","C0200354","1"
"C0200949","Blood culture","DIAGNOSTIC_PROCEDURE","C0200949","2"
"C0201544","Prostate specific antigen measurement","DIAGNOSTIC_PROCEDURE","C0201544","1"
"C0201719","Protein electrophoresis","DIAGNOSTIC_PROCEDURE","C0201719","4"
"C0202024","Free thyroxine index test","DIAGNOSTIC_PROCEDURE","C0202024","1"
"C0202657","CT follow-up","DIAGNOSTIC_PROCEDURE","C0202657","1"
"C0202823","Chest CT","DIAGNOSTIC_PROCEDURE","C0202823","1"
"C0203028","Screening mammography","DIAGNOSTIC_PROCEDURE","C0203028","1"
"C0203668","Radioisotope scan of bone","DIAGNOSTIC_PROCEDURE","C0203668","2"
"C0204096","Neurological Rehabilitation","NONBIOLOGICAL_LOCATION","C0204096","1"
"C0204512","Psychiatric Rehabilitation","NONBIOLOGICAL_LOCATION","C0204512","2"
"C0204695","Feeding patient","THERAPEUTIC_PROCEDURE","C0204695","2"
"C0204727","Isolation procedure","THERAPEUTIC_PROCEDURE","C0204727","3"
"C0204819","Intubation, Nasogastric","THERAPEUTIC_PROCEDURE","C0204819","1"
"C0204977","Home care of patient","THERAPEUTIC_PROCEDURE","C0204977","3"
"C0205042","Coronary artery","BIOLOGICAL_STRUCTURE","C0205042","5"
"C0205052","rectal","BIOLOGICAL_STRUCTURE","C0205052","1"
"C0205081","Moderate (severity modifier)","SEVERITY","C0205081","21"
"C0205082","Severe (severity modifier)","SEVERITY","C0205082","15"
"C0205090","Right","AREA","C0205090","33"
"C0205091","Left","AREA","C0205091","29"
"C0205094","Anterior","AREA","C0205094","2"
"C0205099","Central","DETAILED_DESCRIPTION","C0205099","3"
"C0205100","Peripheral","BIOLOGICAL_STRUCTURE","C0205100","2"
"C0205101","Extrinsic","NONBIOLOGICAL_LOCATION","C0205101","3"
"C0205102","Internal","SIGN_SYMPTOM","C0205102","1"
"C0205108","Distal (qualifier value)","AREA","C0205108","1"
"C0205113","Circumferential","SHAPE","C0205113","1"
"C0205122","Segmental","BIOLOGICAL_STRUCTURE","C0205122","1"
"C0205124","Superficial","DETAILED_DESCRIPTION","C0205124","2"
"C0205125","Deep (qualifier value)","SEVERITY","C0205125","3"
"C0205130","Arcuate shape","SHAPE","C0205130","1"
"C0205146","Area","SIGN_SYMPTOM","C0205146","2"
"C0205154","Along edge (qualifier value)","BIOLOGICAL_STRUCTURE","C0205154","2"
"C0205160","Negative","LAB_VALUE","C0205160","5"
"C0205163","Equal","DETAILED_DESCRIPTION","C0205163","1"
"C0205170","Good","OUTCOME","C0205170","1"
"C0205178","acute","SEVERITY","C0205178","1"
"C0205179","Advanced phase","SEVERITY","C0205179","2"
"C0205183","Benign","QUALITATIVE_CONCEPT","C0205183","3"
"C0205197","Complete","SEVERITY","C0205197","2"
"C0205208","Solid","DETAILED_DESCRIPTION","C0205208","11"
"C0205217","Increased","SIGN_SYMPTOM","C0205217","4"
"C0205219","Diffuse","DETAILED_DESCRIPTION","C0205219","1"
"C0205221","Disseminated","DISEASE_DISORDER","C0205221","4"
"C0205225","Primary","DISEASE_DISORDER","C0205225","1"
"C0205231","Extensive","SEVERITY","C0205231","5"
"C0205233","Firm","TEXTURE","C0205233","3"
"C0205234","Focal","SIGN_SYMPTOM","C0205234","24"
"C0205250","High","SIGN_SYMPTOM","C0205250","1"
"C0205251","low","LAB_VALUE","C0205251","3"
"C0205271","Irregular","SHAPE","C0205271","1"
"C0205272","Regular","FREQUENCY","C0205272","3"
"C0205276","Local","LAB_VALUE","C0205276","1"
"C0205284","Marginal","AREA","C0205284","2"
"C0205307","Normal","LAB_VALUE","C0205307","4"
"C0205321","Penetration","SIGN_SYMPTOM","C0205321","1"
"C0205329","Progressive","DETAILED_DESCRIPTION","C0205329","1"
"C0205332","Reactive","DETAILED_DESCRIPTION","C0205332","11"
"C0205357","Smooth","SHAPE","C0205357","4"
"C0205358","Soft","TEXTURE","C0205358","2"
"C0205360","Stable status","DETAILED_DESCRIPTION","C0205360","5"
"C0205374","Transitory","DURATION","C0205374","1"
"C0205400","Thickened","SIGN_SYMPTOM","C0205400","6"
"C0205402","Prominent","SIGN_SYMPTOM","C0205402","1"
"C0205403","Extreme","SEVERITY","C0205403","1"
"C0205447","One","DOSAGE","C0205447","3"
"C0205448","Two","DOSAGE","C0205448","8"
"C0205449","Three","QUANTITATIVE_CONCEPT","C0205449","4"
"C0205450","Four","QUANTITATIVE_CONCEPT","C0205450","2"
"C0205454","Eight","LAB_VALUE","C0205454","3"
"C0205455","Nine","QUANTITATIVE_CONCEPT","C0205455","2"
"C0205456","Ten","DOSAGE","C0205456","4"
"C0205458","Twelve","DOSAGE","C0205458","2"
"C0205463","Physiological","DETAILED_DESCRIPTION","C0205463","2"
"C0205480","Gynecologic","DIAGNOSTIC_PROCEDURE","C0205480","2"
"C0205489","Dermatologic","DIAGNOSTIC_PROCEDURE","C0205489","2"
"C0205543","Referring","CLINICAL_EVENT","C0205543","331"
"C0205615","Well Differentiated","SEVERITY","C0205615","5"
"C0205616","Moderately differentiated (qualifier value)","LAB_VALUE","C0205616","2"
"C0205617","Poorly differentiated","SEVERITY","C0205617","4"
"C0205618","Undifferentiated","SEVERITY","C0205618","1"
"C0205645","Adenocarcinoma, Tubular","DISEASE_DISORDER","C0205645","3"
"C0205646","Adenoma, Basal Cell","DISEASE_DISORDER","C0205646","1"
"C0205698","Undifferentiated carcinoma","DISEASE_DISORDER","C0205698","2"
"C0206054","Echocardiography, Transesophageal","DIAGNOSTIC_PROCEDURE","C0206054","1"
"C0206077","Ultrasonography, Doppler, Transcranial","DIAGNOSTIC_PROCEDURE","C0206077","1"
"C0206081","Hyperandrogenism","DISEASE_DISORDER","C0206081","1"
"C0206172","Diabetic Foot","NONBIOLOGICAL_LOCATION","C0206172","4"
"C0206630","Endometrial Stromal Sarcoma","THERAPEUTIC_PROCEDURE","C0206630","1"
"C0206685","Acinar Cell Carcinoma","DISEASE_DISORDER","C0206685","6"
"C0206713","Papilloma, Intraductal","DISEASE_DISORDER","C0206713","1"
"C0206754","Neuroendocrine Tumors","DISEASE_DISORDER","C0206754","1"
"C0220633","Uveal melanoma","DISEASE_DISORDER","C0220633","1"
"C0220647","Carcinoma of unknown primary","DISEASE_DISORDER","C0220647","1"
"C0220825","Evaluation","DIAGNOSTIC_PROCEDURE","C0220825","34"
"C0221099","Impaired","SIGN_SYMPTOM","C0221099","1"
"C0221198","Lesion","SIGN_SYMPTOM","C0221198","169"
"C0221204","Lytic lesion","SIGN_SYMPTOM","C0221204","2"
"C0221423","Illness (finding)","NONBIOLOGICAL_LOCATION","C0221423","2"
"C0222007","Structure of nail of toe","BIOLOGICAL_STRUCTURE","C0222007","1"
"C0222084","Skin structure of face","BIOLOGICAL_STRUCTURE","C0222084","1"
"C0222596","Upper inner quadrant of breast","AREA","C0222596","1"
"C0222597","Lower inner quadrant of breast","AREA","C0222597","1"
"C0222600","Right breast","BIOLOGICAL_STRUCTURE","C0222600","5"
"C0222601","Left breast","BIOLOGICAL_STRUCTURE","C0222601","5"
"C0222686","Structure of superior orbital fissure","BIOLOGICAL_STRUCTURE","C0222686","1"
"C0222687","Structure of foramen rotundum","BIOLOGICAL_STRUCTURE","C0222687","5"
"C0222712","Jugular foramen","BIOLOGICAL_STRUCTURE","C0222712","1"
"C0222715","Structure of stylomastoid foramen","BIOLOGICAL_STRUCTURE","C0222715","1"
"C0222724","Clivus","BIOLOGICAL_STRUCTURE","C0222724","3"
"C0223076","Structure of arch of vertebra","BIOLOGICAL_STRUCTURE","C0223076","1"
"C0223084","Body of vertebra","BIOLOGICAL_STRUCTURE","C0223084","17"
"C0223085","Structure of intervertebral foramen","BIOLOGICAL_STRUCTURE","C0223085","5"
"C0223088","Structure of intervertebral space","BIOLOGICAL_STRUCTURE","C0223088","3"
"C0223170","Body of sixth cervical vertebra","BIOLOGICAL_STRUCTURE","C0223170","1"
"C0223646","Structure of posterior superior iliac spine","BIOLOGICAL_STRUCTURE","C0223646","2"
"C0223656","Ischial tuberosity structure","BIOLOGICAL_STRUCTURE","C0223656","1"
"C0224134","Levator palpebrae superioris structure","BIOLOGICAL_STRUCTURE","C0224134","1"
"C0224153","Structure of sternocleidomastoid muscle","BIOLOGICAL_STRUCTURE","C0224153","2"
"C0224159","Structure of mylohyoid muscle","BIOLOGICAL_STRUCTURE","C0224159","1"
"C0224231","Structure of teres minor muscle","BIOLOGICAL_STRUCTURE","C0224231","1"
"C0224361","Structure of trapezius muscle","BIOLOGICAL_STRUCTURE","C0224361","3"
"C0224384","Structure of levator ani muscle","BIOLOGICAL_STRUCTURE","C0224384","1"
"C0224792","Structure of subacromial bursa","BIOLOGICAL_STRUCTURE","C0224792","1"
"C0224795","Structure of bursa of coracobrachialis muscle","BIOLOGICAL_STRUCTURE","C0224795","1"
"C0224868","Tendon of supraspinatus muscle","BIOLOGICAL_STRUCTURE","C0224868","2"
"C0225317","soft tissue","BIOLOGICAL_STRUCTURE","C0225317","1"
"C0225331","Fibrous tissue","BIOLOGICAL_STRUCTURE","C0225331","2"
"C0225358","Bladder Detrusor Muscle","BIOLOGICAL_STRUCTURE","C0225358","2"
"C0225377","Structure of upper respiratory tract cavity","BIOLOGICAL_STRUCTURE","C0225377","1"
"C0225386","Breath","THERAPEUTIC_PROCEDURE","C0225386","10"
"C0225434","Inferior nasal concha","BIOLOGICAL_STRUCTURE","C0225434","2"
"C0225452","Right maxillary sinus structure","BIOLOGICAL_STRUCTURE","C0225452","6"
"C0225453","Left maxillary sinus structure","BIOLOGICAL_STRUCTURE","C0225453","4"
"C0225460","Right frontal sinus structure","BIOLOGICAL_STRUCTURE","C0225460","1"
"C0225492","Superior wall of nasopharynx","BIOLOGICAL_STRUCTURE","C0225492","1"
"C0225630","Left main bronchus structure","BIOLOGICAL_STRUCTURE","C0225630","1"
"C0225703","Structure of apex of lung","BIOLOGICAL_STRUCTURE","C0225703","2"
"C0225704","Basal segment of lung","BIOLOGICAL_STRUCTURE","C0225704","1"
"C0225705","Bronchopulmonary segment","BIOLOGICAL_STRUCTURE","C0225705","4"
"C0225706","Right lung","BIOLOGICAL_STRUCTURE","C0225706","11"
"C0225709","Right pulmonary hilum","BIOLOGICAL_STRUCTURE","C0225709","1"
"C0225730","Left lung","BIOLOGICAL_STRUCTURE","C0225730","6"
"C0225732","Structure of base of left lung","AREA","C0225732","1"
"C0225759","Lung field","BIOLOGICAL_STRUCTURE","C0225759","2"
"C0225778","Pleural fluid","SIGN_SYMPTOM","C0225778","2"
"C0225779","Right pleura","BIOLOGICAL_STRUCTURE","C0225779","2"
"C0225782","Structure of right pleural cavity","BIOLOGICAL_STRUCTURE","C0225782","7"
"C0225784","Left pleura","BIOLOGICAL_STRUCTURE","C0225784","2"
"C0225836","Interatrial septum","BIOLOGICAL_STRUCTURE","C0225836","9"
"C0225844","Right atrial structure","BIOLOGICAL_STRUCTURE","C0225844","6"
"C0225857","Structure of intercaval sinus","BIOLOGICAL_STRUCTURE","C0225857","2"
"C0225860","Left atrial structure","BIOLOGICAL_STRUCTURE","C0225860","4"
"C0225870","Ventricular septum","BIOLOGICAL_STRUCTURE","C0225870","8"
"C0225872","Structure of membranous portion of interventricular septum","BIOLOGICAL_STRUCTURE","C0225872","1"
"C0225883","Right ventricular structure","BIOLOGICAL_STRUCTURE","C0225883","13"
"C0225892","Structure of outflow tract of right ventricle","BIOLOGICAL_STRUCTURE","C0225892","1"
"C0225897","Left ventricular structure","BIOLOGICAL_STRUCTURE","C0225897","4"
"C0225899","Myocardium of left ventricle","BIOLOGICAL_STRUCTURE","C0225899","4"
"C0225924","Atrioventricular valve","BIOLOGICAL_STRUCTURE","C0225924","4"
"C0225947","Structure of anulus fibrosus of mitral orifice","BIOLOGICAL_STRUCTURE","C0225947","1"
"C0225949","Leaflet of mitral valve","BIOLOGICAL_STRUCTURE","C0225949","3"
"C0225950","Structure of anterior leaflet of mitral valve","BIOLOGICAL_STRUCTURE","C0225950","1"
"C0225957","Structure of anulus fibrosus of aorta","BIOLOGICAL_STRUCTURE","C0225957","3"
"C0225983","Structure of perivascular space","BIOLOGICAL_STRUCTURE","C0225983","1"
"C0226019","Structure of aortic isthmus","BIOLOGICAL_STRUCTURE","C0226019","1"
"C0226054","Right pulmonary artery","BIOLOGICAL_STRUCTURE","C0226054","5"
"C0226069","Left pulmonary artery","BIOLOGICAL_STRUCTURE","C0226069","4"
"C0226087","Left common carotid artery structure","BIOLOGICAL_STRUCTURE","C0226087","1"
"C0226156","Structure of right internal carotid artery","BIOLOGICAL_STRUCTURE","C0226156","6"
"C0226262","Structure of left subclavian artery","BIOLOGICAL_STRUCTURE","C0226262","2"
"C0226550","Internal jugular vein structure","BIOLOGICAL_STRUCTURE","C0226550","3"
"C0226717","Structure of suprarenal vein","BIOLOGICAL_STRUCTURE","C0226717","1"
"C0226864","Structure of transverse sinus","BIOLOGICAL_STRUCTURE","C0226864","1"
"C0226865","Structure of sigmoid sinus","BIOLOGICAL_STRUCTURE","C0226865","2"
"C0226896","Oral cavity","ADMINISTRATION","C0226896","16"
"C0226920","Structure of retromolar area of mouth","BIOLOGICAL_STRUCTURE","C0226920","2"
"C0226958","Root of tongue","BIOLOGICAL_STRUCTURE","C0226958","8"
"C0227052","Maxillary left second molar","DISTANCE","C0227052","3"
"C0227059","Mandibular left second premolar tooth","DOSAGE","C0227059","12"
"C0227069","Mandibular right second premolar","DISTANCE","C0227069","1"
"C0227147","Structure of retropharyngeal area","BIOLOGICAL_STRUCTURE","C0227147","8"
"C0227148","Structure of lateral pharyngeal space","AREA","C0227148","6"
"C0227149","Pharyngeal wall","BIOLOGICAL_STRUCTURE","C0227149","2"
"C0227150","Dorsal pharyngeal wall structure","BIOLOGICAL_STRUCTURE","C0227150","2"
"C0227151","Structure of lateral pharyngeal wall","BIOLOGICAL_STRUCTURE","C0227151","1"
"C0227156","lateral wall of oropharynx","BIOLOGICAL_STRUCTURE","C0227156","1"
"C0227164","Structure of pharyngeal recess","BIOLOGICAL_STRUCTURE","C0227164","4"
"C0227170","Structure of piriform recess","BIOLOGICAL_STRUCTURE","C0227170","2"
"C0227375","Ascending colon","BIOLOGICAL_STRUCTURE","C0227375","2"
"C0227389","Descending colon","BIOLOGICAL_STRUCTURE","C0227389","1"
"C0227391","Sigmoid colon","BIOLOGICAL_STRUCTURE","C0227391","1"
"C0227404","Rectal ampulla","BIOLOGICAL_STRUCTURE","C0227404","1"
"C0227457","Structure of left parotid gland","BIOLOGICAL_STRUCTURE","C0227457","5"
"C0227465","Structure of right sublingual gland","BIOLOGICAL_STRUCTURE","C0227465","1"
"C0227470","Structure of right submaxillary gland","BIOLOGICAL_STRUCTURE","C0227470","6"
"C0227471","Structure of left submaxillary gland","BIOLOGICAL_STRUCTURE","C0227471","2"
"C0227481","Right lobe of liver","BIOLOGICAL_STRUCTURE","C0227481","6"
"C0227486","Left lobe of liver","BIOLOGICAL_STRUCTURE","C0227486","2"
"C0227614","Left kidney","BIOLOGICAL_STRUCTURE","C0227614","3"
"C0227622","Structure of renal segment","BIOLOGICAL_STRUCTURE","C0227622","2"
"C0227874","Structure of left ovary","BIOLOGICAL_STRUCTURE","C0227874","1"
"C0227963","Structure of capsule of prostate","BIOLOGICAL_STRUCTURE","C0227963","1"
"C0227970","Structure of lobe of prostate","BIOLOGICAL_STRUCTURE","C0227970","1"
"C0227991","Upper pole of testis","AREA","C0227991","3"
"C0227992","Structure of inferior pole of testis","BIOLOGICAL_STRUCTURE","C0227992","14"
"C0228067","Infratentorial brain structure","AREA","C0228067","1"
"C0228084","Nerve root structure","BIOLOGICAL_STRUCTURE","C0228084","1"
"C0228157","Periventricular white matter","BIOLOGICAL_STRUCTURE","C0228157","1"
"C0228174","Cerebral hemisphere structure (body structure)","BIOLOGICAL_STRUCTURE","C0228174","1"
"C0228175","Right cerebral hemisphere","BIOLOGICAL_STRUCTURE","C0228175","2"
"C0228176","Left cerebral hemisphere","BIOLOGICAL_STRUCTURE","C0228176","1"
"C0228194","Left frontal lobe structure","BIOLOGICAL_STRUCTURE","C0228194","3"
"C0228207","RIght parietal lobe structure","BIOLOGICAL_STRUCTURE","C0228207","1"
"C0228232","Right temporal lobe structure","BIOLOGICAL_STRUCTURE","C0228232","1"
"C0228233","Left temporal lobe structure","BIOLOGICAL_STRUCTURE","C0228233","1"
"C0228465","Cerebellar hemisphere structure","BIOLOGICAL_STRUCTURE","C0228465","1"
"C0228515","Cerebellar peduncle","BIOLOGICAL_STRUCTURE","C0228515","1"
"C0229090","Left eye structure","BIOLOGICAL_STRUCTURE","C0229090","1"
"C0229186","Structure of pupil of right eye","BIOLOGICAL_STRUCTURE","C0229186","2"
"C0229282","Left lacrimal gland structure","BIOLOGICAL_STRUCTURE","C0229282","2"
"C0229298","Right ear structure","BIOLOGICAL_STRUCTURE","C0229298","2"
"C0229299","Left ear structure","BIOLOGICAL_STRUCTURE","C0229299","1"
"C0229353","Right middle ear structure","BIOLOGICAL_STRUCTURE","C0229353","4"
"C0229354","Left middle ear structure","BIOLOGICAL_STRUCTURE","C0229354","1"
"C0229427","Pneumatic mastoid cell","BIOLOGICAL_STRUCTURE","C0229427","2"
"C0229433","Right Eustachian canal structure","BIOLOGICAL_STRUCTURE","C0229433","1"
"C0229560","Structure of left adrenal gland","BIOLOGICAL_STRUCTURE","C0229560","1"
"C0229581","Structure of right lobe of thyroid gland","BIOLOGICAL_STRUCTURE","C0229581","13"
"C0229582","Structure of left lobe of thyroid gland","BIOLOGICAL_STRUCTURE","C0229582","11"
"C0229584","Structure of pyramidal lobe of thyroid","BIOLOGICAL_STRUCTURE","C0229584","5"
"C0229664","peripheral blood","BIOLOGICAL_STRUCTURE","C0229664","2"
"C0229730","Structure of supraclavicular lymph node","BIOLOGICAL_STRUCTURE","C0229730","1"
"C0229737","Structure of retropharyngeal lymph node","BIOLOGICAL_STRUCTURE","C0229737","1"
"C0229749","Structure of intrapulmonary lymph node","BIOLOGICAL_STRUCTURE","C0229749","4"
"C0229867","Right faucial tonsil structure","BIOLOGICAL_STRUCTURE","C0229867","5"
"C0229868","Left faucial tonsil structure","BIOLOGICAL_STRUCTURE","C0229868","6"
"C0229871","Lingual tonsil","BIOLOGICAL_STRUCTURE","C0229871","2"
"C0229889","Lymphatic vessel","BIOLOGICAL_STRUCTURE","C0229889","2"
"C0229960","Entire body as a whole","AREA","C0229960","1"
"C0229985","Surgical margins","BIOLOGICAL_STRUCTURE","C0229985","1"
"C0230039","Structure of pterygopalatine fossa","BIOLOGICAL_STRUCTURE","C0230039","10"
"C0230091","Anterior axillary line","AREA","C0230091","1"
"C0230097","Structure of waist (surface region)","BIOLOGICAL_STRUCTURE","C0230097","1"
"C0230136","Structure of intercostal space","AREA","C0230136","1"
"C0230137","Structure of thoracic inlet","AREA","C0230137","2"
"C0230168","Abdominal Cavity","AREA","C0230168","2"
"C0230178","Structure of right lower quadrant of abdomen","AREA","C0230178","1"
"C0230180","Structure of left lower quadrant of abdomen","AREA","C0230180","1"
"C0230185","Epigastrium","AREA","C0230185","3"
"C0230329","Right upper extremity","BIOLOGICAL_STRUCTURE","C0230329","1"
"C0230330","Left upper extremity","BIOLOGICAL_STRUCTURE","C0230330","2"
"C0230337","Structure of right axillary region","BIOLOGICAL_STRUCTURE","C0230337","1"
"C0230338","Structure of left axillary region","AREA","C0230338","5"
"C0230346","Right upper arm structure","BIOLOGICAL_STRUCTURE","C0230346","3"
"C0230360","Structure of right forearm","BIOLOGICAL_STRUCTURE","C0230360","2"
"C0230415","Right lower extremity","BIOLOGICAL_STRUCTURE","C0230415","6"
"C0230416","Left lower extremity","AREA","C0230416","7"
"C0230425","Structure of right thigh","AREA","C0230425","1"
"C0230442","Structure of right lower leg","BIOLOGICAL_STRUCTURE","C0230442","1"
"C0230443","Structure of left lower leg","BIOLOGICAL_STRUCTURE","C0230443","5"
"C0230446","Both lower legs","AREA","C0230446","8"
"C0230460","Structure of right foot","BIOLOGICAL_STRUCTURE","C0230460","4"
"C0230461","Structure of left foot","BIOLOGICAL_STRUCTURE","C0230461","3"
"C0230463","Sole of Foot","AREA","C0230463","1"
"C0230467","Arch of foot","BIOLOGICAL_STRUCTURE","C0230467","1"
"C0230719","Z line","BIOLOGICAL_STRUCTURE","C0230719","1"
"C0231218","Malaise","SIGN_SYMPTOM","C0231218","3"
"C0231221","Asymptomatic (finding)","SIGN_SYMPTOM","C0231221","4"
"C0231448","Extension","DISEASE_DISORDER","C0231448","1"
"C0231472","Standing position","ACTIVITY","C0231472","1"
"C0231832","Respiratory rate","DIAGNOSTIC_PROCEDURE","C0231832","2"
"C0231857","Vesicular breathing","SIGN_SYMPTOM","C0231857","6"
"C0231923","Ventilated","THERAPEUTIC_PROCEDURE","C0231923","1"
"C0232119","Pulsus trigeminus","DISEASE_DISORDER","C0232119","2"
"C0232148","Femoral pulse","SIGN_SYMPTOM","C0232148","1"
"C0232180","Cardiac shunt","SIGN_SYMPTOM","C0232180","1"
"C0232201","Sinus rhythm","SIGN_SYMPTOM","C0232201","11"
"C0232257","Systolic Murmurs","SIGN_SYMPTOM","C0232257","1"
"C0232297","Left axis deviation","DISEASE_DISORDER","C0232297","2"
"C0232341","Increased vascular flow","SIGN_SYMPTOM","C0232341","3"
"C0232483","Reflux","SIGN_SYMPTOM","C0232483","1"
"C0232804","Renal function","DIAGNOSTIC_PROCEDURE","C0232804","2"
"C0233494","Tension","SIGN_SYMPTOM","C0233494","1"
"C0233574","Hyperkinetic","SIGN_SYMPTOM","C0233574","1"
"C0233794","Memory impairment","SIGN_SYMPTOM","C0233794","2"
"C0234222","Baresthesia","SIGN_SYMPTOM","C0234222","1"
"C0234234","Tender","SIGN_SYMPTOM","C0234234","2"
"C0234428","Disturbance of consciousness","SIGN_SYMPTOM","C0234428","1"
"C0235031","Neurologic Symptoms","SIGN_SYMPTOM","C0235031","2"
"C0235475","Wide QRS complex","DIAGNOSTIC_PROCEDURE","C0235475","3"
"C0235592","Cervical lymphadenopathy","SIGN_SYMPTOM","C0235592","2"
"C0236124","Gastrointestinal obstruction","DISEASE_DISORDER","C0236124","2"
"C0236663","Alcohol withdrawal syndrome","DISEASE_DISORDER","C0236663","2"
"C0237314","Irregular heart beat","SIGN_SYMPTOM","C0237314","1"
"C0237834","Resistance (Psychotherapeutic)","SIGN_SYMPTOM","C0237834","2"
"C0238463","Papillary thyroid carcinoma","DISEASE_DISORDER","C0238463","1"
"C0238767","Bilateral","DETAILED_DESCRIPTION","C0238767","8"
"C0238790","Bone destruction","SIGN_SYMPTOM","C0238790","2"
"C0239981","Hypoalbuminemia","DISEASE_DISORDER","C0239981","2"
"C0240526","Night time","TIME","C0240526","4"
"C0241158","Scar Tissue","SIGN_SYMPTOM","C0241158","5"
"C0241379","Increased thirst","SIGN_SYMPTOM","C0241379","1"
"C0241657","Abnormality of the vasculature","SIGN_SYMPTOM","C0241657","1"
"C0241816","Global brain atrophy","DISEASE_DISORDER","C0241816","1"
"C0241889","Family history (finding)","FAMILY_HISTORY","C0241889","3"
"C0242295","Dietary Supplements","MEDICATION","C0242295","2"
"C0242297","Dietary Supplementation","THERAPEUTIC_PROCEDURE","C0242297","3"
"C0242379","Malignant neoplasm of lung","DISEASE_DISORDER","C0242379","2"
"C0242422","Parkinsonian Disorders","DISEASE_DISORDER","C0242422","1"
"C0242503","Unequal","SIGN_SYMPTOM","C0242503","2"
"C0242633","T-helper cell type 2","BIOLOGICAL_STRUCTURE","C0242633","2"
"C0242656","Disease Progression","OUTCOME","C0242656","5"
"C0242821","Human body","AREA","C0242821","4"
"C0242939","Radiotherapy, Adjuvant","THERAPEUTIC_PROCEDURE","C0242939","6"
"C0243067","defects aspect","DISEASE_DISORDER","C0243067","1"
"C0243069","Hypoplasia","DISEASE_DISORDER","C0243069","1"
"C0243071","Analog","MEDICATION","C0243071","1"
"C0243140","Histopathological aspects","DIAGNOSTIC_PROCEDURE","C0243140","9"
"C0257685","zoledronic acid","MEDICATION","C0257685","1"
"C0260000","Secondary Metabolism","DISEASE_DISORDER","C0260000","2"
"C0262461","Eccentric visual fixation","SHAPE","C0262461","1"
"C0262587","Parathyroid Adenoma","DISEASE_DISORDER","C0262587","1"
"C0262662","Ventricular bigeminy","DISEASE_DISORDER","C0262662","2"
"C0262950","Skeletal bone","BIOLOGICAL_STRUCTURE","C0262950","4"
"C0263870","Narrowing of intervertebral disc space","SIGN_SYMPTOM","C0263870","1"
"C0264558","Tension Pneumothorax","DISEASE_DISORDER","C0264558","2"
"C0264716","Chronic heart failure","DISEASE_DISORDER","C0264716","1"
"C0264907","Mobitz type I incomplete atrioventricular block","DISEASE_DISORDER","C0264907","1"
"C0265761","Congenital laryngocele","DISEASE_DISORDER","C0265761","1"
"C0265898","Coronary artery fistula","DISEASE_DISORDER","C0265898","1"
"C0266111","Bifid tongue","SHAPE","C0266111","6"
"C0266283","Ectopic thyroid tissue (disorder)","BIOLOGICAL_STRUCTURE","C0266283","1"
"C0267466","Colonic Stenosis","SIGN_SYMPTOM","C0267466","1"
"C0268596","Multiple Acyl Coenzyme A Dehydrogenase Deficiency","DIAGNOSTIC_PROCEDURE","C0268596","2"
"C0274435","Transfusion Reaction","SIGN_SYMPTOM","C0274435","2"
"C0277814","Sitting position","ACTIVITY","C0277814","1"
"C0278314","Nephrostomy (procedure)","BIOLOGICAL_STRUCTURE","C0278314","1"
"C0278701","Gastric Adenocarcinoma","DISEASE_DISORDER","C0278701","1"
"C0279025","Hormone Therapy","THERAPEUTIC_PROCEDURE","C0279025","2"
"C0279077","Pediatric surgery specialty","NONBIOLOGICAL_LOCATION","C0279077","1"
"C0280592","doxorubicin/fluorouracil/mitomycin/vincristine protocol","MEDICATION","C0280592","1"
"C0281856","Generalized aches and pains","SIGN_SYMPTOM","C0281856","1"
"C0282046","Surgery, Day","THERAPEUTIC_PROCEDURE","C0282046","1"
"C0282222","Lubricants","THERAPEUTIC_PROCEDURE","C0282222","1"
"C0282281","Palliative Medicine","NONBIOLOGICAL_LOCATION","C0282281","2"
"C0282614","Acupressure (regime/therapy)","NONBIOLOGICAL_LOCATION","C0282614","1"
"C0285131","cisplatin/methotrexate/vinblastine protocol","DIAGNOSTIC_PROCEDURE","C0285131","2"
"C0293359","insulin lispro","MEDICATION","C0293359","1"
"C0302148","Blood Clot","DISEASE_DISORDER","C0302148","1"
"C0302276","Metanephrine measurement","DIAGNOSTIC_PROCEDURE","C0302276","2"
"C0302295","Eruptions","SIGN_SYMPTOM","C0302295","1"
"C0302313","Osteolytic lesion","DISEASE_DISORDER","C0302313","1"
"C0302353","Serum potassium measurement","LAB_VALUE","C0302353","2"
"C0302523","Observation in research","THERAPEUTIC_PROCEDURE","C0302523","15"
"C0302617","Radiographic-therapeutic unit device","NONBIOLOGICAL_LOCATION","C0302617","1"
"C0302836","Smoking tobacco","ACTIVITY","C0302836","1"
"C0302908","Liquid substance","MEDICATION","C0302908","43"
"C0309093","FLAIR (product)","DIAGNOSTIC_PROCEDURE","C0309093","1"
"C0310367","Today","DATE","C0310367","1"
"C0310370","Tomorrow","DATE","C0310370","3"
"C0311468","Increased bilirubin level (finding)","SIGN_SYMPTOM","C0311468","1"
"C0317568","Haemophilus parainfluenzae","OTHER_ENTITY","C0317568","1"
"C0332128","Examined","DIAGNOSTIC_PROCEDURE","C0332128","1"
"C0332152","Before","TIME","C0332152","1"
"C0332156","Return to (contextual qualifier) (qualifier value)","CLINICAL_EVENT","C0332156","1"
"C0332158","Contact with","CLINICAL_EVENT","C0332158","1"
"C0332170","Morning","TIME","C0332170","3"
"C0332173","Daily","FREQUENCY","C0332173","20"
"C0332174","Weekly","FREQUENCY","C0332174","1"
"C0332177","Monthly (qualifier value)","DURATION","C0332177","9"
"C0332181","Annual","FREQUENCY","C0332181","3"
"C0332182","Periodic","FREQUENCY","C0332182","1"
"C0332183","Frequently","FREQUENCY","C0332183","2"
"C0332185","Recent","TIME","C0332185","1"
"C0332232","Approximate","TIME","C0332232","36"
"C0332255","Fragment of (qualifier value)","BIOLOGICAL_STRUCTURE","C0332255","2"
"C0332260","Compressing (action)","THERAPEUTIC_PROCEDURE","C0332260","3"
"C0332271","Worsening pattern","SEVERITY","C0332271","1"
"C0332282","Following","DURATION","C0332282","2"
"C0332305","With staging","DIAGNOSTIC_PROCEDURE","C0332305","1"
"C0332326","Gleason Grading System","LAB_VALUE","C0332326","2"
"C0332437","Morphology","TEXTURE","C0332437","3"
"C0332448","Infiltration","SIGN_SYMPTOM","C0332448","19"
"C0332459","Compressed structure","THERAPEUTIC_PROCEDURE","C0332459","6"
"C0332463","Narrowed structure","SHAPE","C0332463","6"
"C0332464","Widening","SIGN_SYMPTOM","C0332464","5"
"C0332466","Fused structure","DISEASE_DISORDER","C0332466","1"
"C0332490","Round shape","SHAPE","C0332490","4"
"C0332514","Asymmetry (qualifier value)","DETAILED_DESCRIPTION","C0332514","3"
"C0332521","Collapse (morphologic abnormality)","SIGN_SYMPTOM","C0332521","2"
"C0332575","Redness","COLOR","C0332575","1"
"C0332585","Pink color","COLOR","C0332585","1"
"C0332686","First degree burn injury","SEVERITY","C0332686","3"
"C0332803","Surgical wound","SIGN_SYMPTOM","C0332803","1"
"C0332853","Anastomosis","BIOLOGICAL_STRUCTURE","C0332853","2"
"C0333067","deformed","SIGN_SYMPTOM","C0333067","2"
"C0333157","Colloid Cysts","DISEASE_DISORDER","C0333157","5"
"C0333164","Narrow","SIGN_SYMPTOM","C0333164","5"
"C0333343","Body cavities","BIOLOGICAL_STRUCTURE","C0333343","1"
"C0333348","Inflammatory","DISEASE_DISORDER","C0333348","27"
"C0333383","Acute and chronic inflammation","DISEASE_DISORDER","C0333383","1"
"C0333482","atherosclerotic","DISEASE_DISORDER","C0333482","1"
"C0333516","Tumor necrosis","DISEASE_DISORDER","C0333516","2"
"C0333641","Atrophic","SIGN_SYMPTOM","C0333641","3"
"C0333979","Secondary hyperplasia","DISEASE_DISORDER","C0333979","4"
"C0333983","Hyperplastic Polyp","DISEASE_DISORDER","C0333983","1"
"C0334001","Atypical adenomatous hyperplasia","DISEASE_DISORDER","C0334001","2"
"C0334044","Dysplasia","DISEASE_DISORDER","C0334044","4"
"C0334247","Squamous cell carcinoma, keratinizing","DISEASE_DISORDER","C0334247","1"
"C0334276","Adenocarcinoma in Situ","DISEASE_DISORDER","C0334276","1"
"C0334277","Adenocarcinoma, metastatic","DISEASE_DISORDER","C0334277","1"
"C0334292","Tubular adenoma","DISEASE_DISORDER","C0334292","3"
"C0334307","Tubulovillous adenoma","DISEASE_DISORDER","C0334307","3"
"C0334910","Anesthesiologist","CLINICAL_EVENT","C0334910","1"
"C0336630","Endotracheal tube","THERAPEUTIC_PROCEDURE","C0336630","3"
"C0336660","Magnetic resonance imaging unit","NONBIOLOGICAL_LOCATION","C0336660","1"
"C0336862","Jet airplane","SIGN_SYMPTOM","C0336862","1"
"C0337439","Iron measurement","DIAGNOSTIC_PROCEDURE","C0337439","2"
"C0338207","bleomycin/dacarbazine/lomustine/vincristine","DIAGNOSTIC_PROCEDURE","C0338207","1"
"C0338237","Antibiotic therapy","MEDICATION","C0338237","17"
"C0339808","House dust mite allergy","DISEASE_DISORDER","C0339808","1"
"C0340643","Dissection of aorta","DISEASE_DISORDER","C0340643","1"
"C0342208","Multinodular goiter","DISEASE_DISORDER","C0342208","1"
"C0342257","Complications of Diabetes Mellitus","DISEASE_DISORDER","C0342257","1"
"C0342299","Poor glycemic control","SIGN_SYMPTOM","C0342299","1"
"C0342579","Electrolyte imbalance","DISEASE_DISORDER","C0342579","1"
"C0343386","Clostridium difficile infection","DISEASE_DISORDER","C0343386","2"
"C0344329","Collapse (finding)","SIGN_SYMPTOM","C0344329","1"
"C0344353","Vegan diet","THERAPEUTIC_PROCEDURE","C0344353","1"
"C0345676","Neoplasm of sphenoidal sinus","BIOLOGICAL_STRUCTURE","C0345676","1"
"C0346179","Hilus cell tumor of ovary","DISEASE_DISORDER","C0346179","1"
"C0346564","Carcinoma of base of tongue","DISEASE_DISORDER","C0346564","1"
"C0346957","Disseminated Malignant Neoplasm","DISEASE_DISORDER","C0346957","2"
"C0348011","Surgical transfer - action","CLINICAL_EVENT","C0348011","4"
"C0348015","Posterior segment","AREA","C0348015","2"
"C0348016","Intravenous","ADMINISTRATION","C0348016","9"
"C0348080","Condition","SIGN_SYMPTOM","C0348080","4"
"C0349631","Richter's syndrome","DISEASE_DISORDER","C0349631","1"
"C0349707","Aspiration-action","THERAPEUTIC_PROCEDURE","C0349707","1"
"C0360714","Hydroxymethylglutaryl-CoA Reductase Inhibitors","MEDICATION","C0360714","2"
"C0370003","Specimen","BIOLOGICAL_STRUCTURE","C0370003","4"
"C0370199","Aspirate substance","DIAGNOSTIC_PROCEDURE","C0370199","1"
"C0374082","Decalcification procedure (List separately in addition to code for surgical pathology examination)","DIAGNOSTIC_PROCEDURE","C0374082","1"
"C0376152","Marrow","DISEASE_DISORDER","C0376152","3"
"C0376358","Malignant neoplasm of prostate","DISEASE_DISORDER","C0376358","2"
"C0376461","Mandibular Advancement","THERAPEUTIC_PROCEDURE","C0376461","1"
"C0376529","Capnography","DIAGNOSTIC_PROCEDURE","C0376529","7"
"C0376545","Hematologic Neoplasms","NONBIOLOGICAL_LOCATION","C0376545","2"
"C0376685","Shoulder Impingement Syndrome","DISEASE_DISORDER","C0376685","1"
"C0388020","Gadovist","MEDICATION","C0388020","3"
"C0392006","Unilateral cleft lip","AREA","C0392006","1"
"C0392197","Physiologic warmth","SIGN_SYMPTOM","C0392197","1"
"C0392201","Blood glucose measurement","DIAGNOSTIC_PROCEDURE","C0392201","5"
"C0392747","Changing","SIGN_SYMPTOM","C0392747","13"
"C0392752","Localized","AREA","C0392752","1"
"C0392758","Thinned","SIGN_SYMPTOM","C0392758","2"
"C0392823","Direct examination of larynx","DIAGNOSTIC_PROCEDURE","C0392823","1"
"C0392943","FOLFOX Regimen","MEDICATION","C0392943","1"
"C0393006","Genetic testing for cancer risk","DIAGNOSTIC_PROCEDURE","C0393006","1"
"C0394016","Coma, Post-Head Injury","CLINICAL_EVENT","C0394016","4"
"C0398275","Central venous cannula insertion","THERAPEUTIC_PROCEDURE","C0398275","5"
"C0398368","Lymphatic Abnormalities","DISEASE_DISORDER","C0398368","1"
"C0398397","Selective neck dissection of cervical lymph nodes","THERAPEUTIC_PROCEDURE","C0398397","7"
"C0399839","Gastrojejunostomy","BIOLOGICAL_STRUCTURE","C0399839","1"
"C0405580","Adrenal cortical hypofunction","DISEASE_DISORDER","C0405580","1"
"C0407722","Maxillectomy","THERAPEUTIC_PROCEDURE","C0407722","1"
"C0409999","Undifferentiated Connective Tissue Diseases","DISEASE_DISORDER","C0409999","1"
"C0410013","Soft tissue lesion","DISEASE_DISORDER","C0410013","1"
"C0419707","Administration of vaccine product containing only Streptococcus pneumoniae antigen (procedure)","THERAPEUTIC_PROCEDURE","C0419707","3"
"C0424585","Tires quickly","SIGN_SYMPTOM","C0424585","1"
"C0425403","Diet, High-Protein","THERAPEUTIC_PROCEDURE","C0425403","4"
"C0425932","Date of last menstrual period","CLINICAL_EVENT","C0425932","2"
"C0426596","Increased fluid intake","THERAPEUTIC_PROCEDURE","C0426596","1"
"C0428167","Inspired fraction of oxygen","DIAGNOSTIC_PROCEDURE","C0428167","1"
"C0428279","Finding of creatinine level","LAB_VALUE","C0428279","1"
"C0428284","Electrolyte levels - finding","DIAGNOSTIC_PROCEDURE","C0428284","1"
"C0428772","Left ventricular ejection fraction","DIAGNOSTIC_PROCEDURE","C0428772","6"
"C0428870","Left to right cardiovascular shunt (finding)","SIGN_SYMPTOM","C0428870","2"
"C0429084","P wave feature","SIGN_SYMPTOM","C0429084","1"
"C0429478","Fetal Heart Rate Variance from Normal Baseline","SIGN_SYMPTOM","C0429478","1"
"C0429791","Fluid intake","ACTIVITY","C0429791","2"
"C0430027","biochemical test","DIAGNOSTIC_PROCEDURE","C0430027","1"
"C0430404","Urine culture","DIAGNOSTIC_PROCEDURE","C0430404","3"
"C0430414","Stool culture","DIAGNOSTIC_PROCEDURE","C0430414","1"
"C0430952","Urological investigation","DIAGNOSTIC_PROCEDURE","C0430952","2"
"C0436226","Proton Therapy","THERAPEUTIC_PROCEDURE","C0436226","5"
"C0436307","Chemoradiotherapy","THERAPEUTIC_PROCEDURE","C0436307","6"
"C0439064","Numerous","QUANTITATIVE_CONCEPT","C0439064","3"
"C0439070","Roman Numeral III","BIOLOGICAL_STRUCTURE","C0439070","2"
"C0439092","Less Than","QUANTITATIVE_CONCEPT","C0439092","1"
"C0439093","Greater Than","QUANTITATIVE_CONCEPT","C0439093","1"
"C0439148","Unit","DOSAGE","C0439148","10"
"C0439151","Bethesda units","LAB_VALUE","C0439151","1"
"C0439165","Percent (qualifier value)","QUANTITATIVE_CONCEPT","C0439165","1"
"C0439200","millimeter","QUANTITATIVE_CONCEPT","C0439200","31"
"C0439208","gram","MASS","C0439208","3"
"C0439210","milligram","DOSAGE","C0439210","3"
"C0439227","Hour","DURATION","C0439227","1"
"C0439228","day","DURATION","C0439228","9"
"C0439230","week","DURATION","C0439230","20"
"C0439231","month","DURATION","C0439231","4"
"C0439232","Minute of time","DURATION","C0439232","5"
"C0439234","year","DATE","C0439234","10"
"C0439237","degrees Celsius","LAB_VALUE","C0439237","2"
"C0439242","milliliter","VOLUME","C0439242","35"
"C0439268","Microgram per Milliliter","LAB_VALUE","C0439268","2"
"C0439269","mg/dL","LAB_VALUE","C0439269","4"
"C0439392","cm/s","LAB_VALUE","C0439392","4"
"C0439393","Liter per Minute","DOSAGE","C0439393","5"
"C0439422","milligram/day","DOSAGE","C0439422","1"
"C0439475","mmHg","LAB_VALUE","C0439475","7"
"C0439479","sq. cm","QUANTITATIVE_CONCEPT","C0439479","1"
"C0439493","m/s","LAB_VALUE","C0439493","4"
"C0439505","per day","FREQUENCY","C0439505","5"
"C0439534","Dimensions","BIOLOGICAL_ATTRIBUTE","C0439534","2"
"C0439581","Asynchronous pattern","DETAILED_DESCRIPTION","C0439581","1"
"C0439590","Prolonged","DETAILED_DESCRIPTION","C0439590","1"
"C0439609","Urgent","DETAILED_DESCRIPTION","C0439609","1"
"C0439617","Revision","THERAPEUTIC_PROCEDURE","C0439617","1"
"C0439744","Concentric","SHAPE","C0439744","2"
"C0439775","Elevation procedure","SIGN_SYMPTOM","C0439775","2"
"C0439793","Severities","SEVERITY","C0439793","2"
"C0439794","Dense","DISEASE_DISORDER","C0439794","1"
"C0441031","Free flap","BIOLOGICAL_STRUCTURE","C0441031","1"
"C0441621","Sampling - Surgical action","DIAGNOSTIC_PROCEDURE","C0441621","1"
"C0441635","Anatomical segmentation","AREA","C0441635","4"
"C0441648","Wash (cleansing action)","THERAPEUTIC_PROCEDURE","C0441648","3"
"C0441731","Type 3","DISEASE_DISORDER","C0441731","1"
"C0441800","Grade","SEVERITY","C0441800","2"
"C0441833","Groups","AREA","C0441833","1"
"C0441889","Levels (qualifier value)","SEVERITY","C0441889","3"
"C0441994","Lower - spatial qualifier","AREA","C0441994","3"
"C0442004","Septal","BIOLOGICAL_STRUCTURE","C0442004","1"
"C0442025","Muscular","BIOLOGICAL_STRUCTURE","C0442025","1"
"C0442030","Parietal","SIGN_SYMPTOM","C0442030","2"
"C0442049","Upper third","AREA","C0442049","4"
"C0442050","Middle third","AREA","C0442050","3"
"C0442051","Lower third","AREA","C0442051","6"
"C0442053","Ventral part","AREA","C0442053","1"
"C0442054","Dorsal part","AREA","C0442054","1"
"C0442055","Lateral part","AREA","C0442055","2"
"C0442113","Intragastric","ADMINISTRATION","C0442113","1"
"C0442120","Intraperitoneal","DISEASE_DISORDER","C0442120","2"
"C0442143","Paratracheal","AREA","C0442143","1"
"C0442150","Paravertebral","AREA","C0442150","1"
"C0442158","Perianal","AREA","C0442158","4"
"C0442518","Hostel","NONBIOLOGICAL_LOCATION","C0442518","4"
"C0442519","Home environment","NONBIOLOGICAL_LOCATION","C0442519","4"
"C0442711","Protocols documentation","DIAGNOSTIC_PROCEDURE","C0442711","2"
"C0442759","3/6","SEVERITY","C0442759","1"
"C0442800","Enlarged","SIGN_SYMPTOM","C0442800","48"
"C0442805","Increase","SIGN_SYMPTOM","C0442805","18"
"C0442808","Increasing (qualifier value)","QUALITATIVE_CONCEPT","C0442808","2"
"C0442822","trace amount","DIAGNOSTIC_PROCEDURE","C0442822","12"
"C0442824","Very","SEVERITY","C0442824","1"
"C0442867","malignant disease","DISEASE_DISORDER","C0442867","4"
"C0443218","Fixed behavior","SIGN_SYMPTOM","C0443218","3"
"C0443228","Largest","SIGN_SYMPTOM","C0443228","1"
"C0443246","Left sided","THERAPEUTIC_PROCEDURE","C0443246","2"
"C0443252","Long-term","DURATION","C0443252","2"
"C0443268","nodal (pertaining to a node)","LAB_VALUE","C0443268","1"
"C0443286","Reaction","SIGN_SYMPTOM","C0443286","2"
"C0443288","Restricted","SIGN_SYMPTOM","C0443288","3"
"C0443303","short-term","DURATION","C0443303","1"
"C0443304","Silent","SIGN_SYMPTOM","C0443304","1"
"C0443350","Watery","TEXTURE","C0443350","1"
"C0444099","Skin Specimen","BIOLOGICAL_STRUCTURE","C0444099","22"
"C0444123","Specimen from lung obtained by bronchial washing procedure","BIOLOGICAL_STRUCTURE","C0444123","1"
"C0444299","Catheter tip","OTHER_ENTITY","C0444299","1"
"C0444334","Recumbent body position","ACTIVITY","C0444334","1"
"C0444379","Lateral decubitus position","ACTIVITY","C0444379","1"
"C0444532","Right sided","THERAPEUTIC_PROCEDURE","C0444532","3"
"C0445115","Normal saline","MEDICATION","C0445115","8"
"C0446413","C3 level","BIOLOGICAL_STRUCTURE","C0446413","2"
"C0446415","C5 level","BIOLOGICAL_STRUCTURE","C0446415","1"
"C0446417","C7 level","BIOLOGICAL_STRUCTURE","C0446417","2"
"C0446432","L1 level","AREA","C0446432","2"
"C0446472","Surface region of side of chest","AREA","C0446472","1"
"C0446481","Structure of fifth intercostal space","BIOLOGICAL_STRUCTURE","C0446481","1"
"C0446498","Left iliac fossa","AREA","C0446498","1"
"C0446516","Upper arm","AREA","C0446516","1"
"C0446633","abdominal organ","BIOLOGICAL_STRUCTURE","C0446633","2"
"C0446908","Mastoid process","BIOLOGICAL_STRUCTURE","C0446908","4"
"C0447155","Lymph node group","BIOLOGICAL_STRUCTURE","C0447155","3"
"C0448011","Mental Foramen","BIOLOGICAL_STRUCTURE","C0448011","2"
"C0449468","Volume","BIOLOGICAL_ATTRIBUTE","C0449468","4"
"C0449719","Part","AREA","C0449719","9"
"C0449911","View","DIAGNOSTIC_PROCEDURE","C0449911","1"
"C0450277","Cystic duct stump","BIOLOGICAL_STRUCTURE","C0450277","1"
"C0454576","Aphasia, Mixed","SIGN_SYMPTOM","C0454576","2"
"C0455825","Left ventricular mass","BIOLOGICAL_STRUCTURE","C0455825","7"
"C0456190","Left ventricular end-diastolic pressure level","DIAGNOSTIC_PROCEDURE","C0456190","4"
"C0456306","Glossotonsillar sulcus","BIOLOGICAL_STRUCTURE","C0456306","2"
"C0456685","U/hour","DOSAGE","C0456685","1"
"C0456693","per 30 minutes","DURATION","C0456693","3"
"C0456904","Intraoperative","CLINICAL_EVENT","C0456904","2"
"C0456938","Entire fossa ovalis of heart","BIOLOGICAL_STRUCTURE","C0456938","2"
"C0456962","Rapid","DETAILED_DESCRIPTION","C0456962","1"
"C0457193","Soft tissue mass","SIGN_SYMPTOM","C0457193","3"
"C0457385","seconds","TIME","C0457385","2"
"C0457846","Cervical segment of spinal cord","BIOLOGICAL_STRUCTURE","C0457846","7"
"C0458173","Syrup - Food","MEDICATION","C0458173","1"
"C0458576","Glossoepiglottic fold","BIOLOGICAL_STRUCTURE","C0458576","1"
"C0458582","Upper lip structure","BIOLOGICAL_STRUCTURE","C0458582","2"
"C0459892","Waldeyer's ring","BIOLOGICAL_STRUCTURE","C0459892","1"
"C0460004","Head and neck structure","AREA","C0460004","1"
"C0460026","Lower jaw region","AREA","C0460026","2"
"C0473935","Radiolabeled somatostatin analog study","DIAGNOSTIC_PROCEDURE","C0473935","1"
"C0474395","Behavior showing increased motor activity","SIGN_SYMPTOM","C0474395","1"
"C0474796","Neoplasm by Morphology","DETAILED_DESCRIPTION","C0474796","2"
"C0474819","Glomus vagale tumor","DISEASE_DISORDER","C0474819","1"
"C0475210","centimeter","DISTANCE","C0475210","5"
"C0475224","Ischemic","DISEASE_DISORDER","C0475224","1"
"C0475272","G4 grade","SEVERITY","C0475272","1"
"C0475358","Tumor tissue sample","DISEASE_DISORDER","C0475358","3"
"C0477633","Cervical disc disorder","DISEASE_DISORDER","C0477633","5"
"C0486293","Albumin To Creatinine Protein Ratio Measurement","DIAGNOSTIC_PROCEDURE","C0486293","1"
"C0488347","Pauses:Number = Count/Time:Duration of the study:Heart:Quantitative:EKG","SIGN_SYMPTOM","C0488347","1"
"C0489484","EKG impression","SIGN_SYMPTOM","C0489484","2"
"C0489607","Pauses","SIGN_SYMPTOM","C0489607","1"
"C0494710","Mouth cyst","BIOLOGICAL_STRUCTURE","C0494710","5"
"C0496675","Medical care","CLINICAL_EVENT","C0496675","4"
"C0497156","Lymphadenopathy","DISEASE_DISORDER","C0497156","17"
"C0497254","Musculoskeletal","BIOLOGICAL_STRUCTURE","C0497254","1"
"C0501622","Right vagus nerve","BIOLOGICAL_STRUCTURE","C0501622","1"
"C0504035","Wall of right ventricle","BIOLOGICAL_STRUCTURE","C0504035","5"
"C0504056","Inferior wall of left ventricle","BIOLOGICAL_STRUCTURE","C0504056","4"
"C0507156","Right clavicle","BIOLOGICAL_STRUCTURE","C0507156","1"
"C0507157","Left clavicle","BIOLOGICAL_STRUCTURE","C0507157","2"
"C0517349","Muscle Strength","SIGN_SYMPTOM","C0517349","4"
"C0517667","Assessment of passive right hip joint movement","BIOLOGICAL_STRUCTURE","C0517667","2"
"C0517668","Assessment of passive left hip joint movement","BIOLOGICAL_STRUCTURE","C0517668","1"
"C0520594","Breast Microcalcification","SIGN_SYMPTOM","C0520594","5"
"C0520887","ST segment depression (finding)","SIGN_SYMPTOM","C0520887","2"
"C0520960","Non-tender","SIGN_SYMPTOM","C0520960","1"
"C0520997","Thrombolysis, function","THERAPEUTIC_PROCEDURE","C0520997","1"
"C0521110","Accelerated","SIGN_SYMPTOM","C0521110","2"
"C0521112","Bedtime (qualifier value)","TIME","C0521112","1"
"C0521210","Resection of polyp","THERAPEUTIC_PROCEDURE","C0521210","2"
"C0521367","Oropharyngeal","BIOLOGICAL_STRUCTURE","C0521367","1"
"C0521533","Atrial septal aneurysm","DISEASE_DISORDER","C0521533","1"
"C0521654","Neurologic Deficits","SIGN_SYMPTOM","C0521654","3"
"C0521800","Central cyanosis","SIGN_SYMPTOM","C0521800","3"
"C0522499","Palpable","QUALITATIVE_CONCEPT","C0522499","5"
"C0522501","Massive","SEVERITY","C0522501","28"
"C0522534","Saturated","DIAGNOSTIC_PROCEDURE","C0522534","7"
"C0523174","Microbial culture of sputum","DIAGNOSTIC_PROCEDURE","C0523174","1"
"C0523387","Antibody to myelin measurement","DIAGNOSTIC_PROCEDURE","C0523387","1"
"C0523807","Oxygen saturation measurement","DIAGNOSTIC_PROCEDURE","C0523807","1"
"C0524422","Both cardiac atria","BIOLOGICAL_STRUCTURE","C0524422","6"
"C0524722","Gastrointestinal Surgical Procedure","NONBIOLOGICAL_LOCATION","C0524722","1"
"C0525032","International Normalized Ratio","DIAGNOSTIC_PROCEDURE","C0525032","1"
"C0541782","Atrial standstill","DISEASE_DISORDER","C0541782","1"
"C0541990","good effect","OUTCOME","C0541990","1"
"C0542142","Recurrent Laryngeal Nerve Paralysis","DISEASE_DISORDER","C0542142","1"
"C0542339","Inferior","LAB_VALUE","C0542339","1"
"C0542341","Function (attribute)","SIGN_SYMPTOM","C0542341","1"
"C0542560","Academic degree","LAB_VALUE","C0542560","4"
"C0543467","Operative Surgical Procedures","AREA","C0543467","18"
"C0543478","Residual Tumor","DISEASE_DISORDER","C0543478","4"
"C0544452","Disease remission","OUTCOME","C0544452","2"
"C0545082","Visit","CLINICAL_EVENT","C0545082","9"
"C0546099","upper and lower limbs","BIOLOGICAL_STRUCTURE","C0546099","1"
"C0546959","Atrial tachycardia","DISEASE_DISORDER","C0546959","3"
"C0547030","Visual disturbance","SIGN_SYMPTOM","C0547030","1"
"C0547040","Minimal","SEVERITY","C0547040","3"
"C0547044","Smaller","DETAILED_DESCRIPTION","C0547044","7"
"C0547054","Grade four rank","SEVERITY","C0547054","2"
"C0547070","Ablation","THERAPEUTIC_PROCEDURE","C0547070","1"
"C0549099","Perforation (observation)","DISEASE_DISORDER","C0549099","2"
"C0549113","Aortic Root","BIOLOGICAL_STRUCTURE","C0549113","4"
"C0549177","Large","SEVERITY","C0549177","3"
"C0549178","Continuous","DETAILED_DESCRIPTION","C0549178","1"
"C0549183","Midline (qualifier value)","AREA","C0549183","6"
"C0549186","Obstructed","DISEASE_DISORDER","C0549186","1"
"C0549193","Parameter Value","DIAGNOSTIC_PROCEDURE","C0549193","1"
"C0549207","Bone structure of spine","BIOLOGICAL_STRUCTURE","C0549207","3"
"C0549433","Surgical intervention (finding)","THERAPEUTIC_PROCEDURE","C0549433","1"
"C0549622","Sexual Dysfunction","DISEASE_DISORDER","C0549622","1"
"C0554011","Superficial parotidectomy","THERAPEUTIC_PROCEDURE","C0554011","1"
"C0554808","Forced diuresis","THERAPEUTIC_PROCEDURE","C0554808","1"
"C0556636","Gray unit of radiation dose","DOSAGE","C0556636","2"
"C0556983","Once daily","FREQUENCY","C0556983","5"
"C0556984","Three times daily","FREQUENCY","C0556984","3"
"C0557823","Treatment room","NONBIOLOGICAL_LOCATION","C0557823","1"
"C0558280","Morgue","NONBIOLOGICAL_LOCATION","C0558280","1"
"C0558293","Once a week","FREQUENCY","C0558293","1"
"C0558355","Tonsillar Carcinoma","DISEASE_DISORDER","C0558355","1"
"C0559987","Entire tendon of subscapularis muscle","BIOLOGICAL_STRUCTURE","C0559987","1"
"C0560014","cubic foot","DIAGNOSTIC_PROCEDURE","C0560014","1"
"C0560560","Moving","SIGN_SYMPTOM","C0560560","1"
"C0561923","Revision of scar","THERAPEUTIC_PROCEDURE","C0561923","1"
"C0562508","Accident and Emergency department","CLINICAL_EVENT","C0562508","14"
"C0563054","Second floor","NONBIOLOGICAL_LOCATION","C0563054","1"
"C0563291","Mechanical compression","THERAPEUTIC_PROCEDURE","C0563291","2"
"C0564444","Wound of skin","BIOLOGICAL_STRUCTURE","C0564444","2"
"C0565514","Compression procedure","THERAPEUTIC_PROCEDURE","C0565514","3"
"C0572933","Benzodiazepine overdose","DISEASE_DISORDER","C0572933","1"
"C0574032","Infusion procedures","THERAPEUTIC_PROCEDURE","C0574032","9"
"C0574347","Sindhi language","THERAPEUTIC_PROCEDURE","C0574347","5"
"C0576730","Changing position","THERAPEUTIC_PROCEDURE","C0576730","1"
"C0577554","Resonant","SIGN_SYMPTOM","C0577554","2"
"C0577559","Mass of body structure","DISEASE_DISORDER","C0577559","4"
"C0577916","Lesion of lung","DISEASE_DISORDER","C0577916","1"
"C0581269","Thoracic spine structure","BIOLOGICAL_STRUCTURE","C0581269","1"
"C0581296","intracranial lesion","DISEASE_DISORDER","C0581296","1"
"C0581603","Revascularization - action","THERAPEUTIC_PROCEDURE","C0581603","2"
"C0582103","Medical Examination","CLINICAL_EVENT","C0582103","1"
"C0582818","Superior rectus muscle structure","BIOLOGICAL_STRUCTURE","C0582818","1"
"C0582821","Lateral rectus muscle structure","BIOLOGICAL_STRUCTURE","C0582821","1"
"C0584882","Infraspinatous muscle structure","BIOLOGICAL_STRUCTURE","C0584882","1"
"C0585026","Tuesday","DATE","C0585026","2"
"C0585027","Wednesday","DATE","C0585027","2"
"C0585186","Cutaneous hypersensitivity","NONBIOLOGICAL_LOCATION","C0585186","1"
"C0585322","Every two hours","FREQUENCY","C0585322","3"
"C0585324","Every four hours","FREQUENCY","C0585324","1"
"C0585329","Every morning","FREQUENCY","C0585329","1"
"C0585332","Biweekly","FREQUENCY","C0585332","1"
"C0585339","Every six months","FREQUENCY","C0585339","1"
"C0585361","Twice a day","FREQUENCY","C0585361","2"
"C0585636","Upper eyelid structure","BIOLOGICAL_STRUCTURE","C0585636","1"
"C0587267","Closed","DETAILED_DESCRIPTION","C0587267","2"
"C0587444","Radiotherapy department","NONBIOLOGICAL_LOCATION","C0587444","1"
"C0587453","Cardiology department","NONBIOLOGICAL_LOCATION","C0587453","1"
"C0587457","Clinical immunology department","NONBIOLOGICAL_LOCATION","C0587457","1"
"C0587461","Dermatology department","NONBIOLOGICAL_LOCATION","C0587461","1"
"C0587463","Endocrinology department","NONBIOLOGICAL_LOCATION","C0587463","1"
"C0587464","Gastroenterology department","NONBIOLOGICAL_LOCATION","C0587464","1"
"C0587472","Infectious diseases department","NONBIOLOGICAL_LOCATION","C0587472","1"
"C0587474","Nephrology department","NONBIOLOGICAL_LOCATION","C0587474","1"
"C0587475","Neurology department","NONBIOLOGICAL_LOCATION","C0587475","1"
"C0587476","Nuclear medicine department","NONBIOLOGICAL_LOCATION","C0587476","1"
"C0587478","Rehabilitation department","NONBIOLOGICAL_LOCATION","C0587478","2"
"C0587479","Rheumatology department","NONBIOLOGICAL_LOCATION","C0587479","1"
"C0587480","Obstetrics and gynecology department","NONBIOLOGICAL_LOCATION","C0587480","2"
"C0587481","Gynecology department","NONBIOLOGICAL_LOCATION","C0587481","1"
"C0587482","Pediatric department","NONBIOLOGICAL_LOCATION","C0587482","1"
"C0587491","Hematology department","NONBIOLOGICAL_LOCATION","C0587491","1"
"C0587496","Forensic psychiatry department","NONBIOLOGICAL_LOCATION","C0587496","4"
"C0587497","Psychogeriatric department","NONBIOLOGICAL_LOCATION","C0587497","1"
"C0587500","Radiology department","NONBIOLOGICAL_LOCATION","C0587500","1"
"C0587502","Stroke unit","NONBIOLOGICAL_LOCATION","C0587502","1"
"C0587506","Thoracic surgery department","NONBIOLOGICAL_LOCATION","C0587506","1"
"C0587507","Cardiac surgery department","NONBIOLOGICAL_LOCATION","C0587507","1"
"C0587510","Oral surgery department","NONBIOLOGICAL_LOCATION","C0587510","1"
"C0587514","Ear, nose and throat department","NONBIOLOGICAL_LOCATION","C0587514","1"
"C0587515","Endocrine surgery department","NONBIOLOGICAL_LOCATION","C0587515","1"
"C0587516","Gastrointestinal surgery department","NONBIOLOGICAL_LOCATION","C0587516","1"
"C0587521","Hand surgery department","NONBIOLOGICAL_LOCATION","C0587521","1"
"C0587524","Ophthalmology department","NONBIOLOGICAL_LOCATION","C0587524","1"
"C0587525","Orthopedic department","NONBIOLOGICAL_LOCATION","C0587525","1"
"C0587528","Plastic surgery department","NONBIOLOGICAL_LOCATION","C0587528","1"
"C0587531","Urology department","NONBIOLOGICAL_LOCATION","C0587531","1"
"C0587532","Vascular surgery department","NONBIOLOGICAL_LOCATION","C0587532","1"
"C0587975","Physiotherapy department","NONBIOLOGICAL_LOCATION","C0587975","1"
"C0588054","Cervical lymph node group","BIOLOGICAL_STRUCTURE","C0588054","2"
"C0588193","Bone structure of shaft of femur","BIOLOGICAL_STRUCTURE","C0588193","1"
"C0589079","Two to three times a week","FREQUENCY","C0589079","1"
"C0589120","Follow-up status","CLINICAL_EVENT","C0589120","30"
"C0589121","Follow-up visit","CLINICAL_EVENT","C0589121","2"
"C0589347","Colonoscopic polypectomy","THERAPEUTIC_PROCEDURE","C0589347","2"
"C0595613","Intraosseous Route of Drug Administration","THERAPEUTIC_PROCEDURE","C0595613","1"
"C0595816","Paravertebral route","AREA","C0595816","1"
"C0595989","Carcinoma of larynx","DISEASE_DISORDER","C0595989","1"
"C0596620","glucose metabolism","SIGN_SYMPTOM","C0596620","4"
"C0596893","medical appointment","CLINICAL_EVENT","C0596893","3"
"C0597237","Physical Phenomenon or Property","DISEASE_DISORDER","C0597237","1"
"C0597728","Safe Sex","THERAPEUTIC_PROCEDURE","C0597728","1"
"C0598801","Diffusion weighted imaging","DIAGNOSTIC_PROCEDURE","C0598801","8"
"C0600077","Diabetic monitoring - injection sites","BIOLOGICAL_STRUCTURE","C0600077","1"
"C0600375","Registers (reference documentation)","CLINICAL_EVENT","C0600375","1"
"C0600433","Activated Protein C Resistance","DIAGNOSTIC_PROCEDURE","C0600433","2"
"C0600558","Neoadjuvant Therapy","THERAPEUTIC_PROCEDURE","C0600558","5"
"C0600620","Hospitalists","CLINICAL_EVENT","C0600620","3"
"C0600644","Collections (publication)","SIGN_SYMPTOM","C0600644","2"
"C0633084","Plavix","MEDICATION","C0633084","1"
"C0677043","Histopathology","DIAGNOSTIC_PROCEDURE","C0677043","5"
"C0677554","Anastomosis - action","BIOLOGICAL_STRUCTURE","C0677554","1"
"C0677607","Hashimoto Disease","DISEASE_DISORDER","C0677607","25"
"C0677874","In complete remission","OUTCOME","C0677874","1"
"C0677944","Sentinel node (disorder)","BIOLOGICAL_STRUCTURE","C0677944","2"
"C0677984","Locally Advanced Malignant Neoplasm","SEVERITY","C0677984","1"
"C0678113","Actilyse","MEDICATION","C0678113","2"
"C0678234","Stenosis Morphology","DISEASE_DISORDER","C0678234","7"
"C0678274","Alcohol Abstinence","ACTIVITY","C0678274","1"
"C0678862","venous drainage","BIOLOGICAL_ATTRIBUTE","C0678862","1"
"C0679408","Lesion of stomach","DISEASE_DISORDER","C0679408","1"
"C0679547","Panendoscopy","DIAGNOSTIC_PROCEDURE","C0679547","1"
"C0680190","Weekend","DATE","C0680190","1"
"C0682578","Glandular Epithelium","BIOLOGICAL_STRUCTURE","C0682578","2"
"C0682708","White matter","BIOLOGICAL_STRUCTURE","C0682708","1"
"C0683368","Symptoms aspect","SIGN_SYMPTOM","C0683368","13"
"C0684207","gastrointestinal circulatory insufficiency","DISEASE_DISORDER","C0684207","1"
"C0684249","Carcinoma of lung","DISEASE_DISORDER","C0684249","1"
"C0684320","Disease regression","OUTCOME","C0684320","4"
"C0685707","Muscular ventricular septum defect","DISEASE_DISORDER","C0685707","3"
"C0685938","Malignant neoplasm of gastrointestinal tract","THERAPEUTIC_PROCEDURE","C0685938","1"
"C0694665","right antecubital fossa","AREA","C0694665","2"
"C0699587","Biseptol","MEDICATION","C0699587","1"
"C0699756","Intimate (qualifier value)","AREA","C0699756","2"
"C0699900","Catabolism","DISEASE_DISORDER","C0699900","1"
"C0699952","Fused","SIGN_SYMPTOM","C0699952","1"
"C0700124","Dilated","SIGN_SYMPTOM","C0700124","26"
"C0700148","Congestion","SIGN_SYMPTOM","C0700148","1"
"C0700198","Pulmonary aspiration","THERAPEUTIC_PROCEDURE","C0700198","1"
"C0700321","Small","SIGN_SYMPTOM","C0700321","12"
"C0700372","On examination - pupil reaction to light","SIGN_SYMPTOM","C0700372","1"
"C0700374","Palate","SIGN_SYMPTOM","C0700374","1"
"C0700431","Cardiac rehabilitation","NONBIOLOGICAL_LOCATION","C0700431","2"
"C0700589","Contraceptive methods","THERAPEUTIC_PROCEDURE","C0700589","4"
"C0701043","Ciprinol","MEDICATION","C0701043","1"
"C0702093","Per Minute","FREQUENCY","C0702093","8"
"C0702221","Touch sensation","SIGN_SYMPTOM","C0702221","1"
"C0704349","Vitamin A & D, topical ointment","MEDICATION","C0704349","2"
"C0723422","Spironol","MEDICATION","C0723422","1"
"C0728907","Compression","THERAPEUTIC_PROCEDURE","C0728907","6"
"C0728938","Partial","SEVERITY","C0728938","1"
"C0728985","Cervical spine","BIOLOGICAL_STRUCTURE","C0728985","9"
"C0729105","Metisol","MEDICATION","C0729105","1"
"C0729269","Periapical","BIOLOGICAL_STRUCTURE","C0729269","2"
"C0729594","Axillary lymph node group","BIOLOGICAL_STRUCTURE","C0729594","1"
"C0729936","Cardiac chamber structure","BIOLOGICAL_STRUCTURE","C0729936","4"
"C0730345","Microalbuminuria","SIGN_SYMPTOM","C0730345","2"
"C0732165","Somatostatin analog","MEDICATION","C0732165","1"
"C0733138","Cohesive bandage","THERAPEUTIC_PROCEDURE","C0733138","1"
"C0733755","Positioning Attribute","THERAPEUTIC_PROCEDURE","C0733755","1"
"C0735431","Left ilium","BIOLOGICAL_STRUCTURE","C0735431","1"
"C0735432","Right ischium","BIOLOGICAL_STRUCTURE","C0735432","1"
"C0735694","Structure of left iliac crest","BIOLOGICAL_STRUCTURE","C0735694","1"
"C0736268","Liver parenchyma","BIOLOGICAL_STRUCTURE","C0736268","1"
"C0738490","Right anterior axillary line","AREA","C0738490","1"
"C0738590","Right hypochondriac region structure","AREA","C0738590","1"
"C0741469","Elevated Choriogonadotropin Subunit Beta","DIAGNOSTIC_PROCEDURE","C0741469","1"
"C0741614","Intestine Resection","BIOLOGICAL_STRUCTURE","C0741614","1"
"C0741899","Poorly differentiated carcinoma","DISEASE_DISORDER","C0741899","1"
"C0746922","Anatomic Node","BIOLOGICAL_STRUCTURE","C0746922","17"
"C0746961","Oxygen saturation below reference range","SIGN_SYMPTOM","C0746961","1"
"C0747273","Malignant tumour of parotid gland","BIOLOGICAL_STRUCTURE","C0747273","1"
"C0748541","sclerotic lesion","SIGN_SYMPTOM","C0748541","4"
"C0750482","Slightly (qualifier value)","SEVERITY","C0750482","6"
"C0750493","Suspicious","SIGN_SYMPTOM","C0750493","2"
"C0750502","Significant","SIGN_SYMPTOM","C0750502","4"
"C0751774","Nocturnal Myoclonus Syndrome","DISEASE_DISORDER","C0751774","1"
"C0752079","Maximum Tolerated Dose","DOSAGE","C0752079","1"
"C0757844","TNFSF13 protein, human","DATE","C0757844","6"
"C0767563","MM 36","DISTANCE","C0767563","1"
"C0770246","PROTEIN SUPPLEMENTS","THERAPEUTIC_PROCEDURE","C0770246","4"
"C0796494","lobe","BIOLOGICAL_STRUCTURE","C0796494","22"
"C0796693","Sentinel Lymph Node Biopsy","DIAGNOSTIC_PROCEDURE","C0796693","1"
"C0806140","Flow","SIGN_SYMPTOM","C0806140","3"
"C0810484","Scales, Patient, Bedside","NONBIOLOGICAL_LOCATION","C0810484","1"
"C0812305","EPCAM gene","LAB_VALUE","C0812305","1"
"C0812409","Gradient","SIGN_SYMPTOM","C0812409","5"
"C0813207","Creation of shunt","SIGN_SYMPTOM","C0813207","9"
"C0815275","Subcortical","AREA","C0815275","1"
"C0817096","Chest","BIOLOGICAL_STRUCTURE","C0817096","29"
"C0817332","Right calcaneus","BIOLOGICAL_STRUCTURE","C0817332","1"
"C0817705","Left heel","BIOLOGICAL_STRUCTURE","C0817705","1"
"C0818468","Right sternoclavicular joint","BIOLOGICAL_STRUCTURE","C0818468","1"
"C0818492","Right glenohumeral joint","BIOLOGICAL_STRUCTURE","C0818492","1"
"C0819141","Bronchial tree","BIOLOGICAL_STRUCTURE","C0819141","1"
"C0819757","Structure of parenchyma of lung","BIOLOGICAL_STRUCTURE","C0819757","5"
"C0824497","Neurovascular bundle","BIOLOGICAL_STRUCTURE","C0824497","1"
"C0824568","Right levator scapulae","BIOLOGICAL_STRUCTURE","C0824568","2"
"C0824571","Left supraspinatus","BIOLOGICAL_STRUCTURE","C0824571","1"
"C0827005","Left knee joint","BIOLOGICAL_STRUCTURE","C0827005","2"
"C0836131","Stratified squamous epithelium","BIOLOGICAL_STRUCTURE","C0836131","1"
"C0849355","Removed","THERAPEUTIC_PROCEDURE","C0849355","4"
"C0849487","physical rehabilitation","THERAPEUTIC_PROCEDURE","C0849487","3"
"C0850121","Tympanic ventilation tube","THERAPEUTIC_PROCEDURE","C0850121","2"
"C0857516","floppy","TEXTURE","C0857516","1"
"C0860888","Tomography, Spiral Computed","DIAGNOSTIC_PROCEDURE","C0860888","1"
"C0863477","Transbronchial Lung Biopsy","DIAGNOSTIC_PROCEDURE","C0863477","1"
"C0868945","Deterioration","SIGN_SYMPTOM","C0868945","1"
"C0871167","psychiatric clinics","NONBIOLOGICAL_LOCATION","C0871167","2"
"C0871311","Screening test","DIAGNOSTIC_PROCEDURE","C0871311","1"
"C0877303","Post-Procedural Pain","QUALITATIVE_CONCEPT","C0877303","3"
"C0877441","sigmoid polyp","DISEASE_DISORDER","C0877441","1"
"C0877525","ultrasound thyroid","DIAGNOSTIC_PROCEDURE","C0877525","2"
"C0878061","Altace","MEDICATION","C0878061","1"
"C0878500","Intraepithelial Neoplasia","DISEASE_DISORDER","C0878500","1"
"C0878544","Cardiomyopathies","DISEASE_DISORDER","C0878544","1"
"C0878814","Capnometers","DIAGNOSTIC_PROCEDURE","C0878814","2"
"C0886384","5 minutes Office visit","DURATION","C0886384","2"
"C0917799","Hypersomnia","SIGN_SYMPTOM","C0917799","2"
"C0917939","Pyralgin","MEDICATION","C0917939","2"
"C0919267","ovarian neoplasm","DISEASE_DISORDER","C0919267","2"
"C0919553","Histopathologic Grade","SEVERITY","C0919553","1"
"C0919691","Anastomotic Leak","DISEASE_DISORDER","C0919691","2"
"C0920321","Phase I Clinical Trials","NONBIOLOGICAL_LOCATION","C0920321","1"
"C0920367","Tomography, Optical Coherence","DIAGNOSTIC_PROCEDURE","C0920367","2"
"C0920810","Left trapezius","BIOLOGICAL_STRUCTURE","C0920810","1"
"C0920882","Region of neck (body structure)","AREA","C0920882","2"
"C0922644","Right temporalis","BIOLOGICAL_STRUCTURE","C0922644","1"
"C0922651","Left lateral pterygoid","BIOLOGICAL_STRUCTURE","C0922651","1"
"C0922960","Structure of anatomical variant","DISEASE_DISORDER","C0922960","1"
"C0923926","Structure of right optic nerve","BIOLOGICAL_STRUCTURE","C0923926","2"
"C0923985","Vein of pterygoid canal","BIOLOGICAL_STRUCTURE","C0923985","2"
"C0925636","Right lingual nerve","BIOLOGICAL_STRUCTURE","C0925636","1"
"C0925962","Right cheek","BIOLOGICAL_STRUCTURE","C0925962","1"
"C0925963","Left cheek","AREA","C0925963","1"
"C0925969","Right maxilla","BIOLOGICAL_STRUCTURE","C0925969","1"
"C0925985","Viscerocranium","BIOLOGICAL_STRUCTURE","C0925985","8"
"C0926578","Right orbital compartment","BIOLOGICAL_STRUCTURE","C0926578","4"
"C0926645","Pterygoid canal","BIOLOGICAL_STRUCTURE","C0926645","3"
"C0926667","Right foramen rotundum","BIOLOGICAL_STRUCTURE","C0926667","1"
"C0926669","Right foramen ovale","BIOLOGICAL_STRUCTURE","C0926669","2"
"C0926687","Right foramen lacerum","BIOLOGICAL_STRUCTURE","C0926687","2"
"C0926688","Left foramen lacerum","BIOLOGICAL_STRUCTURE","C0926688","1"
"C0926700","Left lingual tonsil","BIOLOGICAL_STRUCTURE","C0926700","1"
"C0926800","Ostium of Eustachian tube","BIOLOGICAL_STRUCTURE","C0926800","2"
"C0926851","Right piriform fossa","BIOLOGICAL_STRUCTURE","C0926851","1"
"C0926856","Right lateral pharyngeal space","BIOLOGICAL_STRUCTURE","C0926856","2"
"C0926857","Left lateral pharyngeal space","BIOLOGICAL_STRUCTURE","C0926857","1"
"C0927095","Left ary-epiglottic fold","BIOLOGICAL_STRUCTURE","C0927095","1"
"C0927100","Left vestibular fold","BIOLOGICAL_STRUCTURE","C0927100","1"
"C0927349","Right stylomastoid foramen","BIOLOGICAL_STRUCTURE","C0927349","2"
"C0927350","Left stylomastoid foramen","BIOLOGICAL_STRUCTURE","C0927350","1"
"C0929193","Right hemidiaphragm","BIOLOGICAL_STRUCTURE","C0929193","1"
"C0930553","Major salivary gland structure","BIOLOGICAL_STRUCTURE","C0930553","3"
"C0930962","Left big toe","BIOLOGICAL_STRUCTURE","C0930962","1"
"C0932431","Proximal epiphysis of tibia","BIOLOGICAL_STRUCTURE","C0932431","1"
"C0933845","Parenchyma","BIOLOGICAL_STRUCTURE","C0933845","35"
"C0934456","Right pharyngeal recess","BIOLOGICAL_STRUCTURE","C0934456","1"
"C0935243","Left mastoid process","BIOLOGICAL_STRUCTURE","C0935243","2"
"C0935277","Left foramen ovale","BIOLOGICAL_STRUCTURE","C0935277","3"
"C0936012","Analysis","DIAGNOSTIC_PROCEDURE","C0936012","5"
"C0948089","Acute Coronary Syndrome","DISEASE_DISORDER","C0948089","2"
"C0948163","Leukoaraiosis","BIOLOGICAL_STRUCTURE","C0948163","1"
"C0948501","Ultrasound examination","DIAGNOSTIC_PROCEDURE","C0948501","1"
"C0949766","Physical therapy","NONBIOLOGICAL_LOCATION","C0949766","2"
"C0951590","sodium copper chlorophyllin","DISEASE_DISORDER","C0951590","2"
"C0965053","prostein","DIAGNOSTIC_PROCEDURE","C0965053","2"
"C0996703","Nyctaginaceae","AREA","C0996703","1"
"C1114599","Multisection:Finding:Point in time:Breast:Narrative:MRI","DIAGNOSTIC_PROCEDURE","C1114599","1"
"C1116439","posterior fossa","BIOLOGICAL_STRUCTURE","C1116439","1"
"C1134719","Invasive Ductal Breast Carcinoma","DISEASE_DISORDER","C1134719","11"
"C1135858","Feijoa","DISEASE_DISORDER","C1135858","5"
"C1138412","Diet, Mediterranean","THERAPEUTIC_PROCEDURE","C1138412","1"
"C1140618","Upper Extremity","BIOLOGICAL_STRUCTURE","C1140618","1"
"C1140621","Leg","AREA","C1140621","1"
"C1145640","Central venous catheter, device","THERAPEUTIC_PROCEDURE","C1145640","1"
"C1145670","Respiratory Failure","DISEASE_DISORDER","C1145670","1"
"C1151635","pyruvate synthase activity","DISEASE_DISORDER","C1151635","1"
"C1155266","Inflammatory Response","DISEASE_DISORDER","C1155266","2"
"C1178870","Structure of right buttock","BIOLOGICAL_STRUCTURE","C1178870","1"
"C1179022","Inframammary fold","BIOLOGICAL_STRUCTURE","C1179022","1"
"C1179211","Cervicothoracic junction","BIOLOGICAL_STRUCTURE","C1179211","1"
"C1179480","Peripheral lymph","BIOLOGICAL_STRUCTURE","C1179480","1"
"C1182912","Set of limb joints","BIOLOGICAL_STRUCTURE","C1182912","1"
"C1183537","Popliteal part of left knee","AREA","C1183537","1"
"C1183837","Glandular part of prostate","BIOLOGICAL_STRUCTURE","C1183837","2"
"C1185625","Anatomical compartments","AREA","C1185625","1"
"C1185714","Nucleus Pulposus","DISEASE_DISORDER","C1185714","1"
"C1186706","Bolus of ingested food","ADMINISTRATION","C1186706","1"
"C1253959","Branch of","BIOLOGICAL_STRUCTURE","C1253959","2"
"C1254595","Laboratory Results","DIAGNOSTIC_PROCEDURE","C1254595","1"
"C1254855","24 Hour Urine Protein Test","DURATION","C1254855","3"
"C1260873","Aortic valve disorder","DISEASE_DISORDER","C1260873","1"
"C1261075","Structure of right lower lobe of lung","BIOLOGICAL_STRUCTURE","C1261075","101"
"C1261077","Structure of left lower lobe of lung","BIOLOGICAL_STRUCTURE","C1261077","85"
"C1261082","Left coronary artery structure","BIOLOGICAL_STRUCTURE","C1261082","1"
"C1261316","Right coronary artery structure","BIOLOGICAL_STRUCTURE","C1261316","2"
"C1261322","Evaluation procedure","DIAGNOSTIC_PROCEDURE","C1261322","1"
"C1261381","Destructive procedure (surgical)","DISEASE_DISORDER","C1261381","12"
"C1261552","Step (specific stage)","ACTIVITY","C1261552","1"
"C1262477","Weight Loss","THERAPEUTIC_PROCEDURE","C1262477","7"
"C1262869","Body position","THERAPEUTIC_PROCEDURE","C1262869","1"
"C1264633","Fraction of","DOSAGE","C1264633","4"
"C1265996","Large cell neuroendocrine carcinoma","DISEASE_DISORDER","C1265996","2"
"C1266002","Non-small cell carcinoma","DISEASE_DISORDER","C1266002","1"
"C1266025","Traditional Serrated Adenoma","DISEASE_DISORDER","C1266025","1"
"C1268688","Heterogeneous calcification","SIGN_SYMPTOM","C1268688","1"
"C1269955","Tumor Cell Invasion","DISEASE_DISORDER","C1269955","3"
"C1271104","Blood pressure finding","DIAGNOSTIC_PROCEDURE","C1271104","4"
"C1272321","Autoantibody measurement","DIAGNOSTIC_PROCEDURE","C1272321","1"
"C1272654","Wound care management","NONBIOLOGICAL_LOCATION","C1272654","1"
"C1272705","Unsuccessful","OUTCOME","C1272705","2"
"C1274039","General surgery specialty","NONBIOLOGICAL_LOCATION","C1274039","3"
"C1274040","Result","OUTCOME","C1274040","3"
"C1275551","Every three days","FREQUENCY","C1275551","6"
"C1275631","Anal part of perineum","AREA","C1275631","1"
"C1275800","Right ventricular inflow tract view","BIOLOGICAL_STRUCTURE","C1275800","1"
"C1275813","Ratio of mitral valve acceleration time to mitral valve deceleration time","DIAGNOSTIC_PROCEDURE","C1275813","1"
"C1276414","Care of neurological patient","THERAPEUTIC_PROCEDURE","C1276414","2"
"C1277077","Irradiated blood product (product)","THERAPEUTIC_PROCEDURE","C1277077","1"
"C1279941","Late stage","SEVERITY","C1279941","1"
"C1280412","Thick","BIOLOGICAL_ATTRIBUTE","C1280412","1"
"C1280519","Effectiveness","OUTCOME","C1280519","4"
"C1282007","Pulmonary Artery Branch","BIOLOGICAL_STRUCTURE","C1282007","1"
"C1282907","Low Grade","SEVERITY","C1282907","2"
"C1282910","Upper","AREA","C1282910","3"
"C1282914","Surrounding (qualifier value)","AREA","C1282914","2"
"C1282930","Irradiation (physical force)","THERAPEUTIC_PROCEDURE","C1282930","8"
"C1283174","Checking (action)","DIAGNOSTIC_PROCEDURE","C1283174","4"
"C1285092","Gland","BIOLOGICAL_STRUCTURE","C1285092","5"
"C1285116","Right hip joint structure","BIOLOGICAL_STRUCTURE","C1285116","1"
"C1287351","Finding of liver enzyme levels","LAB_VALUE","C1287351","2"
"C1288329","Structure of lower uterine segment","BIOLOGICAL_STRUCTURE","C1288329","71"
"C1292425","2 Hours","DURATION","C1292425","3"
"C1292428","6 Hours","DURATION","C1292428","1"
"C1292732","Investigates","CLINICAL_EVENT","C1292732","1"
"C1293134","Enlargement procedure","SIGN_SYMPTOM","C1293134","1"
"C1299392","Mild to moderate","SEVERITY","C1299392","3"
"C1299393","Moderate to severe","SEVERITY","C1299393","1"
"C1299622","Empirical antibiotic therapy","MEDICATION","C1299622","3"
"C1300071","Tumor Weight","DISEASE_DISORDER","C1300071","2"
"C1301411","Regurgitant flow","SIGN_SYMPTOM","C1301411","1"
"C1302222","Parasternal long axis view","DIAGNOSTIC_PROCEDURE","C1302222","2"
"C1302301","Left ventricular area fractional change","DIAGNOSTIC_PROCEDURE","C1302301","1"
"C1302316","Subcostal long axis view","DIAGNOSTIC_PROCEDURE","C1302316","1"
"C1305372","Hilar lymph node","BIOLOGICAL_STRUCTURE","C1305372","3"
"C1314763","Phenotyping (qualifier value)","DIAGNOSTIC_PROCEDURE","C1314763","2"
"C1314939","Involvement with","DISEASE_DISORDER","C1314939","5"
"C1315058","Coagulation order set","DIAGNOSTIC_PROCEDURE","C1315058","1"
"C1317608","Perineural spread","SIGN_SYMPTOM","C1317608","2"
"C1318500","Non-toxic nodular goiter","DISEASE_DISORDER","C1318500","1"
"C1321013","Hydration status","THERAPEUTIC_PROCEDURE","C1321013","1"
"C1321164","Gynecologic Oncology","NONBIOLOGICAL_LOCATION","C1321164","1"
"C1321598","panthenol","MEDICATION","C1321598","1"
"C1325847","Sensitization (observable entity)","THERAPEUTIC_PROCEDURE","C1325847","1"
"C1332138","Acinar Pattern","DETAILED_DESCRIPTION","C1332138","1"
"C1332139","Prostate Acinar Adenocarcinoma","DISEASE_DISORDER","C1332139","1"
"C1332420","BLNK gene","DISEASE_DISORDER","C1332420","1"
"C1332629","Breast Fibrocystic Change, Proliferative Type","DISEASE_DISORDER","C1332629","1"
"C1332743","CDX2 gene","DIAGNOSTIC_PROCEDURE","C1332743","2"
"C1332897","Central Scar","BIOLOGICAL_STRUCTURE","C1332897","2"
"C1333036","Chronic Inflammatory Infiltrate","SIGN_SYMPTOM","C1333036","1"
"C1333127","Comedo Necrosis","SIGN_SYMPTOM","C1333127","2"
"C1333762","Gastric Cardia Adenocarcinoma","DISEASE_DISORDER","C1333762","1"
"C1334274","Invasive Carcinoma","DISEASE_DISORDER","C1334274","2"
"C1334936","Neoplasm of Uncertain Histogenesis","DISEASE_DISORDER","C1334936","1"
"C1335411","Cyst of pineal gland","DISEASE_DISORDER","C1335411","1"
"C1335648","RRM1 gene","DETAILED_DESCRIPTION","C1335648","3"
"C1335840","SMARCA1 gene","DIAGNOSTIC_PROCEDURE","C1335840","1"
"C1336028","Solid Growth Pattern","DETAILED_DESCRIPTION","C1336028","1"
"C1336827","Tropical Disease","DISEASE_DISORDER","C1336827","2"
"C1337479","Liquid Soap Dosage Form","MEDICATION","C1337479","1"
"C1377708","Large Bowel Juvenile Polyp","DISEASE_DISORDER","C1377708","1"
"C1378128","Cream","MEDICATION","C1378128","3"
"C1384494","Metastatic Carcinoma","DISEASE_DISORDER","C1384494","6"
"C1384616","NKX2-1 gene","LAB_VALUE","C1384616","1"
"C1384816","Idiopathic pulmonary artery dilatation","DISEASE_DISORDER","C1384816","1"
"C1409894","Sphincter","BIOLOGICAL_STRUCTURE","C1409894","1"
"C1418370","SERPINA5 gene","THERAPEUTIC_PROCEDURE","C1418370","1"
"C1418552","SERPINE2 gene","SIGN_SYMPTOM","C1418552","1"
"C1418985","PSEN1 gene","LAB_VALUE","C1418985","1"
"C1426025","SLC5A8 gene","DISEASE_DISORDER","C1426025","1"
"C1442456","2 Months","TIME","C1442456","4"
"C1442457","2 Weeks","DURATION","C1442457","4"
"C1442458","30 Minutes","DURATION","C1442458","1"
"C1442459","3 Days","DURATION","C1442459","2"
"C1442461","3 Months","DURATION","C1442461","2"
"C1442462","3 Weeks","TIME","C1442462","6"
"C1442466","5 Days","DURATION","C1442466","1"
"C1442770","24 Hours","DURATION","C1442770","2"
"C1442903","Exostoses","SIGN_SYMPTOM","C1442903","1"
"C1443271","Cervicothoracic vertebral column","BIOLOGICAL_STRUCTURE","C1443271","1"
"C1444778","Constricting sensation quality","SIGN_SYMPTOM","C1444778","1"
"C1446409","Positive","SIGN_SYMPTOM","C1446409","5"
"C1449669","Bandages, Hydrogel","THERAPEUTIC_PROCEDURE","C1449669","1"
"C1449681","Blood Pressure Monitoring, Home","DIAGNOSTIC_PROCEDURE","C1449681","1"
"C1456587","Bariatric Surgery","THERAPEUTIC_PROCEDURE","C1456587","1"
"C1456637","Blood Transfusion and Donation","NONBIOLOGICAL_LOCATION","C1456637","1"
"C1457868","Worse","OUTCOME","C1457868","1"
"C1457869","Defect","SIGN_SYMPTOM","C1457869","3"
"C1496343","Streptococcus pseudopneumoniae","OTHER_ENTITY","C1496343","1"
"C1508335","View MLO","DIAGNOSTIC_PROCEDURE","C1508335","1"
"C1508554","Carotid vessel","BIOLOGICAL_STRUCTURE","C1508554","4"
"C1508661","Pulmonary vessels","BIOLOGICAL_STRUCTURE","C1508661","1"
"C1510416","Coffee ground vomiting","SIGN_SYMPTOM","C1510416","2"
"C1510472","Drug Dependence","DISEASE_DISORDER","C1510472","6"
"C1510483","Fine needle aspiration biopsy","DIAGNOSTIC_PROCEDURE","C1510483","3"
"C1510886","Angioinvasion","SIGN_SYMPTOM","C1510886","2"
"C1510912","Anterior Portion of the Corpus Callosum Cistern","BIOLOGICAL_STRUCTURE","C1510912","1"
"C1511497","Continuous Intravenous Infusion","ADMINISTRATION","C1511497","3"
"C1511545","Critical","SEVERITY","C1511545","1"
"C1511572","event cycle","DOSAGE","C1511572","3"
"C1511606","Cystic lesions","SIGN_SYMPTOM","C1511606","5"
"C1512433","High Grade Cervical Squamous Intraepithelial Neoplasia","SEVERITY","C1512433","2"
"C1512457","High Resolution Computed Tomography","DIAGNOSTIC_PROCEDURE","C1512457","1"
"C1512823","Intercostal Artery Branch","BIOLOGICAL_STRUCTURE","C1512823","1"
"C1512855","Interlobar","BIOLOGICAL_STRUCTURE","C1512855","1"
"C1512863","Intermediate Grade","SEVERITY","C1512863","2"
"C1512910","Intra-abdominal","DISEASE_DISORDER","C1512910","1"
"C1513123","Meningothelial cell","DISEASE_DISORDER","C1513123","2"
"C1513155","Mesorectal","BIOLOGICAL_STRUCTURE","C1513155","1"
"C1513183","Metastatic Lesion","DISEASE_DISORDER","C1513183","4"
"C1513375","Moderate Exercise","ACTIVITY","C1513375","2"
"C1514211","Exophytic Polypoid Lesion","SIGN_SYMPTOM","C1514211","1"
"C1514821","Registration","CLINICAL_EVENT","C1514821","1"
"C1514893","physiologic resolution","OUTCOME","C1514893","1"
"C1515090","Surgical Oncology specialty","NONBIOLOGICAL_LOCATION","C1515090","1"
"C1515151","TE33","VOLUME","C1515151","2"
"C1516609","Clinical Endocrinology","NONBIOLOGICAL_LOCATION","C1516609","1"
"C1516620","Clinical Nutrition","NONBIOLOGICAL_LOCATION","C1516620","1"
"C1516635","Clinical Treatment","NONBIOLOGICAL_LOCATION","C1516635","2"
"C1517031","Extensive Stage","SEVERITY","C1517031","1"
"C1517331","Further","CLINICAL_EVENT","C1517331","6"
"C1517586","Investigational","DIAGNOSTIC_PROCEDURE","C1517586","1"
"C1517912","Liver Acinus Zone 2","BIOLOGICAL_STRUCTURE","C1517912","2"
"C1517936","Long-Term Care Nursing","THERAPEUTIC_PROCEDURE","C1517936","1"
"C1518005","Low Grade Cervical Squamous Intraepithelial Neoplasia","SEVERITY","C1518005","6"
"C1518345","Nodular lesions","SIGN_SYMPTOM","C1518345","4"
"C1518425","Not Otherwise Specified","DISEASE_DISORDER","C1518425","1"
"C1518495","Nutrition Monitoring","ACTIVITY","C1518495","1"
"C1518927","Pediatric Hematology/Oncology","NONBIOLOGICAL_LOCATION","C1518927","2"
"C1518965","Performance Status","DIAGNOSTIC_PROCEDURE","C1518965","1"
"C1519215","Secondary Lesion","DISEASE_DISORDER","C1519215","1"
"C1519256","Serosal Surface of the Liver","BIOLOGICAL_STRUCTURE","C1519256","2"
"C1519453","Spiculate","SHAPE","C1519453","1"
"C1521827","Preparation","MEDICATION","C1521827","1"
"C1521970","Characteristics","DIAGNOSTIC_PROCEDURE","C1521970","1"
"C1522240","Process","DISEASE_DISORDER","C1522240","3"
"C1522243","Percutaneous Route of Drug Administration","THERAPEUTIC_PROCEDURE","C1522243","1"
"C1522407","Supratentorial Brain","AREA","C1522407","1"
"C1522408","Coating (film)","SIGN_SYMPTOM","C1522408","1"
"C1522438","Subcutaneous Route of Drug Administration","ADMINISTRATION","C1522438","5"
"C1522449","Therapeutic radiology procedure","AREA","C1522449","3"
"C1522577","follow-up","DIAGNOSTIC_PROCEDURE","C1522577","6"
"C1522619","Esophageal","BIOLOGICAL_STRUCTURE","C1522619","2"
"C1522726","Intravenous Route of Drug Administration","ADMINISTRATION","C1522726","24"
"C1527180","Dominant","SIGN_SYMPTOM","C1527180","5"
"C1531518","Biological treatment","THERAPEUTIC_PROCEDURE","C1531518","1"
"C1532188","Tablespoon Dosing Unit","DOSAGE","C1532188","1"
"C1532780","mL/m2","VOLUME","C1532780","1"
"C1536105","Computed Tomography Angiography","DIAGNOSTIC_PROCEDURE","C1536105","4"
"C1542147","Main","DETAILED_DESCRIPTION","C1542147","1"
"C1545588","Protection","THERAPEUTIC_PROCEDURE","C1545588","1"
"C1546923","Correction - Report timing","THERAPEUTIC_PROCEDURE","C1546923","3"
"C1547061","10 days","DURATION","C1547061","2"
"C1547116","Patient location type - Department","NONBIOLOGICAL_LOCATION","C1547116","30"
"C1547225","Mild Severity of Illness Code","SEVERITY","C1547225","3"
"C1547251","Platelet Concentrate - blood product code","MEDICATION","C1547251","1"
"C1548982","Washed","THERAPEUTIC_PROCEDURE","C1548982","3"
"C1549003","Transfused","THERAPEUTIC_PROCEDURE","C1549003","6"
"C1550016","Remote control command - Clear","DETAILED_DESCRIPTION","C1550016","2"
"C1550235","Cord - Body Parts","BIOLOGICAL_STRUCTURE","C1550235","2"
"C1550309","Submandibular","BIOLOGICAL_STRUCTURE","C1550309","2"
"C1552443","Clinic / Center - Primary Care","NONBIOLOGICAL_LOCATION","C1552443","5"
"C1552453","Ambulatory Health Care Facilities; Clinic/Center; Rehabilitation: Cardiac Facilities","NONBIOLOGICAL_LOCATION","C1552453","16"
"C1552775","Otorhinolaryngology clinic","NONBIOLOGICAL_LOCATION","C1552775","1"
"C1552811","Urology clinic (surgery clinic)","NONBIOLOGICAL_LOCATION","C1552811","12"
"C1552873","Narrower Than","SIGN_SYMPTOM","C1552873","1"
"C1553211","Enema, rectal","THERAPEUTIC_PROCEDURE","C1553211","1"
"C1561552","Act Priority - elective","THERAPEUTIC_PROCEDURE","C1561552","1"
"C1609982","Residual","DETAILED_DESCRIPTION","C1609982","1"
"C1610733","Urine - SpecimenType","BIOLOGICAL_STRUCTURE","C1610733","1"
"C1621425","cribriform","DETAILED_DESCRIPTION","C1621425","2"
"C1621958","Glioblastoma Multiforme","DISEASE_DISORDER","C1621958","1"
"C1622967","cell periphery","AREA","C1622967","2"
"C1696103","image - dosage form","DIAGNOSTIC_PROCEDURE","C1696103","1"
"C1704221","Physicians, Family","NONBIOLOGICAL_LOCATION","C1704221","1"
"C1704247","Peritoneal Cavity","BIOLOGICAL_STRUCTURE","C1704247","1"
"C1704322","Orientation (spatial)","SIGN_SYMPTOM","C1704322","1"
"C1704407","Arabic numeral 100","DOSAGE","C1704407","4"
"C1704440","Geriatric (qualifier)","THERAPEUTIC_PROCEDURE","C1704440","1"
"C1704532","Active Method","THERAPEUTIC_PROCEDURE","C1704532","2"
"C1704534","Positional Technique","THERAPEUTIC_PROCEDURE","C1704534","1"
"C1704729","Department","NONBIOLOGICAL_LOCATION","C1704729","5"
"C1705057","Circumferential Resection Margin","BIOLOGICAL_STRUCTURE","C1705057","3"
"C1705822","Transfer Technique","THERAPEUTIC_PROCEDURE","C1705822","1"
"C1707491","Consecutive","DURATION","C1707491","2"
"C1707520","Correlation","SIGN_SYMPTOM","C1707520","1"
"C1708548","Intestinal Wall Tissue","BIOLOGICAL_STRUCTURE","C1708548","3"
"C1708664","Leaflet Device","SHAPE","C1708664","6"
"C1708745","Low-Dose Treatment","DIAGNOSTIC_PROCEDURE","C1708745","7"
"C1709160","Neoplastic","DISEASE_DISORDER","C1709160","5"
"C1709318","Oncotype DX Breast Cancer Assay","DIAGNOSTIC_PROCEDURE","C1709318","2"
"C1709367","Oval shape","SHAPE","C1709367","10"
"C1709518","Pharmacodynamic Study","DIAGNOSTIC_PROCEDURE","C1709518","2"
"C1709763","Psychiatric Facility","NONBIOLOGICAL_LOCATION","C1709763","2"
"C1710016","Satellite Nodule","DISEASE_DISORDER","C1710016","2"
"C1710057","Serrated Glandular Architecture","SIGN_SYMPTOM","C1710057","1"
"C1710082","Signal","SIGN_SYMPTOM","C1710082","3"
"C1711128","pT1a Stage Finding","LAB_VALUE","C1711128","1"
"C1720786","Antibiogram","DIAGNOSTIC_PROCEDURE","C1720786","1"
"C1720798","Radiation-Recall Dermatitis","DISEASE_DISORDER","C1720798","6"
"C1721086","Surgical Fixation Devices","THERAPEUTIC_PROCEDURE","C1721086","2"
"C1762617","Weak","SIGN_SYMPTOM","C1762617","3"
"C1822765","SLC45A3 gene","LAB_VALUE","C1822765","1"
"C1827384","Structure of permanent mandibular left central incisor tooth","DISTANCE","C1827384","1"
"C1827665","Structure of permanent mandibular right central incisor tooth","VOLUME","C1827665","4"
"C1828004","Magill forceps, device","OTHER_ENTITY","C1828004","4"
"C1833181","Raised C-reactive protein","SIGN_SYMPTOM","C1833181","1"
"C1837732","Thickened helices","SIGN_SYMPTOM","C1837732","2"
"C1851759","ELECTROENCEPHALOGRAPHIC VARIANT PATTERN 1 (disorder)","DETAILED_DESCRIPTION","C1851759","1"
"C1856053","Hydranencephaly with Renal Aplasia-Dysplasia","DATE","C1856053","7"
"C1861329","Spinal canal stenosis","DISEASE_DISORDER","C1861329","1"
"C1862393","ASD II","DISEASE_DISORDER","C1862393","1"
"C1868677","PHOTOPAROXYSMAL RESPONSE 1","LAB_VALUE","C1868677","1"
"C1879510","AI Regimen","MEDICATION","C1879510","1"
"C1879707","Anterior Foramen Magnum","BIOLOGICAL_STRUCTURE","C1879707","1"
"C1880268","Material Deformation","SIGN_SYMPTOM","C1880268","1"
"C1880476","Etoposide-Platinol Regimen","MEDICATION","C1880476","1"
"C1881065","Homogeneity","TEXTURE","C1881065","14"
"C1882138","ocrelizumab","MEDICATION","C1882138","1"
"C1882425","Poor Quality Image","DETAILED_DESCRIPTION","C1882425","1"
"C1882428","Post-Therapy","SIGN_SYMPTOM","C1882428","2"
"C1882954","Ring Dosing Unit","DOSAGE","C1882954","2"
"C1883171","Stir","DIAGNOSTIC_PROCEDURE","C1883171","1"
"C1883259","Taxotere-Platinol-Fluorouracil Regimen","MEDICATION","C1883259","2"
"C1947930","Cleaning (activity)","THERAPEUTIC_PROCEDURE","C1947930","1"
"C1947933","care activity","THERAPEUTIC_PROCEDURE","C1947933","13"
"C1947976","Correction (change)","THERAPEUTIC_PROCEDURE","C1947976","1"
"C1955856","Surgical Stoma","BIOLOGICAL_STRUCTURE","C1955856","1"
"C1956050","Rats, Hairless","SIGN_SYMPTOM","C1956050","1"
"C1956089","Osteophyte","SIGN_SYMPTOM","C1956089","2"
"C1956261","Cerebral Venous Angioma","DISEASE_DISORDER","C1956261","1"
"C1960973","Home oxygen therapy","THERAPEUTIC_PROCEDURE","C1960973","4"
"C1961205","Scissors, Wound Debridement","THERAPEUTIC_PROCEDURE","C1961205","2"
"C1961548","Metallic suture","OTHER_ENTITY","C1961548","1"
"C1998045","Subclinical hyperthyroidism","DISEASE_DISORDER","C1998045","1"
"C1998602","Meal (occasion for eating)","ACTIVITY","C1998602","2"
"C1999269","Building structure","NONBIOLOGICAL_LOCATION","C1999269","1"
"C2003903","Profiling (action)","DIAGNOSTIC_PROCEDURE","C2003903","3"
"C2004489","Regurgitation","SIGN_SYMPTOM","C2004489","11"
"C2041478","CT of abdomen without contrast","DIAGNOSTIC_PROCEDURE","C2041478","1"
"C2062763","Benzodiazepine abuse","DISEASE_DISORDER","C2062763","1"
"C2230206","Vision Assessment","CLINICAL_EVENT","C2230206","2"
"C2259071","regulation of body fluid levels","SIGN_SYMPTOM","C2259071","3"
"C2262860","annulus","BIOLOGICAL_STRUCTURE","C2262860","1"
"C2316467","Packed red blood cells","MEDICATION","C2316467","9"
"C2323733","Right globus pallidus","BIOLOGICAL_STRUCTURE","C2323733","1"
"C2327334","Left retropharyngeal lymph node","BIOLOGICAL_STRUCTURE","C2327334","1"
"C2348041","Diffusion Anisotropy","DIAGNOSTIC_PROCEDURE","C2348041","2"
"C2348234","Specialist Physician","NONBIOLOGICAL_LOCATION","C2348234","1"
"C2348813","Transabdominal Ultrasound","DIAGNOSTIC_PROCEDURE","C2348813","3"
"C2348831","Two Hundred Fifty","VOLUME","C2348831","2"
"C2349809","Excessive physical exertion","ACTIVITY","C2349809","1"
"C2349975","Enhance (action)","SIGN_SYMPTOM","C2349975","6"
"C2353951","dapagliflozin","MEDICATION","C2353951","2"
"C2362761","Inpatient hospital","NONBIOLOGICAL_LOCATION","C2362761","3"
"C2362912","Moving and Lifting Patients","THERAPEUTIC_PROCEDURE","C2362912","1"
"C2607383","Octenisept","MEDICATION","C2607383","1"
"C2610480","trabecula formation","SIGN_SYMPTOM","C2610480","1"
"C2674297","Lymphocytic inflammatory infiltrate","SIGN_SYMPTOM","C2674297","1"
"C2697906","Left Posterolateral Segment","BIOLOGICAL_STRUCTURE","C2697906","1"
"C2699744","Symmetric Relationship","DETAILED_DESCRIPTION","C2699744","4"
"C2700395","Smallest","SEVERITY","C2700395","1"
"C2733564","Full thickness hole of macula lutea","DISEASE_DISORDER","C2733564","2"
"C2825055","Recurrence (disease attribute)","DISEASE_DISORDER","C2825055","1"
"C2825166","Stress Cardiac Magnetic Resonance Imaging","DIAGNOSTIC_PROCEDURE","C2825166","1"
"C2826108","Restricted Diffusion","SIGN_SYMPTOM","C2826108","2"
"C2827061","Clinical Laboratory Improvement Act","OUTCOME","C2827061","1"
"C2827364","Attendance","CLINICAL_EVENT","C2827364","1"
"C2828394","Prenatal (temporal qualifier)","THERAPEUTIC_PROCEDURE","C2828394","1"
"C2923055","Video assisted thoracoscopy","THERAPEUTIC_PROCEDURE","C2923055","2"
"C2924624","Sinotubular Junction","BIOLOGICAL_STRUCTURE","C2924624","2"
"C2930544","Low-Calorie Diet","THERAPEUTIC_PROCEDURE","C2930544","1"
"C2931822","Nasopharyngeal carcinoma","DISEASE_DISORDER","C2931822","4"
"C2936173","Percutaneous Transluminal Coronary Angioplasty","THERAPEUTIC_PROCEDURE","C2936173","2"
"C2937276","Slight (qualifier value)","SEVERITY","C2937276","27"
"C2939419","Secondary Neoplasm","DISEASE_DISORDER","C2939419","5"
"C2959359","Abnormal ventriculoarterial connection","BIOLOGICAL_STRUCTURE","C2959359","1"
"C2984063","Microgram per Fifteen Milliliters","VOLUME","C2984063","2"
"C2985231","Body Weight Measurement","DIAGNOSTIC_PROCEDURE","C2985231","2"
"C2985747","Contrast Agent Enhancement Indicator","SIGN_SYMPTOM","C2985747","1"
"C2986411","Improvement","OUTCOME","C2986411","9"
"C2987487","Deficit","SIGN_SYMPTOM","C2987487","1"
"C2987716","vismodegib","MEDICATION","C2987716","1"
"C3-C6","C3-C6","BIOLOGICAL_STRUCTURE","","2"
"C3/C4 level","C3/C4 level","BIOLOGICAL_STRUCTURE","","1"
"C3146289","Anatomic bifurcation","BIOLOGICAL_STRUCTURE","C3146289","1"
"C3159055","horizontal cell localization","SIGN_SYMPTOM","C3159055","1"
"C3159309","Xarelto","MEDICATION","C3159309","1"
"C3160856","Endobronchial Ultrasound Bronchoscopy","DIAGNOSTIC_PROCEDURE","C3160856","1"
"C3160897","Opioid-Induced Constipation","MEDICATION","C3160897","1"
"C3163961","Dysplastic nodule","DISEASE_DISORDER","C3163961","1"
"C3164124","Foam dressing","MEDICATION","C3164124","8"
"C3171718","2 minutes","DURATION","C3171718","2"
"C3178761","Chemoradiotherapy, Adjuvant","THERAPEUTIC_PROCEDURE","C3178761","2"
"C3179010","Induction Chemotherapy","MEDICATION","C3179010","3"
"C3179046","Inlets (geographic)","AREA","C3179046","1"
"C3179392","Vascular Medicine","NONBIOLOGICAL_LOCATION","C3179392","2"
"C3203653","IgG4-Related Sclerosing Disease","DISEASE_DISORDER","C3203653","1"
"C3242229","ineffective","SIGN_SYMPTOM","C3242229","2"
"C3242272","Condition improved","OUTCOME","C3242272","1"
"C3245508","negative resolution <retracted>","SHAPE","C3245508","1"
"C3251803","Hemodynamic care","NONBIOLOGICAL_LOCATION","C3251803","1"
"C3263722","Traumatic AND/OR non-traumatic injury","DISEASE_DISORDER","C3263722","2"
"C3266201","Primary dressing","THERAPEUTIC_PROCEDURE","C3266201","1"
"C3266202","Secondary dressing","THERAPEUTIC_PROCEDURE","C3266202","1"
"C3272300","Pre-Procedure","DETAILED_DESCRIPTION","C3272300","1"
"C3272686","FIGO Stage IIIC1","SEVERITY","C3272686","1"
"C3275086","Home Hospice","NONBIOLOGICAL_LOCATION","C3275086","1"
"C3280788","Aortic isthmus stenosis","DISEASE_DISORDER","C3280788","1"
"C3494912","Dry dressing, device","THERAPEUTIC_PROCEDURE","C3494912","1"
"C3495801","Granulomatosis with polyangiitis","DISEASE_DISORDER","C3495801","1"
"C3498505","Trigeminal cave","BIOLOGICAL_STRUCTURE","C3498505","1"
"C3509486","Transcatheter Aortic Valve Replacement","THERAPEUTIC_PROCEDURE","C3509486","1"
"C3530466","Eliquis","MEDICATION","C3530466","2"
"C3532942","Mixed Dementias","DISEASE_DISORDER","C3532942","2"
"C3536731","Massage Therapy","NONBIOLOGICAL_LOCATION","C3536731","2"
"C3538928","Usual","SHAPE","C3538928","1"
"C3540014","CENTRAL NERVOUS SYSTEM DIAGNOSTIC RADIOPHARMACEUTICALS","BIOLOGICAL_STRUCTURE","C3540014","2"
"C3640834","Atrial Couplet by ECG Finding","SIGN_SYMPTOM","C3640834","1"
"C3640899","Short QTc Interval","DIAGNOSTIC_PROCEDURE","C3640899","3"
"C3641222","Very good (qualifier value)","OUTCOME","C3641222","1"
"C3665783","Obstructive shock","DISEASE_DISORDER","C3665783","1"
"C3686502","Mucosal thickening","SIGN_SYMPTOM","C3686502","7"
"C3698318","Marginal osteophyte","SIGN_SYMPTOM","C3698318","2"
"C3715152","Fourteen","QUANTITATIVE_CONCEPT","C3715152","1"
"C3715153","Fifteen","QUANTITATIVE_CONCEPT","C3715153","1"
"C3715181","Hypertension clinic","NONBIOLOGICAL_LOCATION","C3715181","1"
"C3715205","Plastic surgery clinic","NONBIOLOGICAL_LOCATION","C3715205","1"
"C3715206","Eighteen","LAB_VALUE","C3715206","2"
"C3810855","Endocrinology clinic","NONBIOLOGICAL_LOCATION","C3810855","4"
"C3810868","Proctology clinic","NONBIOLOGICAL_LOCATION","C3810868","1"
"C3810869","Sports medicine clinic","NONBIOLOGICAL_LOCATION","C3810869","1"
"C3811912","Psychology clinic","NONBIOLOGICAL_LOCATION","C3811912","1"
"C3812390","Dermatology clinic","NONBIOLOGICAL_LOCATION","C3812390","3"
"C3812871","Rheumatology clinic","NONBIOLOGICAL_LOCATION","C3812871","1"
"C3814448","Low Anterior Resection","BIOLOGICAL_STRUCTURE","C3814448","1"
"C3814531","Nephrology clinic","NONBIOLOGICAL_LOCATION","C3814531","5"
"C3814532","Neurology clinic","NONBIOLOGICAL_LOCATION","C3814532","5"
"C3814533","Hand surgery - surgical specialty","NONBIOLOGICAL_LOCATION","C3814533","1"
"C3814800","Grade X","SEVERITY","C3814800","1"
"C3816446","Thirty","DISTANCE","C3816446","3"
"C3816449","Forty","VOLUME","C3816449","3"
"C3816500","Pediatric cardiology clinic","NONBIOLOGICAL_LOCATION","C3816500","3"
"C3816504","Pediatric oncology clinic","NONBIOLOGICAL_LOCATION","C3816504","1"
"C3816723","Fifty","DOSAGE","C3816723","2"
"C3816724","Sixty","VOLUME","C3816724","2"
"C3816747","500","VOLUME","C3816747","6"
"C3816958","Eighty","LAB_VALUE","C3816958","3"
"C3827806","Tortuous colon","SIGN_SYMPTOM","C3827806","3"
"C3828193","September","DATE","C3828193","10"
"C3828732","October","DATE","C3828732","3"
"C3828767","November","DATE","C3828767","6"
"C3829443","June","DATE","C3829443","1"
"C3829466","January","DATE","C3829466","11"
"C3829578","Hypoechoic Focus","TEXTURE","C3829578","26"
"C3829581","Hyperechoic Focus","SIGN_SYMPTOM","C3829581","1"
"C3830166","February","DATE","C3830166","5"
"C3830314","Enhancing Lesion","SIGN_SYMPTOM","C3830314","1"
"C3830344","ECOG Performance Status 2","LAB_VALUE","C3830344","1"
"C3830345","ECOG Performance Status 1","LAB_VALUE","C3830345","1"
"C3830346","ECOG Performance Status 0","LAB_VALUE","C3830346","1"
"C3830550","December","DATE","C3830550","8"
"C3831117","Child-Pugh Class A","SEVERITY","C3831117","1"
"C3831270","Breast Fibroglandular Tissue","BIOLOGICAL_STRUCTURE","C3831270","4"
"C3831321","Bone Marrow Collection","NONBIOLOGICAL_LOCATION","C3831321","1"
"C3831330","Blood Product Collection","NONBIOLOGICAL_LOCATION","C3831330","1"
"C3831448","August","DATE","C3831448","1"
"C3834491","Gastroenterology clinic","NONBIOLOGICAL_LOCATION","C3834491","6"
"C3838700","Orthopedic clinic","NONBIOLOGICAL_LOCATION","C3838700","1"
"C3838745","Audiology clinic","NONBIOLOGICAL_LOCATION","C3838745","1"
"C3838844","Ophthalmology clinic","NONBIOLOGICAL_LOCATION","C3838844","4"
"C3838887","Internal medicine clinic","NONBIOLOGICAL_LOCATION","C3838887","1"
"C3839015","Oncology clinic","NONBIOLOGICAL_LOCATION","C3839015","3"
"C3839053","Osteoporosis clinic","NONBIOLOGICAL_LOCATION","C3839053","1"
"C3839291","Hematology clinic","NONBIOLOGICAL_LOCATION","C3839291","2"
"C3839295","Neurosurgery clinic","NONBIOLOGICAL_LOCATION","C3839295","1"
"C3839419","Immunology clinic","NONBIOLOGICAL_LOCATION","C3839419","1"
"C3839447","Speech and language therapy clinic","NONBIOLOGICAL_LOCATION","C3839447","1"
"C3839674","Gynecology clinic","NONBIOLOGICAL_LOCATION","C3839674","2"
"C3839701","Pediatric clinic","NONBIOLOGICAL_LOCATION","C3839701","1"
"C3839785","Rehabilitation clinic","NONBIOLOGICAL_LOCATION","C3839785","2"
"C3839912","Mental health clinic","NONBIOLOGICAL_LOCATION","C3839912","6"
"C3840001","Genetics clinic","NONBIOLOGICAL_LOCATION","C3840001","1"
"C3840245","Obstetrics and gynecology clinic","NONBIOLOGICAL_LOCATION","C3840245","2"
"C3840262","General surgery clinic","NONBIOLOGICAL_LOCATION","C3840262","4"
"C3840745","Hospital emergency department","NONBIOLOGICAL_LOCATION","C3840745","1"
"C3840882","5 mm","QUANTITATIVE_CONCEPT","C3840882","4"
"C3842085","7 mm","DISTANCE","C3842085","4"
"C3842086","6 mm","DISTANCE","C3842086","3"
"C3842087","4 mm","QUANTITATIVE_CONCEPT","C3842087","5"
"C3842088","3 mm","DISTANCE","C3842088","5"
"C3842089","2 mm","DISTANCE","C3842089","4"
"C3842090","1 mm","QUANTITATIVE_CONCEPT","C3842090","2"
"C3842330","Manually","DETAILED_DESCRIPTION","C3842330","1"
"C3842441","Fall from standing height or less","ACTIVITY","C3842441","1"
"C3842584","70%","LAB_VALUE","C3842584","3"
"C3842585","60%","QUANTITATIVE_CONCEPT","C3842585","1"
"C3842588","30%","QUANTITATIVE_CONCEPT","C3842588","1"
"C3842590","10%","QUANTITATIVE_CONCEPT","C3842590","5"
"C3844011","2.5","LAB_VALUE","C3844011","1"
"C3845349","Once a month","FREQUENCY","C3845349","1"
"C3846112","Radiosurgery, Stereotactic","THERAPEUTIC_PROCEDURE","C3846112","2"
"C3853333","Sixty minutes","DURATION","C3853333","2"
"C3854322","Molding device","SIGN_SYMPTOM","C3854322","2"
"C3854325","Janus kinase inhibitor","MEDICATION","C3854325","2"
"C3856877","Photographic Stations, Gel Documentation","DIAGNOSTIC_PROCEDURE","C3856877","2"
"C3869890","Large amount","VOLUME","C3869890","1"
"C3869891","Moderate amount","VOLUME","C3869891","1"
"C3869892","Small amount","VOLUME","C3869892","1"
"C3872102","Saxenda","MEDICATION","C3872102","2"
"C3873181","Every fourteen days","FREQUENCY","C3873181","1"
"C3887644","Inflammatory infiltrate","SIGN_SYMPTOM","C3887644","2"
"C3898008","Palliative Radiation Therapy","THERAPEUTIC_PROCEDURE","C3898008","11"
"C3898100","One Year Ago","DATE","C3898100","2"
"C3899187","Extranodal Extension","SIGN_SYMPTOM","C3899187","1"
"C3901922","Lacera","BIOLOGICAL_STRUCTURE","C3901922","1"
"C4/C5","C4/C5","BIOLOGICAL_STRUCTURE","","1"
"C4024157","Asymmetry of the nares","SIGN_SYMPTOM","C4024157","1"
"C4025301","Cervical C5/C6 vertebrae fusion","BIOLOGICAL_STRUCTURE","C4025301","1"
"C4028821","Laryngeal Tube","THERAPEUTIC_PROCEDURE","C4028821","1"
"C4035198","Health Promotion Clinic","NONBIOLOGICAL_LOCATION","C4035198","1"
"C4036188","7-10 days","DURATION","C4036188","1"
"C4039027","Subxiphoid approach","AREA","C4039027","1"
"C4039781","Chronic non-specific colitis","DISEASE_DISORDER","C4039781","1"
"C4042755","Medical Overuse","ACTIVITY","C4042755","3"
"C4042789","Right-Sided Breast Neoplasms","DISEASE_DISORDER","C4042789","1"
"C4048755","Apply","ADMINISTRATION","C4048755","1"
"C4050469","Borg Category-Ratio 10 Perceived Exertion Score 2","ACTIVITY","C4050469","1"
"C4053942","Testicular Involvement","SIGN_SYMPTOM","C4053942","1"
"C4055638","Significantly low","SEVERITY","C4055638","1"
"C4056537","Tresiba","MEDICATION","C4056537","1"
"C4058811","osimertinib","MEDICATION","C4058811","1"
"C4068744","Reactive to light","DETAILED_DESCRIPTION","C4068744","1"
"C4071832","7 days","DURATION","C4071832","2"
"C4071833","6 months","DURATION","C4071833","2"
"C4071839","14 days","TIME","C4071839","2"
"C4075962","Low dose computed tomography of thorax","DIAGNOSTIC_PROCEDURE","C4075962","2"
"C4082117","One year","DURATION","C4082117","1"
"C4082118","Two weeks","DURATION","C4082118","5"
"C4082706","Temodal","MEDICATION","C4082706","1"
"C4085887","Inspiratory Vital Capacity Test","BIOLOGICAL_STRUCTURE","C4085887","1"
"C4086268","Exacerbation","SIGN_SYMPTOM","C4086268","1"
"C4086564","Mass Effect","SIGN_SYMPTOM","C4086564","1"
"C4227447","Skin retraction","SIGN_SYMPTOM","C4227447","1"
"C4229391","Increased white matter signal","SIGN_SYMPTOM","C4229391","2"
"C4230397","Spindle-shaped finger","SHAPE","C4230397","1"
"C4230512","Intraventricular conduction disturbances","DISEASE_DISORDER","C4230512","2"
"C4245810","Right greater palatine foramen","BIOLOGICAL_STRUCTURE","C4245810","1"
"C4245850","Right nasal cavity","BIOLOGICAL_STRUCTURE","C4245850","1"
"C4247387","Left greater palatine foramen","BIOLOGICAL_STRUCTURE","C4247387","1"
"C4273494","Unexpected difficult airway","DISEASE_DISORDER","C4273494","1"
"C4277672","Sleep Hygiene","ACTIVITY","C4277672","1"
"C4282165","Swollen Lymph Node","SIGN_SYMPTOM","C4282165","15"
"C4284103","Left Ventricular Outflow Tract","BIOLOGICAL_STRUCTURE","C4284103","1"
"C4284144","Zero Activity Time","ACTIVITY","C4284144","1"
"C4284918","Left Atrial Appendage","BIOLOGICAL_STRUCTURE","C4284918","1"
"C4288732","Mitral Valve Regurgitant Jet Area","SIGN_SYMPTOM","C4288732","3"
"C4288760","Metabolic Equivalent of Task Hours","DISEASE_DISORDER","C4288760","1"
"C4289269","Flap Surgical Reconstruction","BIOLOGICAL_STRUCTURE","C4289269","1"
"C4289892","CDKN2A-p16 Positive","LAB_VALUE","C4289892","4"
"C4299034","2 years","DURATION","C4299034","5"
"C4319558","200","QUANTITATIVE_CONCEPT","C4319558","2"
"C4319567","Forty-five","LAB_VALUE","C4319567","1"
"C4321486","One Hundred Fifty","DOSAGE","C4321486","3"
"C4330937","Partial Resection","THERAPEUTIC_PROCEDURE","C4330937","4"
"C4331911","M-Mode Ultrasound Mode","DIAGNOSTIC_PROCEDURE","C4331911","1"
"C4489276","Readmission","CLINICAL_EVENT","C4489276","1"
"C4489427","Peripheral veins","BIOLOGICAL_STRUCTURE","C4489427","1"
"C4489703","Peripheral venous access","THERAPEUTIC_PROCEDURE","C4489703","1"
"C4505134","Smoking, Non-Tobacco Products","ACTIVITY","C4505134","1"
"C4517457","0.4","DISTANCE","C4517457","2"
"C4517483","0.85","LAB_VALUE","C4517483","1"
"C4517491","1.1 (qualifier value)","LAB_VALUE","C4517491","2"
"C4517517","1.9","LAB_VALUE","C4517517","4"
"C4517629","2.2","LAB_VALUE","C4517629","1"
"C4517633","2.6","LAB_VALUE","C4517633","1"
"C4517641","2.9","LAB_VALUE","C4517641","2"
"C4517687","3.2 (number)","LAB_VALUE","C4517687","1"
"C4517688","3.3 (number)","LAB_VALUE","C4517688","1"
"C4517694","3.6","LAB_VALUE","C4517694","1"
"C4517698","3.9","LAB_VALUE","C4517698","2"
"C4517761","4.4","LAB_VALUE","C4517761","2"
"C4517764","4.6","LAB_VALUE","C4517764","3"
"C4517796","5.8","LAB_VALUE","C4517796","2"
"C4517826","6.9","LAB_VALUE","C4517826","1"
"C4524848","Arsenic Trioxide Capsule Formulation ORH 2014","DATE","C4524848","3"
"C4527217","Infiltrative Tumor Margin","DISEASE_DISORDER","C4527217","1"
"C4527249","Full-thickness Skin Biopsy of Nipple and Areola","DIAGNOSTIC_PROCEDURE","C4527249","1"
"C4527310","Gleason Grade Group 2","LAB_VALUE","C4527310","2"
"C4527312","Gleason Grade Group 4","SEVERITY","C4527312","1"
"C4527410","Endocrine Therapy Toxicity","THERAPEUTIC_PROCEDURE","C4527410","1"
"C4527565","Performance of the Upper Limb Module for DMD 2.0 Functional Test","LAB_VALUE","C4527565","1"
"C4528237","Annular Plane Systolic Excursion","DIAGNOSTIC_PROCEDURE","C4528237","1"
"C4531109","Polycyclic","SHAPE","C4531109","3"
"C4533021","Mesenteric vessels","BIOLOGICAL_STRUCTURE","C4533021","1"
"C4551716","Cryotherapy","NONBIOLOGICAL_LOCATION","C4551716","2"
"C4551744","Tazocin","MEDICATION","C4551744","5"
"C4552744","Daily Living","ACTIVITY","C4552744","1"
"C4553624","With meals","FREQUENCY","C4553624","1"
"C4554347","Return of spontaneous circulation:Finding:Point in time:^Patient:Nominal","SIGN_SYMPTOM","C4554347","1"
"C4554477","Handover","CLINICAL_EVENT","C4554477","1"
"C4684527","Supraclavicular Fossa","AREA","C4684527","1"
"C4685003","Blood Inflammatory Marker","SIGN_SYMPTOM","C4685003","6"
"C4687695","Lymphovascular Invasion 1","SIGN_SYMPTOM","C4687695","1"
"C4688327","Intergroup Rhabdomyosarcoma Group III","AREA","C4688327","2"
"C4688621","Intergroup Rhabdomyosarcoma Group IIa","AREA","C4688621","1"
"C4697722","Hyperechoic","DETAILED_DESCRIPTION","C4697722","1"
"C4720860","Hypoechoic nodule","SIGN_SYMPTOM","C4720860","3"
"C4721411","Osteolysis","DISEASE_DISORDER","C4721411","1"
"C4722602","Underlying","DISEASE_DISORDER","C4722602","4"
"C4724080","SERPINB3 wt Allele","DISEASE_DISORDER","C4724080","12"
"C4725957","Oncology Unit","NONBIOLOGICAL_LOCATION","C4725957","5"
"C4726575","Supradiaphragmatic","AREA","C4726575","1"
"C4727792","Gelaspan","MEDICATION","C4727792","1"
"C4744465","Tumor Regression Score 1","DIAGNOSTIC_PROCEDURE","C4744465","1"
"C4744828","T2 (Observed)-Weighted Imaging","DIAGNOSTIC_PROCEDURE","C4744828","5"
"C4758646","Femur - right","BIOLOGICAL_STRUCTURE","C4758646","1"
"C4760630","Fertility Clinics","NONBIOLOGICAL_LOCATION","C4760630","1"
"C4761375","Solid Nodule","SIGN_SYMPTOM","C4761375","1"
"C4763878","Endoscopic Sinus Surgery","THERAPEUTIC_PROCEDURE","C4763878","1"
"C4763936","Musculoskeletal Rehabilitation","NONBIOLOGICAL_LOCATION","C4763936","1"
"C5-C7","C5-C7","BIOLOGICAL_STRUCTURE","","2"
"C5-C7 level","C5-C7 level","BIOLOGICAL_STRUCTURE","","2"
"C5090544","Rotunda","BIOLOGICAL_STRUCTURE","C5090544","1"
"C5139174","Parenchymal consolidation","SIGN_SYMPTOM","C5139174","1"
"C5139666","tebentafusp","MEDICATION","C5139666","1"
"C5142984","7-14 days","DURATION","C5142984","1"
"C5142989","3 times a week","FREQUENCY","C5142989","1"
"C5202852","Continuous Glucose Monitoring System","DIAGNOSTIC_PROCEDURE","C5202852","1"
"C5203670","COVID19 (disease)","DISEASE_DISORDER","C5203670","3"
"C5203676","SARS-CoV-2","OTHER_ENTITY","C5203676","1"
"C5204639","Last Year Seen","DATE","C5204639","1"
"C5204745","Less Than Once a Year","FREQUENCY","C5204745","1"
"C5206915","Neoantigen-HSP70 Peptide Cancer Vaccine AGEN2017","DATE","C5206915","2"
"C5234922","Hemorrhagic Stroke","DISEASE_DISORDER","C5234922","1"
"C5237503","Periventricular","AREA","C5237503","1"
"C5238836","Pathologic Murmur","SIGN_SYMPTOM","C5238836","4"
"C5243901","Symptomatic treatment","THERAPEUTIC_PROCEDURE","C5243901","3"
"C5396190","2.3","LAB_VALUE","C5396190","1"
"C5418765","Vigorous Supportive Therapy","THERAPEUTIC_PROCEDURE","C5418765","1"
"C5419045","Surgical Follow-Up Care","CLINICAL_EVENT","C5419045","3"
"C5419559","Protocol Treatment Arm Molecular Target","THERAPEUTIC_PROCEDURE","C5419559","1"
"C5420073","Peritoneal Implant","DISEASE_DISORDER","C5420073","1"
"C5420404","Maxillofacial Bone","AREA","C5420404","1"
"C5421113","Complete Resection","DISEASE_DISORDER","C5421113","1"
"C5421223","Partial Regression","OUTCOME","C5421223","1"
"C5421224","Complete Regression","OUTCOME","C5421224","1"
"C5422989","Purchased Services, Ancillary Support, Transportation, Ambulance","NONBIOLOGICAL_LOCATION","C5422989","1"
"C5424789","Contractility","BIOLOGICAL_ATTRIBUTE","C5424789","7"
"C5441444","Transfusion of blood and blood products","THERAPEUTIC_PROCEDURE","C5441444","1"
"C5441521","Complaint (finding)","SIGN_SYMPTOM","C5441521","6"
"C5441786","Impaired concentration","SIGN_SYMPTOM","C5441786","1"
"C5447168","Primary Care Physician's Office Visit","NONBIOLOGICAL_LOCATION","C5447168","1"
"C5452979","5 years","TIME","C5452979","1"
"C5539692","Peripheral lung neovascularity","SIGN_SYMPTOM","C5539692","8"
"C5543630","Posterior atrophy of corpus callosum","BIOLOGICAL_STRUCTURE","C5543630","1"
"C5544399","Nordic Walking","ACTIVITY","C5544399","1"
"C5551176","Tumor cells","DISEASE_DISORDER","C5551176","1"
"C5551904","Generalized seborrheic dermatitis of infants","DISEASE_DISORDER","C5551904","1"
"C5552803","Injected Insulin Diabetes Therapy","THERAPEUTIC_PROCEDURE","C5552803","2"
"C5554776","Cardiology Unit Visit","NONBIOLOGICAL_LOCATION","C5554776","3"
"C5554790","Pathological Diagnosis","DIAGNOSTIC_PROCEDURE","C5554790","1"
"C5555886","Biospecimen Preparation","MEDICATION","C5555886","2"
"C5556464","Gadolinium Enhancement","SIGN_SYMPTOM","C5556464","2"
"C5556542","Palliative Chemotherapy","THERAPEUTIC_PROCEDURE","C5556542","1"
"C5563317","Irregular bowel movements","SIGN_SYMPTOM","C5563317","1"
"C5566438","Lymph node level IVa","BIOLOGICAL_STRUCTURE","C5566438","1"
"C5575607","Family Support","NONBIOLOGICAL_LOCATION","C5575607","2"
"C5667489","Hyperintensity","SIGN_SYMPTOM","C5667489","1"
"C5667516","Diffusion Restriction","SIGN_SYMPTOM","C5667516","23"
"C5671018","Fluid Collection Site","SIGN_SYMPTOM","C5671018","2"
"C5676670","Reduced fetal long bone echogenicity","SIGN_SYMPTOM","C5676670","7"
"C6/C7","C6/C7","BIOLOGICAL_STRUCTURE","","1"
"CAPTEM","CAPTEM","MEDICATION","","1"
"COMBO-type self-adhesive pads","COMBO-type self-adhesive pads","THERAPEUTIC_PROCEDURE","","1"
"CT","CT","DIAGNOSTIC_PROCEDURE","","5"
"Cardiac dimensions","Cardiac dimensions","BIOLOGICAL_ATTRIBUTE","","1"
"Cheek on the right side","Cheek on the right side","AREA","","1"
"Children's Memorial Health Institute in Warsaw","Children's Memorial Health Institute in Warsaw","NONBIOLOGICAL_LOCATION","","2"
"Chronic Wound Treatment Clinic","Chronic Wound Treatment Clinic","NONBIOLOGICAL_LOCATION","","2"
"Closure of the ileostomy","Closure of the ileostomy","THERAPEUTIC_PROCEDURE","","1"
"Contractility disturbances","Contractility disturbances","SIGN_SYMPTOM","","1"
"Convamax dressing","Convamax dressing","THERAPEUTIC_PROCEDURE","","1"
"Copernicus Hospital","Copernicus Hospital","NONBIOLOGICAL_LOCATION","","1"
"Copernicus hospital","Copernicus hospital","NONBIOLOGICAL_LOCATION","","1"
"Day Unit of the Department of Cardiology, Non-Invasive Medicine Centre building, 2nd floor","Day Unit of the Department of Cardiology, Non-Invasive Medicine Centre building, 2nd floor","NONBIOLOGICAL_LOCATION","","1"
"Day Unit of the Department of Endocrinology","Day Unit of the Department of Endocrinology","NONBIOLOGICAL_LOCATION","","1"
"Day Unit of the Department of Haematology","Day Unit of the Department of Haematology","NONBIOLOGICAL_LOCATION","","1"
"Degenerative and productive changes","Degenerative and productive changes","DISEASE_DISORDER","","1"
"Department of Arterial Hypertension and Diabetology","Department of Arterial Hypertension and Diabetology","NONBIOLOGICAL_LOCATION","","8"
"Department of Arterial Hypertension and Diabetology of the University Clinical Centre","Department of Arterial Hypertension and Diabetology of the University Clinical Centre","NONBIOLOGICAL_LOCATION","","1"
"Department of Cardiology","Department of Cardiology","NONBIOLOGICAL_LOCATION","","1"
"Department of Gastroenterology of the University Clinical Centre","Department of Gastroenterology of the University Clinical Centre","NONBIOLOGICAL_LOCATION","","1"
"Department of General Surgery of the Hospital in Tczew","Department of General Surgery of the Hospital in Tczew","NONBIOLOGICAL_LOCATION","","1"
"Department of Haematology","Department of Haematology","NONBIOLOGICAL_LOCATION","","1"
"Department of Hypertension and Diabetology","Department of Hypertension and Diabetology","NONBIOLOGICAL_LOCATION","","1"
"Department of Neurology of the Non-Invasive Medicine Centre","Department of Neurology of the Non-Invasive Medicine Centre","NONBIOLOGICAL_LOCATION","","2"
"Department of Oncological, Transplant and General Surgery","Department of Oncological, Transplant and General Surgery","NONBIOLOGICAL_LOCATION","","1"
"Department of Oncology and Radiotherapy of the University Clinical Centre","Department of Oncology and Radiotherapy of the University Clinical Centre","NONBIOLOGICAL_LOCATION","","1"
"Dermovate ointment","Dermovate ointment","MEDICATION","","1"
"Dexaven","Dexaven","MEDICATION","","1"
"Dexcom CGM","Dexcom CGM","DIAGNOSTIC_PROCEDURE","","1"
"Diabetology Clinic","Diabetology Clinic","NONBIOLOGICAL_LOCATION","","4"
"Diastasis of the linea alba","Diastasis of the linea alba","DISEASE_DISORDER","","1"
"Diuver","Diuver","MEDICATION","","2"
"Doctors' Room of the Department of Arterial Hypertension and Diabetology","Doctors' Room of the Department of Arterial Hypertension and Diabetology","NONBIOLOGICAL_LOCATION","","1"
"EMA+","EMA+","LAB_VALUE","","1"
"ENE","ENE","SIGN_SYMPTOM","","1"
"EPE","EPE","SIGN_SYMPTOM","","1"
"EU-TIRADS 2","EU-TIRADS 2","LAB_VALUE","","1"
"EU-TIRADS 3","EU-TIRADS 3","LAB_VALUE","","6"
"EU-TIRADS 4","EU-TIRADS 4","LAB_VALUE","","11"
"EU-TIRADS-PL 3","EU-TIRADS-PL 3","LAB_VALUE","","1"
"Emergency thoracotomy","Emergency thoracotomy","THERAPEUTIC_PROCEDURE","","1"
"Extension beyond the anatomical boundaries of the gland","Extension beyond the anatomical boundaries of the gland","SIGN_SYMPTOM","","1"
"FLA","FLA","DIAGNOSTIC_PROCEDURE","","1"
"Focal metabolic activity","Focal metabolic activity","SIGN_SYMPTOM","","1"
"Follow-up MR of the head","Follow-up MR of the head","DIAGNOSTIC_PROCEDURE","","1"
"Fortification of the diet","Fortification of the diet","THERAPEUTIC_PROCEDURE","","1"
"Forxiga","Forxiga","MEDICATION","","2"
"Friday 10 March 2023","Friday 10 March 2023","DATE","","1"
"GRASP-VIBE","GRASP-VIBE","DIAGNOSTIC_PROCEDURE","","2"
"Gdańsk","Gdańsk","NONBIOLOGICAL_LOCATION","","1"
"Gleason 4+4","Gleason 4+4","SEVERITY","","1"
"Granugel","Granugel","MEDICATION","","6"
"Greater Poland Cancer Centre","Greater Poland Cancer Centre","NONBIOLOGICAL_LOCATION","","2"
"Greater Poland Cancer Centre in Gdańsk","Greater Poland Cancer Centre in Gdańsk","NONBIOLOGICAL_LOCATION","","1"
"Gynaecology Clinic of the University Clinical Centre","Gynaecology Clinic of the University Clinical Centre","NONBIOLOGICAL_LOCATION","","1"
"HRCT","HRCT","DIAGNOSTIC_PROCEDURE","","1"
"Haematology Day Unit","Haematology Day Unit","NONBIOLOGICAL_LOCATION","","1"
"High-grade tumour budding","High-grade tumour budding","SIGN_SYMPTOM","","1"
"Hydrotac","Hydrotac","MEDICATION","","1"
"I-III, V","I-III, V","AREA","","1"
"IA","IA","BIOLOGICAL_STRUCTURE","","1"
"IB","IB","BIOLOGICAL_STRUCTURE","","1"
"ICD/CRT","ICD/CRT","THERAPEUTIC_PROCEDURE","","2"
"Ia and Ib on the left side","Ia and Ib on the left side","BIOLOGICAL_STRUCTURE","","2"
"Ib, II, III and V on the right side","Ib, II, III and V on the right side","BIOLOGICAL_STRUCTURE","","2"
"Immunomodulatory treatment","Immunomodulatory treatment","THERAPEUTIC_PROCEDURE","","1"
"Immuven","Immuven","MEDICATION","","1"
"Inadine","Inadine","MEDICATION","","2"
"Infectious Diseases Clinic of the University Centre of Maritime and Tropical Medicine in Gdynia","Infectious Diseases Clinic of the University Centre of Maritime and Tropical Medicine in Gdynia","NONBIOLOGICAL_LOCATION","","1"
"June 2016","June 2016","DATE","","1"
"June 2022","June 2022","DATE","","2"
"Keto-Diastix","Keto-Diastix","DIAGNOSTIC_PROCEDURE","","1"
"Kreon","Kreon","MEDICATION","","4"
"L/S segment of the spine","L/S segment of the spine","BIOLOGICAL_STRUCTURE","","1"
"L1-3 and Th4 levels","L1-3 and Th4 levels","AREA","","1"
"L2/L3 level","L2/L3 level","BIOLOGICAL_STRUCTURE","","1"
"L3/L4 level","L3/L4 level","BIOLOGICAL_STRUCTURE","","1"
"L4/L5 level","L4/L5 level","BIOLOGICAL_STRUCTURE","","1"
"L5/S1 level","L5/S1 level","BIOLOGICAL_STRUCTURE","","1"
"LDCT","LDCT","DIAGNOSTIC_PROCEDURE","","2"
"LVEF","LVEF","DIAGNOSTIC_PROCEDURE","","2"
"Lantus SoloStar insulin","Lantus SoloStar insulin","MEDICATION","","2"
"Loss of the cervical lordosis","Loss of the cervical lordosis","SIGN_SYMPTOM","","1"
"Lumify echo","Lumify echo","DIAGNOSTIC_PROCEDURE","","1"
"MND","MND","THERAPEUTIC_PROCEDURE","","2"
"Macdonald regimen","Macdonald regimen","MEDICATION","","1"
"Main Reception in the CMI building","Main Reception in the CMI building","NONBIOLOGICAL_LOCATION","","1"
"May 2022","May 2022","DATE","","2"
"Measurement of waist and hip circumference","Measurement of waist and hip circumference","DIAGNOSTIC_PROCEDURE","","1"
"Meckel's caves","Meckel's caves","BIOLOGICAL_STRUCTURE","","1"
"Mepilex","Mepilex","MEDICATION","","3"
"Mepilex Ag","Mepilex Ag","MEDICATION","","1"
"Mepilex foam dressing","Mepilex foam dressing","MEDICATION","","2"
"Mepilex foam dressings","Mepilex foam dressings","MEDICATION","","1"
"Metabolically active","Metabolically active","SIGN_SYMPTOM","","1"
"Metabolically active focus","Metabolically active focus","SIGN_SYMPTOM","","2"
"Metabolically active lytic focus","Metabolically active lytic focus","SIGN_SYMPTOM","","1"
"Microdacyn","Microdacyn","MEDICATION","","3"
"Microdacyn gel","Microdacyn gel","MEDICATION","","5"
"Microdacyn hydrogel","Microdacyn hydrogel","MEDICATION","","1"
"Monitoring of liver parameters and electrolytes","Monitoring of liver parameters and electrolytes","DIAGNOSTIC_PROCEDURE","","1"
"Monitoring of the frequency of bowel movements","Monitoring of the frequency of bowel movements","DIAGNOSTIC_PROCEDURE","","1"
"Monitoring of the full blood count","Monitoring of the full blood count","DIAGNOSTIC_PROCEDURE","","1"
"Mucosal changes","Mucosal changes","SIGN_SYMPTOM","","1"
"NI-RADS","NI-RADS","DIAGNOSTIC_PROCEDURE","","1"
"Napsin A (+)","Napsin A (+)","LAB_VALUE","","1"
"National Institute of Oncology","National Institute of Oncology","NONBIOLOGICAL_LOCATION","","1"
"Nephrology Clinic of the University Clinical Centre","Nephrology Clinic of the University Clinical Centre","NONBIOLOGICAL_LOCATION","","2"
"Neuroinvasion","Neuroinvasion","SIGN_SYMPTOM","","2"
"Neurological consultation","Neurological consultation","DIAGNOSTIC_PROCEDURE","","3"
"Non-Invasive Medicine Centre","Non-Invasive Medicine Centre","NONBIOLOGICAL_LOCATION","","1"
"Non-compaction","Non-compaction","DISEASE_DISORDER","","1"
"Non-shockable rhythm","Non-shockable rhythm","SIGN_SYMPTOM","","2"
"Nutrition Clinic of the Copernicus Hospital","Nutrition Clinic of the Copernicus Hospital","NONBIOLOGICAL_LOCATION","","1"
"Offloading","Offloading","THERAPEUTIC_PROCEDURE","","4"
"Omnifix E","Omnifix E","MEDICATION","","2"
"Optilyte","Optilyte","MEDICATION","","4"
"Overuse changes","Overuse changes","SIGN_SYMPTOM","","1"
"P63-","P63-","LAB_VALUE","","1"
"PICC line was inserted","PICC line was inserted","THERAPEUTIC_PROCEDURE","","1"
"PL=1, B","PL=1, B","DETAILED_DESCRIPTION","","1"
"PLMs","PLMs","DISEASE_DISORDER","","1"
"POCUS","POCUS","DIAGNOSTIC_PROCEDURE","","2"
"PQ","PQ","DIAGNOSTIC_PROCEDURE","","5"
"PQ 140 ms","PQ 140 ms","LAB_VALUE","","1"
"PRBC","PRBC","MEDICATION","","2"
"PSA-","PSA-","LAB_VALUE","","1"
"Periodic replacement of the Foley catheter","Periodic replacement of the Foley catheter","THERAPEUTIC_PROCEDURE","","1"
"Perithyroid lymph nodes","Perithyroid lymph nodes","BIOLOGICAL_STRUCTURE","","3"
"Pinpoint","Pinpoint","SIGN_SYMPTOM","","1"
"Planned Admissions Point at the Non-Invasive Medicine Centre","Planned Admissions Point at the Non-Invasive Medicine Centre","NONBIOLOGICAL_LOCATION","","1"
"Planned Admissions Point of the CMI","Planned Admissions Point of the CMI","NONBIOLOGICAL_LOCATION","","1"
"Planned Admissions Point of the Non-Invasive Medicine Centre","Planned Admissions Point of the Non-Invasive Medicine Centre","NONBIOLOGICAL_LOCATION","","1"
"Polish Mother's Memorial Hospital Research Institute in Łódź","Polish Mother's Memorial Hospital Research Institute in Łódź","NONBIOLOGICAL_LOCATION","","1"
"ProHance","ProHance","MEDICATION","","1"
"Pulmonary venous collector","Pulmonary venous collector","BIOLOGICAL_STRUCTURE","","1"
"QRS 80 ms","QRS 80 ms","LAB_VALUE","","1"
"QT 310 ms","QT 310 ms","LAB_VALUE","","1"
"QTc 420 ms","QTc 420 ms","LAB_VALUE","","1"
"R-ICA","R-ICA","BIOLOGICAL_STRUCTURE","","3"
"RICA","RICA","BIOLOGICAL_STRUCTURE","","1"
"ROSC","ROSC","OUTCOME","","7"
"RPS","RPS","BIOLOGICAL_STRUCTURE","","7"
"Radiological follow-up","Radiological follow-up","DIAGNOSTIC_PROCEDURE","","1"
"Radiology Department of the University Clinical Centre","Radiology Department of the University Clinical Centre","NONBIOLOGICAL_LOCATION","","1"
"Regional Centre for Arterial Hypertension and Diabetology","Regional Centre for Arterial Hypertension and Diabetology","NONBIOLOGICAL_LOCATION","","1"
"Regional Diabetology Centre","Regional Diabetology Centre","NONBIOLOGICAL_LOCATION","","3"
"Regional Diabetology Centre of the University Clinical Centre","Regional Diabetology Centre of the University Clinical Centre","NONBIOLOGICAL_LOCATION","","1"
"Regional Oncology Centre","Regional Oncology Centre","NONBIOLOGICAL_LOCATION","","1"
"Removal of the catheter","Removal of the catheter","THERAPEUTIC_PROCEDURE","","1"
"Removal of the remaining sutures","Removal of the remaining sutures","THERAPEUTIC_PROCEDURE","","1"
"Removal of the suture","Removal of the suture","THERAPEUTIC_PROCEDURE","","1"
"Replacement of the catheter","Replacement of the catheter","CLINICAL_EVENT","","3"
"Restriction of carbohydrate intake","Restriction of carbohydrate intake","THERAPEUTIC_PROCEDURE","","1"
"Restriction of saturated fatty acid intake","Restriction of saturated fatty acid intake","THERAPEUTIC_PROCEDURE","","2"
"Retroauricular region on the left side","Retroauricular region on the left side","AREA","","1"
"Retroauricular region on the right side","Retroauricular region on the right side","AREA","","1"
"Reverse flow","Reverse flow","SIGN_SYMPTOM","","1"
"Reversed kyphosis","Reversed kyphosis","DISEASE_DISORDER","","1"
"Right-convex deviation","Right-convex deviation","SIGN_SYMPTOM","","1"
"SLND","SLND","THERAPEUTIC_PROCEDURE","","1"
"SMG IB","SMG IB","BIOLOGICAL_STRUCTURE","","1"
"SMG IB, III","SMG IB, III","BIOLOGICAL_STRUCTURE","","1"
"SMG IB-V","SMG IB-V","BIOLOGICAL_STRUCTURE","","1"
"SMG Ib, II and III","SMG Ib, II and III","BIOLOGICAL_STRUCTURE","","1"
"SUVmax","SUVmax","DIAGNOSTIC_PROCEDURE","","9"
"SUVmax 1.0","SUVmax 1.0","LAB_VALUE","","1"
"SUVmax 1.1","SUVmax 1.1","LAB_VALUE","","1"
"SUVmax 1.7","SUVmax 1.7","LAB_VALUE","","1"
"SUVmax 10.4","SUVmax 10.4","LAB_VALUE","","1"
"SUVmax 12.9","SUVmax 12.9","LAB_VALUE","","1"
"SUVmax 17.6","SUVmax 17.6","LAB_VALUE","","1"
"SUVmax 2.0","SUVmax 2.0","LAB_VALUE","","1"
"SUVmax 2.1","SUVmax 2.1","LAB_VALUE","","1"
"SUVmax 2.2","SUVmax 2.2","LAB_VALUE","","2"
"SUVmax 2.6","SUVmax 2.6","LAB_VALUE","","1"
"SUVmax 23.1","SUVmax 23.1","LAB_VALUE","","1"
"SUVmax 3.2","SUVmax 3.2","LAB_VALUE","","2"
"SUVmax 3.6","SUVmax 3.6","LAB_VALUE","","1"
"SUVmax 3.9","SUVmax 3.9","LAB_VALUE","","1"
"SUVmax 4.2","SUVmax 4.2","LAB_VALUE","","2"
"SUVmax 4.4","SUVmax 4.4","LAB_VALUE","","1"
"SUVmax 4.5","SUVmax 4.5","LAB_VALUE","","1"
"SUVmax 4.6","SUVmax 4.6","LAB_VALUE","","1"
"SUVmax 4.7","SUVmax 4.7","LAB_VALUE","","2"
"SUVmax 5.2","SUVmax 5.2","LAB_VALUE","","1"
"SUVmax 5.3","SUVmax 5.3","LAB_VALUE","","1"
"SUVmax 5.5","SUVmax 5.5","LAB_VALUE","","2"
"SUVmax 6.9","SUVmax 6.9","LAB_VALUE","","1"
"SUVmax 7.3","SUVmax 7.3","LAB_VALUE","","2"
"SUVmax 7.8","SUVmax 7.8","LAB_VALUE","","1"
"SUVmax 9.8","SUVmax 9.8","LAB_VALUE","","1"
"SUVmax up to 2.2","SUVmax up to 2.2","LAB_VALUE","","1"
"SUVmax up to 3.9","SUVmax up to 3.9","LAB_VALUE","","1"
"SUVmax up to 7.2","SUVmax up to 7.2","LAB_VALUE","","1"
"SUVmax up to 9.0","SUVmax up to 9.0","LAB_VALUE","","1"
"Self-monitoring of the pulse","Self-monitoring of the pulse","DIAGNOSTIC_PROCEDURE","","1"
"Shelter for homeless people in Kolbudy","Shelter for homeless people in Kolbudy","NONBIOLOGICAL_LOCATION","","1"
"Shockable rhythm","Shockable rhythm","SIGN_SYMPTOM","","2"
"Similar changes","Similar changes","SIGN_SYMPTOM","","1"
"Sleep Disorders Clinic of the Department of Adult Psychiatry, University Clinical Centre - Medical University of Gdańsk","Sleep Disorders Clinic of the Department of Adult Psychiatry, University Clinical Centre - Medical University of Gdańsk","NONBIOLOGICAL_LOCATION","","2"
"Sleep Medicine Centre","Sleep Medicine Centre","NONBIOLOGICAL_LOCATION","","4"
"Smoking Cessation Clinic of the University Clinical Centre","Smoking Cessation Clinic of the University Clinical Centre","NONBIOLOGICAL_LOCATION","","1"
"Spongiform nodules","Spongiform nodules","SIGN_SYMPTOM","","1"
"Submandibularly on the left side","Submandibularly on the left side","AREA","","1"
"Surgical Clinic of the University Clinical Centre in Gdańsk","Surgical Clinic of the University Clinical Centre in Gdańsk","NONBIOLOGICAL_LOCATION","","1"
"Sutnisept","Sutnisept","MEDICATION","","1"
"T1-weighted images","T1-weighted images","DIAGNOSTIC_PROCEDURE","","2"
"T1aN0M0","T1aN0M0","DETAILED_DESCRIPTION","","2"
"T2 dark fluid images","T2 dark fluid images","DIAGNOSTIC_PROCEDURE","","1"
"T2 images","T2 images","DIAGNOSTIC_PROCEDURE","","1"
"T3N0","T3N0","LAB_VALUE","","1"
"T4bN2b","T4bN2b","LAB_VALUE","","1"
"TAPSE","TAPSE","DIAGNOSTIC_PROCEDURE","","2"
"TIRADS 2","TIRADS 2","LAB_VALUE","","9"
"TIRADS 3","TIRADS 3","LAB_VALUE","","9"
"TIRADS 4","TIRADS 4","LAB_VALUE","","13"
"TR-4","TR-4","LAB_VALUE","","1"
"TTF1+","TTF1+","LAB_VALUE","","1"
"Taromentin","Taromentin","MEDICATION","","3"
"Teichholz","Teichholz","DIAGNOSTIC_PROCEDURE","","1"
"Teichholz method","Teichholz method","DIAGNOSTIC_PROCEDURE","","1"
"Th1-Th2 level","Th1-Th2 level","AREA","","1"
"Th10-12","Th10-12","BIOLOGICAL_STRUCTURE","","1"
"Th10/11","Th10/11","BIOLOGICAL_STRUCTURE","","1"
"Th12","Th12","BIOLOGICAL_STRUCTURE","","1"
"Th9 vertebral body","Th9 vertebral body","BIOLOGICAL_STRUCTURE","","1"
"Therapy with a CPAP device","Therapy with a CPAP device","THERAPEUTIC_PROCEDURE","","1"
"They","They","COREFERENCE","","1"
"Thoracic Surgery and Oncology clinics","Thoracic Surgery and Oncology clinics","NONBIOLOGICAL_LOCATION","","1"
"Thyroid","Thyroid","BIOLOGICAL_STRUCTURE","","2"
"Tissue velocity analysis","Tissue velocity analysis","DIAGNOSTIC_PROCEDURE","","2"
"Tomorrow, 19 January 2023","Tomorrow, 19 January 2023","DATE","","1"
"University Clinical Centre Hospice","University Clinical Centre Hospice","NONBIOLOGICAL_LOCATION","","1"
"University Clinical Centre in Gdańsk","University Clinical Centre in Gdańsk","NONBIOLOGICAL_LOCATION","","2"
"Unobstructed flow","Unobstructed flow","SIGN_SYMPTOM","","1"
"Upper and lateral resection lines","Upper and lateral resection lines","BIOLOGICAL_STRUCTURE","","1"
"Urgoclean Ag","Urgoclean Ag","MEDICATION","","2"
"V2 branch on the left side","V2 branch on the left side","BIOLOGICAL_STRUCTURE","","1"
"VSDs","VSDs","DISEASE_DISORDER","","1"
"Vivid S70","Vivid S70","OTHER_ENTITY","","1"
"Ward B of the Department of Oncology and Radiotherapy","Ward B of the Department of Oncology and Radiotherapy","NONBIOLOGICAL_LOCATION","","1"
"Water Rescue Service","Water Rescue Service","NONBIOLOGICAL_LOCATION","","1"
"abbreviated glycaemic profile","abbreviated glycaemic profile","DIAGNOSTIC_PROCEDURE","","1"
"abnormal post-contrast enhancement","abnormal post-contrast enhancement","SIGN_SYMPTOM","","2"
"above 140/90 mmHg","above 140/90 mmHg","SIGN_SYMPTOM","","1"
"abruptly stopping intense exertion","abruptly stopping intense exertion","ACTIVITY","","1"
"accentuation of the physiological lordosis","accentuation of the physiological lordosis","SIGN_SYMPTOM","","1"
"active underlying process","active underlying process","DISEASE_DISORDER","","4"
"acupressure","acupressure","THERAPEUTIC_PROCEDURE","","1"
"acupuncture","acupuncture","THERAPEUTIC_PROCEDURE","","1"
"acute ischaemic areas","acute ischaemic areas","DISEASE_DISORDER","","1"
"admission","admission","CLINICAL_EVENT","","1"
"admitted electively","admitted electively","CLINICAL_EVENT","","1"
"adult cardiology clinic","adult cardiology clinic","NONBIOLOGICAL_LOCATION","","3"
"air medical transport team","air medical transport team","NONBIOLOGICAL_LOCATION","","1"
"air search and rescue group","air search and rescue group","NONBIOLOGICAL_LOCATION","","1"
"airway","airway","BIOLOGICAL_STRUCTURE","","1"
"allergology clinic","allergology clinic","NONBIOLOGICAL_LOCATION","","1"
"allergology department","allergology department","NONBIOLOGICAL_LOCATION","","3"
"analgesic treatment","analgesic treatment","MEDICATION","","2"
"anechoic","anechoic","TEXTURE","","1"
"anechoic lesion","anechoic lesion","SIGN_SYMPTOM","","5"
"another and unspecified medical activity unit","another and unspecified medical activity unit","NONBIOLOGICAL_LOCATION","","1"
"anterior part of the oral cavity","anterior part of the oral cavity","AREA","","1"
"anterior parts of the endplates of the L2 and L3 vertebral bodies","anterior parts of the endplates of the L2 and L3 vertebral bodies","BIOLOGICAL_STRUCTURE","","1"
"anterior poles of both temporal lobes","anterior poles of both temporal lobes","BIOLOGICAL_STRUCTURE","","2"
"anterior process of the right parotid gland","anterior process of the right parotid gland","BIOLOGICAL_STRUCTURE","","1"
"anterior segment of the right 3rd rib","anterior segment of the right 3rd rib","BIOLOGICAL_STRUCTURE","","1"
"anterior slippage","anterior slippage","SIGN_SYMPTOM","","1"
"anterior surfaces of the C3 and C4 vertebral bodies","anterior surfaces of the C3 and C4 vertebral bodies","BIOLOGICAL_STRUCTURE","","2"
"anterior-lateral (side-to-side)","anterior-lateral (side-to-side)","DETAILED_DESCRIPTION","","1"
"anti-adrenal cortex antibodies","anti-adrenal cortex antibodies","DIAGNOSTIC_PROCEDURE","","1"
"anti-oedema","anti-oedema","MEDICATION","","1"
"anti-oedema agents","anti-oedema agents","MEDICATION","","1"
"anti-oedema drugs","anti-oedema drugs","MEDICATION","","1"
"anti-oedema treatment","anti-oedema treatment","THERAPEUTIC_PROCEDURE","","3"
"anti-scabies treatment","anti-scabies treatment","THERAPEUTIC_PROCEDURE","","1"
"antiarrhythmic treatment","antiarrhythmic treatment","THERAPEUTIC_PROCEDURE","","1"
"antiepileptic treatment","antiepileptic treatment","THERAPEUTIC_PROCEDURE","","1"
"antifungal treatment","antifungal treatment","MEDICATION","","3"
"aortic valve","aortic valve","BIOLOGICAL_STRUCTURE","","2"
"apices of both lungs","apices of both lungs","BIOLOGICAL_STRUCTURE","","1"
"apnoea","apnoea","SIGN_SYMPTOM","","2"
"applying cream","applying cream","THERAPEUTIC_PROCEDURE","","1"
"areas of high signal","areas of high signal","SIGN_SYMPTOM","","1"
"areas of lower echo","areas of lower echo","SIGN_SYMPTOM","","2"
"areas of reduced echo","areas of reduced echo","SIGN_SYMPTOM","","1"
"around 12-13","around 12-13","TIME","","1"
"arrhythmia","arrhythmia","DISEASE_DISORDER","","1"
"assessment of eligibility","assessment of eligibility","CLINICAL_EVENT","","2"
"assessment of eligibility for ICD/CRT","assessment of eligibility for ICD/CRT","CLINICAL_EVENT","","1"
"assessment of micturition","assessment of micturition","DIAGNOSTIC_PROCEDURE","","1"
"audiology and phoniatrics department","audiology and phoniatrics department","NONBIOLOGICAL_LOCATION","","1"
"augmentin","augmentin","MEDICATION","","2"
"auscultatory and radiological changes","auscultatory and radiological changes","SIGN_SYMPTOM","","1"
"auscultatory changes","auscultatory changes","SIGN_SYMPTOM","","1"
"avoiding provoking situations","avoiding provoking situations","ACTIVITY","","1"
"back","back","AREA","","1"
"balanced, high-fibre diet","balanced, high-fibre diet","THERAPEUTIC_PROCEDURE","","1"
"balneotherapy department","balneotherapy department","NONBIOLOGICAL_LOCATION","","1"
"balneotherapy unit","balneotherapy unit","NONBIOLOGICAL_LOCATION","","1"
"band-like fluid spaces","band-like fluid spaces","SIGN_SYMPTOM","","1"
"basal resection line","basal resection line","BIOLOGICAL_STRUCTURE","","1"
"base of the 5th toe","base of the 5th toe","BIOLOGICAL_STRUCTURE","","1"
"base of the orbits","base of the orbits","BIOLOGICAL_STRUCTURE","","1"
"base of the tongue","base of the tongue","BIOLOGICAL_STRUCTURE","","1"
"basic medical rescue team","basic medical rescue team","NONBIOLOGICAL_LOCATION","","1"
"basic water medical rescue team","basic water medical rescue team","NONBIOLOGICAL_LOCATION","","1"
"bed of the left tonsil","bed of the left tonsil","BIOLOGICAL_STRUCTURE","","1"
"bed of the removed left thyroid lobe","bed of the removed left thyroid lobe","BIOLOGICAL_STRUCTURE","","1"
"bed of the removed right thyroid lobe","bed of the removed right thyroid lobe","BIOLOGICAL_STRUCTURE","","1"
"bed-bound","bed-bound","SIGN_SYMPTOM","","1"
"benign lesion","benign lesion","DISEASE_DISORDER","","2"
"biopsy","biopsy","DIAGNOSTIC_PROCEDURE","","2"
"bleeding pathological infiltrate","bleeding pathological infiltrate","DISEASE_DISORDER","","1"
"blood","blood","BIOLOGICAL_STRUCTURE","","1"
"blood and lymphatic vessels","blood and lymphatic vessels","BIOLOGICAL_STRUCTURE","","1"
"blood count","blood count","DIAGNOSTIC_PROCEDURE","","1"
"blood count parameters","blood count parameters","DIAGNOSTIC_PROCEDURE","","1"
"blood gas parameters","blood gas parameters","DIAGNOSTIC_PROCEDURE","","1"
"blood, urine and sputum cultures","blood, urine and sputum cultures","DIAGNOSTIC_PROCEDURE","","1"
"body","body","BIOLOGICAL_STRUCTURE","","1"
"body of Th12","body of Th12","BIOLOGICAL_STRUCTURE","","2"
"body of Th3","body of Th3","BIOLOGICAL_STRUCTURE","","3"
"body of the mandible on the left side","body of the mandible on the left side","BIOLOGICAL_STRUCTURE","","1"
"bone","bone","BIOLOGICAL_STRUCTURE","","2"
"bone expansion","bone expansion","SIGN_SYMPTOM","","1"
"bone marrow","bone marrow","BIOLOGICAL_STRUCTURE","","3"
"border of groups Ib/IIa on the left side","border of groups Ib/IIa on the left side","BIOLOGICAL_STRUCTURE","","1"
"border of the nasal cavity and the nasopharynx on the right side","border of the nasal cavity and the nasopharynx on the right side","BIOLOGICAL_STRUCTURE","","1"
"border of the right lobe and the isthmus","border of the right lobe and the isthmus","AREA","","1"
"bowel loops","bowel loops","BIOLOGICAL_STRUCTURE","","1"
"brachytherapy unit or facility","brachytherapy unit or facility","NONBIOLOGICAL_LOCATION","","1"
"brain","brain","BIOLOGICAL_STRUCTURE","","1"
"branch of the right bronchial artery","branch of the right bronchial artery","BIOLOGICAL_STRUCTURE","","1"
"breast disease prevention clinic","breast disease prevention clinic","NONBIOLOGICAL_LOCATION","","1"
"breathing spontaneously","breathing spontaneously","SIGN_SYMPTOM","","1"
"broad-based bulging of the intervertebral disc","broad-based bulging of the intervertebral disc","SIGN_SYMPTOM","","1"
"bronchi of the upper and lower lobes","bronchi of the upper and lower lobes","BIOLOGICAL_STRUCTURE","","1"
"bronchial resection line","bronchial resection line","BIOLOGICAL_STRUCTURE","","3"
"bronchial specimens","bronchial specimens","BIOLOGICAL_STRUCTURE","","1"
"bronchofibrescope","bronchofibrescope","DIAGNOSTIC_PROCEDURE","","1"
"buccal and preauricular region on the left side","buccal and preauricular region on the left side","AREA","","1"
"budding","budding","SIGN_SYMPTOM","","2"
"bulges aneurysmally","bulges aneurysmally","SIGN_SYMPTOM","","1"
"bulging the external outline","bulging the external outline","SIGN_SYMPTOM","","1"
"buttock ointment","buttock ointment","MEDICATION","","1"
"cT1N0M0","cT1N0M0","LAB_VALUE","","2"
"cT1c(m)N0","cT1c(m)N0","DIAGNOSTIC_PROCEDURE","","1"
"cT2N2M0","cT2N2M0","DETAILED_DESCRIPTION","","1"
"cT4N1M0","cT4N1M0","LAB_VALUE","","1"
"cardiological care","cardiological care","CLINICAL_EVENT","","1"
"cardiological consultation","cardiological consultation","DIAGNOSTIC_PROCEDURE","","1"
"cardiological observation","cardiological observation","CLINICAL_EVENT","","1"
"care and treatment department","care and treatment department","NONBIOLOGICAL_LOCATION","","2"
"care and treatment facility for children and adolescents","care and treatment facility for children and adolescents","NONBIOLOGICAL_LOCATION","","1"
"carotid artery","carotid artery","BIOLOGICAL_STRUCTURE","","2"
"carrying out basic household tasks","carrying out basic household tasks","ACTIVITY","","1"
"central signal void","central signal void","SIGN_SYMPTOM","","1"
"cervical lymph nodes","cervical lymph nodes","BIOLOGICAL_STRUCTURE","","1"
"changes of specialist dressings","changes of specialist dressings","THERAPEUTIC_PROCEDURE","","1"
"changing of the outer dressing","changing of the outer dressing","THERAPEUTIC_PROCEDURE","","1"
"chaotic vascular pattern","chaotic vascular pattern","SIGN_SYMPTOM","","2"
"check of the lipid profile","check of the lipid profile","DIAGNOSTIC_PROCEDURE","","1"
"checking the pulse","checking the pulse","DIAGNOSTIC_PROCEDURE","","1"
"cleaning the field","cleaning the field","THERAPEUTIC_PROCEDURE","","1"
"clinic for prevention of hip dysplasia","clinic for prevention of hip dysplasia","NONBIOLOGICAL_LOCATION","","1"
"clinical features of infection","clinical features of infection","SIGN_SYMPTOM","","1"
"clinical oncology/chemotherapy department","clinical oncology/chemotherapy department","NONBIOLOGICAL_LOCATION","","1"
"closed with a coil","closed with a coil","THERAPEUTIC_PROCEDURE","","1"
"closure of an ileostomy","closure of an ileostomy","THERAPEUTIC_PROCEDURE","","1"
"coaptation","coaptation","SIGN_SYMPTOM","","1"
"collect the test results","collect the test results","CLINICAL_EVENT","","1"
"colloid reflections","colloid reflections","SIGN_SYMPTOM","","2"
"colour Doppler","colour Doppler","DIAGNOSTIC_PROCEDURE","","25"
"community nurse and midwife's clinic","community nurse and midwife's clinic","NONBIOLOGICAL_LOCATION","","1"
"community nurse and midwife's office","community nurse and midwife's office","NONBIOLOGICAL_LOCATION","","1"
"community/family midwife's clinic","community/family midwife's clinic","NONBIOLOGICAL_LOCATION","","1"
"community/family midwife's office","community/family midwife's office","NONBIOLOGICAL_LOCATION","","1"
"community/family nurse's clinic","community/family nurse's clinic","NONBIOLOGICAL_LOCATION","","1"
"community/family nurse's office","community/family nurse's office","NONBIOLOGICAL_LOCATION","","1"
"concerning changes","concerning changes","SIGN_SYMPTOM","","1"
"concerning lesions","concerning lesions","SIGN_SYMPTOM","","1"
"concerning symptoms","concerning symptoms","SIGN_SYMPTOM","","2"
"confabulated","confabulated","SIGN_SYMPTOM","","1"
"congenital heart defects","congenital heart defects","DISEASE_DISORDER","","1"
"conglomerate of cystic-solid lesions","conglomerate of cystic-solid lesions","SIGN_SYMPTOM","","1"
"conglomerate of focal lesions","conglomerate of focal lesions","SIGN_SYMPTOM","","1"
"conglomerate of hyperechoic and isoechoic focal lesions with fluid spaces","conglomerate of hyperechoic and isoechoic focal lesions with fluid spaces","SIGN_SYMPTOM","","1"
"conglomerate of hypoechoic nodules","conglomerate of hypoechoic nodules","SIGN_SYMPTOM","","1"
"conglomerate of nodules","conglomerate of nodules","SIGN_SYMPTOM","","4"
"conglomerate of solid, isoechoic focal lesions","conglomerate of solid, isoechoic focal lesions","SIGN_SYMPTOM","","1"
"conservative dentistry clinic","conservative dentistry clinic","NONBIOLOGICAL_LOCATION","","1"
"considerable","considerable","SEVERITY","","4"
"considerable rise","considerable rise","LAB_VALUE","","1"
"consult a doctor","consult a doctor","CLINICAL_EVENT","","1"
"contact with the on-call urologist","contact with the on-call urologist","CLINICAL_EVENT","","1"
"contrast opacification","contrast opacification","SIGN_SYMPTOM","","3"
"cooling ointment","cooling ointment","MEDICATION","","1"
"cortical layer of the left tibia","cortical layer of the left tibia","BIOLOGICAL_STRUCTURE","","1"
"creams based on cholesterol with vitamins A and E","creams based on cholesterol with vitamins A and E","MEDICATION","","1"
"critical parameters analyser","critical parameters analyser","DIAGNOSTIC_PROCEDURE","","4"
"critical parameters panel","critical parameters panel","DIAGNOSTIC_PROCEDURE","","4"
"crossing the legs","crossing the legs","THERAPEUTIC_PROCEDURE","","1"
"culture for Mycoplasma tuberculosis","culture for Mycoplasma tuberculosis","DIAGNOSTIC_PROCEDURE","","1"
"culture of fluid","culture of fluid","DIAGNOSTIC_PROCEDURE","","1"
"cyst","cyst","DISEASE_DISORDER","","1"
"cystic-solid focal lesion","cystic-solid focal lesion","SIGN_SYMPTOM","","4"
"cystic-solid nodules","cystic-solid nodules","SIGN_SYMPTOM","","1"
"cystic-solid one","cystic-solid one","SIGN_SYMPTOM","","1"
"cystic-solid, spongiform lesions","cystic-solid, spongiform lesions","SIGN_SYMPTOM","","3"
"day geriatric care centre","day geriatric care centre","NONBIOLOGICAL_LOCATION","","1"
"day palliative or hospice care centre","day palliative or hospice care centre","NONBIOLOGICAL_LOCATION","","1"
"degenerative changes of Modic type II","degenerative changes of Modic type II","DISEASE_DISORDER","","1"
"demyelinating focus","demyelinating focus","DISEASE_DISORDER","","1"
"dental check-ups","dental check-ups","DIAGNOSTIC_PROCEDURE","","3"
"department for certification of health status","department for certification of health status","NONBIOLOGICAL_LOCATION","","1"
"department for the chronically ill","department for the chronically ill","NONBIOLOGICAL_LOCATION","","1"
"department for treatment of withdrawal syndromes following psychoactive substances","department for treatment of withdrawal syndromes following psychoactive substances","NONBIOLOGICAL_LOCATION","","1"
"department of anaesthesiology and intensive therapy","department of anaesthesiology and intensive therapy","NONBIOLOGICAL_LOCATION","","1"
"department of food, nutrition and articles of everyday use","department of food, nutrition and articles of everyday use","NONBIOLOGICAL_LOCATION","","1"
"department with enhanced security","department with enhanced security","NONBIOLOGICAL_LOCATION","","2"
"department/centre for therapy of people dependent on psychoactive substances with coexisting psychotic disorders","department/centre for therapy of people dependent on psychoactive substances with coexisting psychotic disorders","NONBIOLOGICAL_LOCATION","","1"
"dependent on psychoactive substances","dependent on psychoactive substances","DISEASE_DISORDER","","2"
"destruction of the Th9 vertebral body","destruction of the Th9 vertebral body","DISEASE_DISORDER","","1"
"developing more slowly","developing more slowly","SIGN_SYMPTOM","","1"
"diabetology clinic","diabetology clinic","NONBIOLOGICAL_LOCATION","","1"
"diabetology department","diabetology department","NONBIOLOGICAL_LOCATION","","1"
"diet in accordance with the principles of healthy eating","diet in accordance with the principles of healthy eating","THERAPEUTIC_PROCEDURE","","1"
"diet with a reduced content of animal and saturated fats","diet with a reduced content of animal and saturated fats","THERAPEUTIC_PROCEDURE","","1"
"diet with restriction of readily absorbed carbohydrates","diet with restriction of readily absorbed carbohydrates","THERAPEUTIC_PROCEDURE","","1"
"diet with restriction of simple sugars","diet with restriction of simple sugars","THERAPEUTIC_PROCEDURE","","1"
"diet with restriction of simple sugars and saturated animal fats","diet with restriction of simple sugars and saturated animal fats","THERAPEUTIC_PROCEDURE","","1"
"difficulties with taking food","difficulties with taking food","SIGN_SYMPTOM","","1"
"diffuse changes","diffuse changes","SIGN_SYMPTOM","","2"
"diffuse marrow activity","diffuse marrow activity","SIGN_SYMPTOM","","1"
"discreetly","discreetly","SEVERITY","","2"
"discreetly metabolically active focus","discreetly metabolically active focus","SIGN_SYMPTOM","","1"
"disseminated malignant disease of unknown primary origin","disseminated malignant disease of unknown primary origin","DISEASE_DISORDER","","1"
"disseminated metastatic lesions","disseminated metastatic lesions","DISEASE_DISORDER","","1"
"disseminated neoplastic process of unknown primary origin","disseminated neoplastic process of unknown primary origin","DISEASE_DISORDER","","1"
"distal epiphysis of the right femur","distal epiphysis of the right femur","BIOLOGICAL_STRUCTURE","","3"
"dorsal part of the ventricles","dorsal part of the ventricles","BIOLOGICAL_STRUCTURE","","1"
"dorsal parts of the nasal cavities","dorsal parts of the nasal cavities","BIOLOGICAL_STRUCTURE","","1"
"dressed","dressed","THERAPEUTIC_PROCEDURE","","2"
"driving vehicles on public roads","driving vehicles on public roads","ACTIVITY","","2"
"dural sac","dural sac","BIOLOGICAL_STRUCTURE","","1"
"easily digestible diet","easily digestible diet","THERAPEUTIC_PROCEDURE","","1"
"echo reflections","echo reflections","SIGN_SYMPTOM","","1"
"educational discussion","educational discussion","CLINICAL_EVENT","","1"
"effaced","effaced","SIGN_SYMPTOM","","1"
"effacing the root recesses","effacing the root recesses","SIGN_SYMPTOM","","1"
"electrolytes","electrolytes","LAB_VALUE","","1"
"embolised vessels","embolised vessels","BIOLOGICAL_STRUCTURE","","1"
"emergency department","emergency department","NONBIOLOGICAL_LOCATION","","1"
"encouraging fluid intake","encouraging fluid intake","THERAPEUTIC_PROCEDURE","","1"
"endocrine osteoporosis clinic","endocrine osteoporosis clinic","NONBIOLOGICAL_LOCATION","","1"
"endovascular treatment","endovascular treatment","THERAPEUTIC_PROCEDURE","","2"
"enhances in a punctate manner","enhances in a punctate manner","SIGN_SYMPTOM","","1"
"enhances intensely","enhances intensely","SIGN_SYMPTOM","","1"
"enlarged nodal conglomerates","enlarged nodal conglomerates","SIGN_SYMPTOM","","1"
"epidermis","epidermis","BIOLOGICAL_STRUCTURE","","1"
"establish feeding access","establish feeding access","THERAPEUTIC_PROCEDURE","","1"
"ethmoid air cells on the right side","ethmoid air cells on the right side","BIOLOGICAL_STRUCTURE","","1"
"excised","excised","THERAPEUTIC_PROCEDURE","","2"
"excision","excision","THERAPEUTIC_PROCEDURE","","1"
"exercises aimed at achieving an upright position","exercises aimed at achieving an upright position","THERAPEUTIC_PROCEDURE","","1"
"exophytic isoechoic focus","exophytic isoechoic focus","SIGN_SYMPTOM","","1"
"extended inferomedial margin","extended inferomedial margin","BIOLOGICAL_STRUCTURE","","1"
"extending retrosternally","extending retrosternally","SIGN_SYMPTOM","","1"
"extension beyond the anatomical boundaries of the gland","extension beyond the anatomical boundaries of the gland","SIGN_SYMPTOM","","1"
"extension beyond the anatomical boundaries of the prostate","extension beyond the anatomical boundaries of the prostate","SIGN_SYMPTOM","","1"
"extraosseous invasion","extraosseous invasion","SIGN_SYMPTOM","","2"
"faecal elastase measurement","faecal elastase measurement","DIAGNOSTIC_PROCEDURE","","4"
"faecal stones","faecal stones","SIGN_SYMPTOM","","1"
"family planning and reproduction clinic","family planning and reproduction clinic","NONBIOLOGICAL_LOCATION","","1"
"faster rhythms","faster rhythms","SIGN_SYMPTOM","","1"
"fatty hila","fatty hila","BIOLOGICAL_STRUCTURE","","2"
"fatty hilum","fatty hilum","BIOLOGICAL_STRUCTURE","","1"
"fatty remodelling of the medullary cavity","fatty remodelling of the medullary cavity","SIGN_SYMPTOM","","1"
"fed entirely parenterally","fed entirely parenterally","THERAPEUTIC_PROCEDURE","","1"
"feed the patient","feed the patient","THERAPEUTIC_PROCEDURE","","1"
"feldsher point","feldsher point","NONBIOLOGICAL_LOCATION","","1"
"femoral component of the prosthesis","femoral component of the prosthesis","BIOLOGICAL_STRUCTURE","","2"
"fibrinopurulent exudate","fibrinopurulent exudate","SIGN_SYMPTOM","","2"
"fibrinous exudate","fibrinous exudate","SIGN_SYMPTOM","","1"
"fibrotic tissues of the mesorectum","fibrotic tissues of the mesorectum","BIOLOGICAL_STRUCTURE","","1"
"finger-like oedema","finger-like oedema","SIGN_SYMPTOM","","1"
"flozin","flozin","MEDICATION","","1"
"fluid spaces","fluid spaces","SIGN_SYMPTOM","","6"
"flushing of the drain","flushing of the drain","THERAPEUTIC_PROCEDURE","","1"
"focal disturbances of glucose metabolism","focal disturbances of glucose metabolism","SIGN_SYMPTOM","","3"
"focally weakly (+)","focally weakly (+)","LAB_VALUE","","1"
"foci of abnormal post-contrast enhancement","foci of abnormal post-contrast enhancement","SIGN_SYMPTOM","","1"
"foci of altered signal","foci of altered signal","SIGN_SYMPTOM","","1"
"foci of increased signal","foci of increased signal","SIGN_SYMPTOM","","1"
"foci of metabolic activity","foci of metabolic activity","SIGN_SYMPTOM","","4"
"foci of pathological enhancement","foci of pathological enhancement","SIGN_SYMPTOM","","9"
"focus of bone destruction","focus of bone destruction","SIGN_SYMPTOM","","1"
"focus of increased signal","focus of increased signal","SIGN_SYMPTOM","","1"
"focus of post-contrast enhancement","focus of post-contrast enhancement","SIGN_SYMPTOM","","1"
"focus of the active underlying process","focus of the active underlying process","DISEASE_DISORDER","","1"
"follow-up gynaecological visit","follow-up gynaecological visit","CLINICAL_EVENT","","1"
"food for special medical purposes","food for special medical purposes","MEDICATION","","1"
"foramina lacera","foramina lacera","BIOLOGICAL_STRUCTURE","","2"
"foramina ovalia","foramina ovalia","BIOLOGICAL_STRUCTURE","","2"
"foramina rotunda","foramina rotunda","BIOLOGICAL_STRUCTURE","","1"
"forearm","forearm","BIOLOGICAL_STRUCTURE","","1"
"forensic psychiatry department with maximum security","forensic psychiatry department with maximum security","NONBIOLOGICAL_LOCATION","","2"
"frequent laundering of clothing","frequent laundering of clothing","ACTIVITY","","1"
"frequent small meals","frequent small meals","THERAPEUTIC_PROCEDURE","","1"
"frontoparietal junction","frontoparietal junction","BIOLOGICAL_STRUCTURE","","1"
"gastric cardia","gastric cardia","BIOLOGICAL_STRUCTURE","","1"
"gastric tube was inserted","gastric tube was inserted","THERAPEUTIC_PROCEDURE","","1"
"gastrointestinal tract","gastrointestinal tract","BIOLOGICAL_STRUCTURE","","1"
"gastrology clinic","gastrology clinic","NONBIOLOGICAL_LOCATION","","1"
"general radiodiagnostics unit","general radiodiagnostics unit","NONBIOLOGICAL_LOCATION","","1"
"genetically investigated","genetically investigated","DIAGNOSTIC_PROCEDURE","","2"
"geriatrics department","geriatrics department","NONBIOLOGICAL_LOCATION","","1"
"gland","gland","BIOLOGICAL_STRUCTURE","","1"
"glucose 100 mg/dl","glucose 100 mg/dl","LAB_VALUE","","1"
"glucose 160 mg/dl","glucose 160 mg/dl","LAB_VALUE","","1"
"good general condition","good general condition","SIGN_SYMPTOM","","1"
"good verbal and logical contact","good verbal and logical contact","SIGN_SYMPTOM","","1"
"grasped","grasped","THERAPEUTIC_PROCEDURE","","1"
"group IIa on the left side","group IIa on the left side","AREA","","1"
"group IIa on the right side","group IIa on the right side","AREA","","1"
"group IIb on the left side","group IIb on the left side","AREA","","1"
"group IVa on the left","group IVa on the left","AREA","","1"
"group IVb on the left","group IVb on the left","AREA","","1"
"group IVb on the right","group IVb on the right","AREA","","1"
"group IVb on the right side","group IVb on the right side","AREA","","1"
"group VIa nodes on the left","group VIa nodes on the left","BIOLOGICAL_STRUCTURE","","1"
"groups I and II bilaterally","groups I and II bilaterally","BIOLOGICAL_STRUCTURE","","1"
"gynaecological investigation","gynaecological investigation","DIAGNOSTIC_PROCEDURE","","1"
"gynaecology clinic for girls","gynaecology clinic for girls","NONBIOLOGICAL_LOCATION","","1"
"haematological consultation","haematological consultation","DIAGNOSTIC_PROCEDURE","","1"
"haemodynamically insignificant","haemodynamically insignificant","DETAILED_DESCRIPTION","","2"
"haemosiderin deposits","haemosiderin deposits","SIGN_SYMPTOM","","2"
"hard palate on the left side","hard palate on the left side","BIOLOGICAL_STRUCTURE","","1"
"having blood taken","having blood taken","DIAGNOSTIC_PROCEDURE","","1"
"head","head","BIOLOGICAL_STRUCTURE","","2"
"healed normally","healed normally","OUTCOME","","1"
"health education and promotion department","health education and promotion department","NONBIOLOGICAL_LOCATION","","1"
"health prophylaxis and pre-medical assistance office","health prophylaxis and pre-medical assistance office","NONBIOLOGICAL_LOCATION","","1"
"healthy, balanced diet","healthy, balanced diet","THERAPEUTIC_PROCEDURE","","1"
"hearing aid fitting or supply centre","hearing aid fitting or supply centre","NONBIOLOGICAL_LOCATION","","1"
"hearing assessment unit","hearing assessment unit","NONBIOLOGICAL_LOCATION","","1"
"hearing implant system fitting unit","hearing implant system fitting unit","NONBIOLOGICAL_LOCATION","","1"
"heparin ointment","heparin ointment","MEDICATION","","1"
"hepatology clinic","hepatology clinic","NONBIOLOGICAL_LOCATION","","1"
"herbal medicine","herbal medicine","THERAPEUTIC_PROCEDURE","","1"
"heterogeneous echostructure","heterogeneous echostructure","SIGN_SYMPTOM","","1"
"heterogeneous isoechoic area","heterogeneous isoechoic area","SIGN_SYMPTOM","","1"
"heterogeneous post-contrast enhancement","heterogeneous post-contrast enhancement","SIGN_SYMPTOM","","3"
"heterogeneously enhancing","heterogeneously enhancing","SIGN_SYMPTOM","","1"
"heterogeneously hyperechoic nodule","heterogeneously hyperechoic nodule","SIGN_SYMPTOM","","1"
"heterogeneously increased signal on T2-weighted images","heterogeneously increased signal on T2-weighted images","SIGN_SYMPTOM","","1"
"heterogeneously reduced echogenicity","heterogeneously reduced echogenicity","SIGN_SYMPTOM","","3"
"high glucose reading","high glucose reading","SIGN_SYMPTOM","","1"
"hip","hip","AREA","","1"
"home care team attached to a psychiatric nursing and care or care and treatment facility/department","home care team attached to a psychiatric nursing and care or care and treatment facility/department","NONBIOLOGICAL_LOCATION","","1"
"home, family care","home, family care","THERAPEUTIC_PROCEDURE","","1"
"hospital/institutional pharmacy","hospital/institutional pharmacy","NONBIOLOGICAL_LOCATION","","1"
"hospital/institutional pharmacy/pharmacy department","hospital/institutional pharmacy/pharmacy department","NONBIOLOGICAL_LOCATION","","1"
"hydrosyringomyelic cavity","hydrosyringomyelic cavity","DISEASE_DISORDER","","1"
"hygiene and epidemiology department","hygiene and epidemiology department","NONBIOLOGICAL_LOCATION","","1"
"hyperechoic focal lesions","hyperechoic focal lesions","SIGN_SYMPTOM","","3"
"hyperechoic nodule","hyperechoic nodule","SIGN_SYMPTOM","","1"
"hypertensiology department","hypertensiology department","NONBIOLOGICAL_LOCATION","","1"
"hypoallergenic liquid soap","hypoallergenic liquid soap","MEDICATION","","1"
"hypoechoic areas","hypoechoic areas","SIGN_SYMPTOM","","3"
"hypoechoic centre","hypoechoic centre","SIGN_SYMPTOM","","1"
"hypoechoic halo","hypoechoic halo","SIGN_SYMPTOM","","1"
"hypoechoic lesion","hypoechoic lesion","SIGN_SYMPTOM","","6"
"hypoechoic nodule","hypoechoic nodule","SIGN_SYMPTOM","","1"
"hypoechoic nodules","hypoechoic nodules","SIGN_SYMPTOM","","1"
"hypoechoic nodules with fluid spaces and a hypoechoic rim","hypoechoic nodules with fluid spaces and a hypoechoic rim","SIGN_SYMPTOM","","1"
"hypoechoic rims","hypoechoic rims","SIGN_SYMPTOM","","1"
"hypoechoic tissue","hypoechoic tissue","BIOLOGICAL_STRUCTURE","","1"
"hypoechoic, heterogeneous solid nodule","hypoechoic, heterogeneous solid nodule","SIGN_SYMPTOM","","1"
"hypoechoic, spiculated lesion","hypoechoic, spiculated lesion","SIGN_SYMPTOM","","1"
"hypoechoic, well-demarcated lesion","hypoechoic, well-demarcated lesion","SIGN_SYMPTOM","","4"
"i-gel","i-gel","THERAPEUTIC_PROCEDURE","","7"
"implantable cardiac device unit","implantable cardiac device unit","NONBIOLOGICAL_LOCATION","","1"
"implantation of a Genous stent","implantation of a Genous stent","THERAPEUTIC_PROCEDURE","","2"
"implantation of a stent graft","implantation of a stent graft","THERAPEUTIC_PROCEDURE","","2"
"improvement in the mobility","improvement in the mobility","OUTCOME","","1"
"in 3-5 days","in 3-5 days","TIME","","1"
"incising","incising","THERAPEUTIC_PROCEDURE","","1"
"increase in fluid intake","increase in fluid intake","THERAPEUTIC_PROCEDURE","","1"
"increase in perfusion parameters","increase in perfusion parameters","SIGN_SYMPTOM","","1"
"increased cord signal","increased cord signal","SIGN_SYMPTOM","","1"
"increased metabolic activity","increased metabolic activity","SIGN_SYMPTOM","","1"
"increased signal on T2-weighted images","increased signal on T2-weighted images","SIGN_SYMPTOM","","1"
"increased tracer accumulation","increased tracer accumulation","SIGN_SYMPTOM","","1"
"increased vascularity","increased vascularity","SIGN_SYMPTOM","","5"
"infection","infection","DISEASE_DISORDER","","1"
"infection with a strain producing VIM beta-lactamases","infection with a strain producing VIM beta-lactamases","DISEASE_DISORDER","","2"
"inferior resection line","inferior resection line","BIOLOGICAL_STRUCTURE","","1"
"infiltrate","infiltrate","DISEASE_DISORDER","","1"
"infiltration of blood and lymphatic vessels","infiltration of blood and lymphatic vessels","SIGN_SYMPTOM","","1"
"infiltration of the meninges","infiltration of the meninges","DISEASE_DISORDER","","1"
"infiltration of the neck muscles","infiltration of the neck muscles","SIGN_SYMPTOM","","1"
"inflammatory granulation tissue","inflammatory granulation tissue","SIGN_SYMPTOM","","2"
"inflating the cuff","inflating the cuff","THERAPEUTIC_PROCEDURE","","1"
"inflows","inflows","SIGN_SYMPTOM","","1"
"initial segment of the vertebral artery","initial segment of the vertebral artery","BIOLOGICAL_STRUCTURE","","1"
"inner-posterior wall","inner-posterior wall","BIOLOGICAL_STRUCTURE","","1"
"inpatient spa department","inpatient spa department","NONBIOLOGICAL_LOCATION","","1"
"inpatient spa department in an adapted underground mine working","inpatient spa department in an adapted underground mine working","NONBIOLOGICAL_LOCATION","","1"
"inpatient spa rehabilitation department","inpatient spa rehabilitation department","NONBIOLOGICAL_LOCATION","","1"
"inserting an intraosseous line","inserting an intraosseous line","THERAPEUTIC_PROCEDURE","","1"
"inserting an intravenous line","inserting an intravenous line","THERAPEUTIC_PROCEDURE","","1"
"insufficiency of the deep veins of the limb","insufficiency of the deep veins of the limb","DISEASE_DISORDER","","1"
"intensive therapy department","intensive therapy department","NONBIOLOGICAL_LOCATION","","1"
"intermediate nuclear atypia","intermediate nuclear atypia","DETAILED_DESCRIPTION","","2"
"intestinal and vascular resection lines","intestinal and vascular resection lines","BIOLOGICAL_STRUCTURE","","3"
"into the abdomen","into the abdomen","ADMINISTRATION","","1"
"into the thigh","into the thigh","ADMINISTRATION","","1"
"intratendinous segment","intratendinous segment","BIOLOGICAL_STRUCTURE","","1"
"invasion","invasion","SIGN_SYMPTOM","","1"
"involvement by the underlying process","involvement by the underlying process","DISEASE_DISORDER","","1"
"iron","iron","MEDICATION","","1"
"irradiated leucocyte-depleted packed red blood cells","irradiated leucocyte-depleted packed red blood cells","MEDICATION","","1"
"irregular external outlines","irregular external outlines","SIGN_SYMPTOM","","2"
"isoechoic","isoechoic","TEXTURE","","6"
"isoechoic focal lesion","isoechoic focal lesion","SIGN_SYMPTOM","","1"
"isoechoic lesion","isoechoic lesion","SIGN_SYMPTOM","","5"
"isoechoic lesion with a fluid space","isoechoic lesion with a fluid space","SIGN_SYMPTOM","","1"
"isoechoic lesions","isoechoic lesions","SIGN_SYMPTOM","","2"
"isometric and contact sports","isometric and contact sports","ACTIVITY","","1"
"issue of a DILO card","issue of a DILO card","CLINICAL_EVENT","","1"
"joint between the calcaneus and the talus","joint between the calcaneus and the talus","BIOLOGICAL_STRUCTURE","","1"
"jugular notch of the sternum","jugular notch of the sternum","BIOLOGICAL_STRUCTURE","","1"
"junction of the L3/L4 spinous processes","junction of the L3/L4 spinous processes","BIOLOGICAL_STRUCTURE","","1"
"junction of the ischium and pubis","junction of the ischium and pubis","BIOLOGICAL_STRUCTURE","","1"
"junction of the right ischium and pubis","junction of the right ischium and pubis","BIOLOGICAL_STRUCTURE","","1"
"keeping a diary","keeping a diary","ACTIVITY","","1"
"keeping to regular mealtimes","keeping to regular mealtimes","ACTIVITY","","1"
"kinesiotherapy department","kinesiotherapy department","NONBIOLOGICAL_LOCATION","","1"
"laboratory","laboratory","NONBIOLOGICAL_LOCATION","","1"
"laboratory diagnostics unit","laboratory diagnostics unit","NONBIOLOGICAL_LOCATION","","1"
"large bowel","large bowel","BIOLOGICAL_STRUCTURE","","1"
"large cervical vessels","large cervical vessels","BIOLOGICAL_STRUCTURE","","1"
"laryngeal infiltrate","laryngeal infiltrate","SIGN_SYMPTOM","","2"
"lateral part of the right side of the C2 vertebra","lateral part of the right side of the C2 vertebra","BIOLOGICAL_STRUCTURE","","1"
"lateral part of the tonsil","lateral part of the tonsil","BIOLOGICAL_STRUCTURE","","1"
"left 8th rib","left 8th rib","BIOLOGICAL_STRUCTURE","","1"
"left frontal horn","left frontal horn","BIOLOGICAL_STRUCTURE","","1"
"left lateral part","left lateral part","AREA","","1"
"left mastoid air cells","left mastoid air cells","BIOLOGICAL_STRUCTURE","","1"
"left palatine nerve canals","left palatine nerve canals","BIOLOGICAL_STRUCTURE","","2"
"left wall of the rectum","left wall of the rectum","BIOLOGICAL_STRUCTURE","","2"
"left-sided cervical lymphadenectomy","left-sided cervical lymphadenectomy","THERAPEUTIC_PROCEDURE","","1"
"left-sided modified neck dissection (I-V)","left-sided modified neck dissection (I-V)","THERAPEUTIC_PROCEDURE","","1"
"leg muscles","leg muscles","BIOLOGICAL_STRUCTURE","","1"
"legs","legs","BIOLOGICAL_STRUCTURE","","2"
"lens-shaped","lens-shaped","SHAPE","","1"
"lesion","lesion","SIGN_SYMPTOM","","9"
"lesions","lesions","SIGN_SYMPTOM","","3"
"level IIa - VIII","level IIa - VIII","AREA","","1"
"level IIa lymph node on the right side","level IIa lymph node on the right side","BIOLOGICAL_STRUCTURE","","1"
"levels C3 and C6/C7","levels C3 and C6/C7","BIOLOGICAL_STRUCTURE","","1"
"lifting a heavy suitcase","lifting a heavy suitcase","ACTIVITY","","1"
"limb","limb","BIOLOGICAL_STRUCTURE","","2"
"limit fluid intake","limit fluid intake","THERAPEUTIC_PROCEDURE","","1"
"line","line","ADMINISTRATION","","1"
"lipid dermocosmetics of the Cetaphil type","lipid dermocosmetics of the Cetaphil type","MEDICATION","","1"
"liver","liver","BIOLOGICAL_STRUCTURE","","1"
"liver-friendly, blended diet","liver-friendly, blended diet","THERAPEUTIC_PROCEDURE","","1"
"lobulated margin","lobulated margin","SHAPE","","1"
"loss of sphincter control","loss of sphincter control","SIGN_SYMPTOM","","2"
"low glycaemic index diet","low glycaemic index diet","THERAPEUTIC_PROCEDURE","","1"
"lower pole","lower pole","AREA","","1"
"lubricating the epidermis","lubricating the epidermis","THERAPEUTIC_PROCEDURE","","1"
"lubricating the skin","lubricating the skin","THERAPEUTIC_PROCEDURE","","1"
"lumen of the initial segment of the RICA","lumen of the initial segment of the RICA","BIOLOGICAL_STRUCTURE","","1"
"lumen of the vessel","lumen of the vessel","BIOLOGICAL_STRUCTURE","","1"
"lung","lung","BIOLOGICAL_STRUCTURE","","2"
"lying down with the legs raised","lying down with the legs raised","THERAPEUTIC_PROCEDURE","","1"
"lymph nodes","lymph nodes","BIOLOGICAL_STRUCTURE","","3"
"lymphoedema treatment clinic","lymphoedema treatment clinic","NONBIOLOGICAL_LOCATION","","1"
"lytic focus","lytic focus","SIGN_SYMPTOM","","1"
"malignant lymphoproliferative process","malignant lymphoproliferative process","DISEASE_DISORDER","","1"
"marching in place","marching in place","THERAPEUTIC_PROCEDURE","","1"
"margins of the tongue","margins of the tongue","BIOLOGICAL_STRUCTURE","","2"
"measurement of the volume of fluid drained","measurement of the volume of fluid drained","DIAGNOSTIC_PROCEDURE","","1"
"medial plate of the right pterygoid process","medial plate of the right pterygoid process","BIOLOGICAL_STRUCTURE","","1"
"medial resection line","medial resection line","BIOLOGICAL_STRUCTURE","","1"
"medical transport team","medical transport team","NONBIOLOGICAL_LOCATION","","1"
"medullary cavity of the proximal metaphysis of the right femur","medullary cavity of the proximal metaphysis of the right femur","BIOLOGICAL_STRUCTURE","","1"
"meninges","meninges","BIOLOGICAL_STRUCTURE","","1"
"mesorectal infiltrate","mesorectal infiltrate","DISEASE_DISORDER","","1"
"metabolic diseases","metabolic diseases","DISEASE_DISORDER","","1"
"metabolically active","metabolically active","SIGN_SYMPTOM","","1"
"metabolically active disturbance of bone structure","metabolically active disturbance of bone structure","SIGN_SYMPTOM","","1"
"metabolically active mass","metabolically active mass","SIGN_SYMPTOM","","3"
"metabolically active neoplastic process","metabolically active neoplastic process","DISEASE_DISORDER","","1"
"microbiological diagnostics unit","microbiological diagnostics unit","NONBIOLOGICAL_LOCATION","","1"
"mid lateral and posterior segments","mid lateral and posterior segments","BIOLOGICAL_STRUCTURE","","2"
"mid portion of the right lobe","mid portion of the right lobe","AREA","","1"
"mid-sized","mid-sized","DETAILED_DESCRIPTION","","1"
"mid-thigh","mid-thigh","BIOLOGICAL_STRUCTURE","","1"
"mixed vascularity","mixed vascularity","SIGN_SYMPTOM","","4"
"moderate general condition","moderate general condition","SIGN_SYMPTOM","","1"
"moderate-grade","moderate-grade","SEVERITY","","1"
"moderate-to-good general condition","moderate-to-good general condition","SIGN_SYMPTOM","","1"
"modified neck dissection on the left side","modified neck dissection on the left side","THERAPEUTIC_PROCEDURE","","1"
"monitoring of body weight","monitoring of body weight","DIAGNOSTIC_PROCEDURE","","1"
"monitoring of electrolytes","monitoring of electrolytes","DIAGNOSTIC_PROCEDURE","","1"
"monotonous nuclei","monotonous nuclei","SIGN_SYMPTOM","","1"
"months September to March","months September to March","DURATION","","1"
"moulding of the course","moulding of the course","SIGN_SYMPTOM","","1"
"moving about the home independently","moving about the home independently","ACTIVITY","","1"
"mucosal changes","mucosal changes","SIGN_SYMPTOM","","3"
"mucous secretion tinged with blood","mucous secretion tinged with blood","SIGN_SYMPTOM","","1"
"multidisciplinary medical department","multidisciplinary medical department","NONBIOLOGICAL_LOCATION","","1"
"multidisciplinary surgical department","multidisciplinary surgical department","NONBIOLOGICAL_LOCATION","","1"
"multifocal recurrence","multifocal recurrence","DISEASE_DISORDER","","1"
"muscles","muscles","BIOLOGICAL_STRUCTURE","","1"
"muscular layer of the bowel wall","muscular layer of the bowel wall","BIOLOGICAL_STRUCTURE","","1"
"narrowing of the joint space","narrowing of the joint space","SIGN_SYMPTOM","","1"
"nasopharynx on the right side","nasopharynx on the right side","BIOLOGICAL_STRUCTURE","","4"
"neck bilaterally","neck bilaterally","AREA","","1"
"neck on the left side","neck on the left side","BIOLOGICAL_STRUCTURE","","1"
"necrotic cavity","necrotic cavity","SIGN_SYMPTOM","","5"
"neonatal ambulance team","neonatal ambulance team","NONBIOLOGICAL_LOCATION","","1"
"neonatology department","neonatology department","NONBIOLOGICAL_LOCATION","","1"
"nerve","nerve","BIOLOGICAL_STRUCTURE","","1"
"neuroinvasion","neuroinvasion","SIGN_SYMPTOM","","1"
"neurological consultation","neurological consultation","DIAGNOSTIC_PROCEDURE","","2"
"neurovascular conflict","neurovascular conflict","DISEASE_DISORDER","","1"
"nodal group IV on the left side","nodal group IV on the left side","BIOLOGICAL_STRUCTURE","","1"
"nodal groups I and II bilaterally","nodal groups I and II bilaterally","AREA","","1"
"nodes","nodes","BIOLOGICAL_STRUCTURE","","1"
"nodular conglomerate","nodular conglomerate","SIGN_SYMPTOM","","1"
"nodularly remodelled","nodularly remodelled","DETAILED_DESCRIPTION","","1"
"non-compaction","non-compaction","DISEASE_DISORDER","","2"
"non-radically excised","non-radically excised","DETAILED_DESCRIPTION","","1"
"non-specific focus of enhancement","non-specific focus of enhancement","SIGN_SYMPTOM","","1"
"normalisation of renal excretory function parameters","normalisation of renal excretory function parameters","OUTCOME","","1"
"normally accentuated","normally accentuated","SIGN_SYMPTOM","","2"
"normally positioned","normally positioned","DETAILED_DESCRIPTION","","2"
"normoechoic","normoechoic","TEXTURE","","3"
"nursing and care department","nursing and care department","NONBIOLOGICAL_LOCATION","","1"
"observation and infectious diseases department","observation and infectious diseases department","NONBIOLOGICAL_LOCATION","","1"
"obstetrics and neonatology department","obstetrics and neonatology department","NONBIOLOGICAL_LOCATION","","1"
"offloading","offloading","THERAPEUTIC_PROCEDURE","","2"
"oncological and thoracic surgery consultation","oncological and thoracic surgery consultation","CLINICAL_EVENT","","1"
"oncological concern","oncological concern","DISEASE_DISORDER","","2"
"oncological consultation","oncological consultation","CLINICAL_EVENT","","1"
"oncologically suspicious lesion","oncologically suspicious lesion","DISEASE_DISORDER","","1"
"one hundred and twenty per minute","one hundred and twenty per minute","LAB_VALUE","","1"
"one point eight seconds","one point eight seconds","DURATION","","1"
"opening the airway manually","opening the airway manually","THERAPEUTIC_PROCEDURE","","1"
"ophthalmological consultation","ophthalmological consultation","CLINICAL_EVENT","","2"
"oral","oral","ADMINISTRATION","","1"
"orthopaedic supplies clinic","orthopaedic supplies clinic","NONBIOLOGICAL_LOCATION","","1"
"other diagnostic or procedural laboratories","other diagnostic or procedural laboratories","NONBIOLOGICAL_LOCATION","","1"
"outpatient dialysis unit","outpatient dialysis unit","NONBIOLOGICAL_LOCATION","","1"
"over two seconds","over two seconds","DURATION","","1"
"overuse changes","overuse changes","DISEASE_DISORDER","","3"
"pH 7.2","pH 7.2","LAB_VALUE","","2"
"pT1N0","pT1N0","DETAILED_DESCRIPTION","","1"
"pT2N0","pT2N0","LAB_VALUE","","3"
"pT2aN0MX","pT2aN0MX","DETAILED_DESCRIPTION","","1"
"pT3N0","pT3N0","DETAILED_DESCRIPTION","","3"
"pT4aN2a","pT4aN2a","DETAILED_DESCRIPTION","","1"
"pTisN0(sn)","pTisN0(sn)","LAB_VALUE","","1"
"pacemaker and cardioverter check clinic","pacemaker and cardioverter check clinic","NONBIOLOGICAL_LOCATION","","1"
"pacemaker implantation department","pacemaker implantation department","NONBIOLOGICAL_LOCATION","","1"
"paediatric vaccination clinic","paediatric vaccination clinic","NONBIOLOGICAL_LOCATION","","1"
"palliative care","palliative care","THERAPEUTIC_PROCEDURE","","1"
"para-aortic, perirenal and pelvic lymph nodes","para-aortic, perirenal and pelvic lymph nodes","BIOLOGICAL_STRUCTURE","","1"
"paraganglioma","paraganglioma","DISEASE_DISORDER","","1"
"paraglottic space on the left side","paraglottic space on the left side","BIOLOGICAL_STRUCTURE","","1"
"paratracheally on the right side","paratracheally on the right side","AREA","","1"
"parietal mucosal thickening","parietal mucosal thickening","SIGN_SYMPTOM","","1"
"pathological nodal reflections","pathological nodal reflections","SIGN_SYMPTOM","","3"
"pathological proliferation","pathological proliferation","DISEASE_DISORDER","","2"
"pedicled submental myocutaneous flap","pedicled submental myocutaneous flap","BIOLOGICAL_STRUCTURE","","2"
"pemphigoid antibodies","pemphigoid antibodies","DIAGNOSTIC_PROCEDURE","","2"
"perithyroid lymph nodes","perithyroid lymph nodes","BIOLOGICAL_STRUCTURE","","6"
"persistent active underlying process","persistent active underlying process","DISEASE_DISORDER","","1"
"persisting ductal ampulla","persisting ductal ampulla","DISEASE_DISORDER","","1"
"phoniatrics clinic","phoniatrics clinic","NONBIOLOGICAL_LOCATION","","1"
"physical education classes","physical education classes","ACTIVITY","","1"
"piece of meat","piece of meat","SIGN_SYMPTOM","","1"
"pig-tail drain","pig-tail drain","THERAPEUTIC_PROCEDURE","","1"
"planned admissions point","planned admissions point","NONBIOLOGICAL_LOCATION","","2"
"poorly visible external outlines","poorly visible external outlines","SIGN_SYMPTOM","","1"
"portal spaces","portal spaces","BIOLOGICAL_STRUCTURE","","1"
"post-contrast enhancement","post-contrast enhancement","SIGN_SYMPTOM","","6"
"post-contrast images","post-contrast images","DIAGNOSTIC_PROCEDURE","","1"
"posterior belly of the digastric muscle","posterior belly of the digastric muscle","BIOLOGICAL_STRUCTURE","","1"
"posterior part of the left scapula","posterior part of the left scapula","BIOLOGICAL_STRUCTURE","","1"
"posterior segment of the left 1st rib","posterior segment of the left 1st rib","BIOLOGICAL_STRUCTURE","","1"
"postural defects clinic","postural defects clinic","NONBIOLOGICAL_LOCATION","","1"
"power Doppler","power Doppler","DIAGNOSTIC_PROCEDURE","","1"
"pre-syncopal states","pre-syncopal states","SIGN_SYMPTOM","","2"
"pre-syncopal symptoms","pre-syncopal symptoms","SIGN_SYMPTOM","","1"
"pregnancy pathology clinic","pregnancy pathology clinic","NONBIOLOGICAL_LOCATION","","1"
"pregnancy pathology department","pregnancy pathology department","NONBIOLOGICAL_LOCATION","","1"
"preventive supervision department","preventive supervision department","NONBIOLOGICAL_LOCATION","","1"
"previous ultrasound examination","previous ultrasound examination","DIAGNOSTIC_PROCEDURE","","1"
"prominent focal lesions","prominent focal lesions","SIGN_SYMPTOM","","1"
"proper diet","proper diet","THERAPEUTIC_PROCEDURE","","2"
"prostate","prostate","BIOLOGICAL_STRUCTURE","","3"
"protective vaccination","protective vaccination","THERAPEUTIC_PROCEDURE","","1"
"provision of specialist footwear","provision of specialist footwear","THERAPEUTIC_PROCEDURE","","2"
"proximal part of the lingual nerve","proximal part of the lingual nerve","BIOLOGICAL_STRUCTURE","","1"
"proximal quarter of the thighs","proximal quarter of the thighs","BIOLOGICAL_STRUCTURE","","1"
"psychiatric care and treatment day facility","psychiatric care and treatment day facility","NONBIOLOGICAL_LOCATION","","1"
"psychiatric department for adolescents","psychiatric department for adolescents","NONBIOLOGICAL_LOCATION","","1"
"psychiatric department for children","psychiatric department for children","NONBIOLOGICAL_LOCATION","","1"
"psychiatric nursing and care day department","psychiatric nursing and care day department","NONBIOLOGICAL_LOCATION","","1"
"psychiatric nursing and care facility for children and adolescents","psychiatric nursing and care facility for children and adolescents","NONBIOLOGICAL_LOCATION","","1"
"psychiatric nursing and care or care and treatment department","psychiatric nursing and care or care and treatment department","NONBIOLOGICAL_LOCATION","","1"
"psychiatric nursing and care or care and treatment facility","psychiatric nursing and care or care and treatment facility","NONBIOLOGICAL_LOCATION","","1"
"psychoactive substance addiction","psychoactive substance addiction","DISEASE_DISORDER","","7"
"psychoactive substances","psychoactive substances","MEDICATION","","1"
"psychosomatic clinic","psychosomatic clinic","NONBIOLOGICAL_LOCATION","","1"
"pulmonary valve","pulmonary valve","BIOLOGICAL_STRUCTURE","","1"
"pulmonology consultation","pulmonology consultation","CLINICAL_EVENT","","1"
"pulmonology department","pulmonology department","NONBIOLOGICAL_LOCATION","","1"
"pulsatile flow with a diastolic flow component","pulsatile flow with a diastolic flow component","SIGN_SYMPTOM","","1"
"purulent reaction","purulent reaction","SIGN_SYMPTOM","","1"
"radial resection line of the mesorectal tissues","radial resection line of the mesorectal tissues","BIOLOGICAL_STRUCTURE","","1"
"radioiodine therapy department","radioiodine therapy department","NONBIOLOGICAL_LOCATION","","1"
"radioiodine treatment","radioiodine treatment","THERAPEUTIC_PROCEDURE","","1"
"radiological supervision department","radiological supervision department","NONBIOLOGICAL_LOCATION","","1"
"radiotherapy","radiotherapy","THERAPEUTIC_PROCEDURE","","1"
"raised leucocyte count","raised leucocyte count","SIGN_SYMPTOM","","1"
"raised liver parameters","raised liver parameters","SIGN_SYMPTOM","","1"
"react briskly to the light source","react briskly to the light source","SIGN_SYMPTOM","","1"
"reacting normally to light","reacting normally to light","SIGN_SYMPTOM","","1"
"reactively altered","reactively altered","DETAILED_DESCRIPTION","","1"
"reassessment of mental state","reassessment of mental state","DIAGNOSTIC_PROCEDURE","","2"
"rectum","rectum","BIOLOGICAL_STRUCTURE","","2"
"reduced aeration","reduced aeration","SIGN_SYMPTOM","","1"
"reduced contractility","reduced contractility","SIGN_SYMPTOM","","2"
"reduction in the amount of lymphatic tissue","reduction in the amount of lymphatic tissue","SIGN_SYMPTOM","","1"
"reduction in the animal fat content of the diet","reduction in the animal fat content of the diet","THERAPEUTIC_PROCEDURE","","1"
"referring the patient","referring the patient","CLINICAL_EVENT","","6"
"region of the nose","region of the nose","AREA","","1"
"regional contractility abnormalities","regional contractility abnormalities","SIGN_SYMPTOM","","2"
"regional lymphatic drainage area","regional lymphatic drainage area","AREA","","1"
"regressive changes","regressive changes","SIGN_SYMPTOM","","1"
"regrowth goitre","regrowth goitre","DISEASE_DISORDER","","1"
"rehabilitation","rehabilitation","THERAPEUTIC_PROCEDURE","","2"
"rehabilitation centre for children and adolescents dependent on psychoactive substances","rehabilitation centre for children and adolescents dependent on psychoactive substances","NONBIOLOGICAL_LOCATION","","1"
"rehabilitation centre for people dependent on psychoactive substances with coexisting psychotic disorders","rehabilitation centre for people dependent on psychoactive substances with coexisting psychotic disorders","NONBIOLOGICAL_LOCATION","","1"
"rehabilitation department for people dependent on psychoactive substances","rehabilitation department for people dependent on psychoactive substances","NONBIOLOGICAL_LOCATION","","2"
"remaining anterior process of the right parotid gland","remaining anterior process of the right parotid gland","BIOLOGICAL_STRUCTURE","","1"
"removal of a tumour","removal of a tumour","THERAPEUTIC_PROCEDURE","","1"
"removal of the drain","removal of the drain","THERAPEUTIC_PROCEDURE","","1"
"removal of the right kidney","removal of the right kidney","THERAPEUTIC_PROCEDURE","","1"
"removal of the skin sutures","removal of the skin sutures","THERAPEUTIC_PROCEDURE","","1"
"removing a leaking dressing","removing a leaking dressing","THERAPEUTIC_PROCEDURE","","1"
"renal parameters","renal parameters","DIAGNOSTIC_PROCEDURE","","4"
"reparative changes","reparative changes","SIGN_SYMPTOM","","1"
"replacement","replacement","THERAPEUTIC_PROCEDURE","","1"
"replacement of the Foley catheter","replacement of the Foley catheter","THERAPEUTIC_PROCEDURE","","1"
"replacement of the SEMS stent","replacement of the SEMS stent","THERAPEUTIC_PROCEDURE","","1"
"resection line of the adipose tissue","resection line of the adipose tissue","BIOLOGICAL_STRUCTURE","","1"
"residual changes","residual changes","SIGN_SYMPTOM","","3"
"residual shunting","residual shunting","DISEASE_DISORDER","","5"
"residual thrombosed tumour mass","residual thrombosed tumour mass","DISEASE_DISORDER","","2"
"residual thyroid parenchyma","residual thyroid parenchyma","BIOLOGICAL_STRUCTURE","","1"
"resorptive reaction","resorptive reaction","SIGN_SYMPTOM","","2"
"respiratory allergy clinic","respiratory allergy clinic","NONBIOLOGICAL_LOCATION","","1"
"restriction of calorie and salt intake","restriction of calorie and salt intake","THERAPEUTIC_PROCEDURE","","1"
"retroareolar region","retroareolar region","AREA","","1"
"retropharyngeal course of the R-ICA","retropharyngeal course of the R-ICA","SIGN_SYMPTOM","","1"
"reverse flow","reverse flow","SIGN_SYMPTOM","","2"
"reversed spectrum","reversed spectrum","SIGN_SYMPTOM","","1"
"revision of the bed","revision of the bed","THERAPEUTIC_PROCEDURE","","1"
"right and left coronary leaflets","right and left coronary leaflets","BIOLOGICAL_STRUCTURE","","1"
"right breast","right breast","BIOLOGICAL_STRUCTURE","","1"
"right carotid space","right carotid space","AREA","","1"
"right kidney","right kidney","BIOLOGICAL_STRUCTURE","","1"
"right lower","right lower","BIOLOGICAL_STRUCTURE","","1"
"right palatine nerve canals","right palatine nerve canals","BIOLOGICAL_STRUCTURE","","3"
"right ramus of the mandible","right ramus of the mandible","BIOLOGICAL_STRUCTURE","","1"
"right temporal horn","right temporal horn","BIOLOGICAL_STRUCTURE","","1"
"right tenth nerve","right tenth nerve","BIOLOGICAL_STRUCTURE","","1"
"right ventricular","right ventricular","BIOLOGICAL_STRUCTURE","","1"
"right ventricular inflow dimension","right ventricular inflow dimension","DIAGNOSTIC_PROCEDURE","","2"
"right ventricular overload","right ventricular overload","SIGN_SYMPTOM","","1"
"right-sided mastectomy","right-sided mastectomy","THERAPEUTIC_PROCEDURE","","1"
"right-sided reparotidectomy","right-sided reparotidectomy","THERAPEUTIC_PROCEDURE","","1"
"rise in PSA","rise in PSA","SIGN_SYMPTOM","","2"
"rise in inflammatory marker levels","rise in inflammatory marker levels","LAB_VALUE","","1"
"rising liver enzymes","rising liver enzymes","SIGN_SYMPTOM","","1"
"rooming-in obstetrics department","rooming-in obstetrics department","NONBIOLOGICAL_LOCATION","","1"
"routine check-up","routine check-up","DIAGNOSTIC_PROCEDURE","","1"
"routine health check","routine health check","CLINICAL_EVENT","","1"
"salt loading test","salt loading test","DIAGNOSTIC_PROCEDURE","","2"
"sanatorium spa department","sanatorium spa department","NONBIOLOGICAL_LOCATION","","1"
"sanatorium spa department in an adapted underground mine working","sanatorium spa department in an adapted underground mine working","NONBIOLOGICAL_LOCATION","","1"
"sanatorium spa rehabilitation department","sanatorium spa rehabilitation department","NONBIOLOGICAL_LOCATION","","1"
"sanitary supervision department","sanitary supervision department","NONBIOLOGICAL_LOCATION","","1"
"satisfactory effect","satisfactory effect","OUTCOME","","1"
"scan","scan","DIAGNOSTIC_PROCEDURE","","1"
"school medicine office","school medicine office","NONBIOLOGICAL_LOCATION","","1"
"segments VI and X","segments VI and X","BIOLOGICAL_STRUCTURE","","1"
"self-adhesive pads","self-adhesive pads","THERAPEUTIC_PROCEDURE","","3"
"self-monitoring diary","self-monitoring diary","NONBIOLOGICAL_LOCATION","","1"
"sheet-like","sheet-like","SHAPE","","1"
"shifted to the right","shifted to the right","SIGN_SYMPTOM","","1"
"sigmoid","sigmoid","BIOLOGICAL_STRUCTURE","","1"
"significant acceleration","significant acceleration","SIGN_SYMPTOM","","1"
"significant metabolic activity","significant metabolic activity","SIGN_SYMPTOM","","1"
"significantly increased glucose metabolism","significantly increased glucose metabolism","SIGN_SYMPTOM","","1"
"signs of trauma","signs of trauma","SIGN_SYMPTOM","","1"
"simple sugars excluded from the diet","simple sugars excluded from the diet","THERAPEUTIC_PROCEDURE","","1"
"sitting with the head low between the legs","sitting with the head low between the legs","THERAPEUTIC_PROCEDURE","","1"
"sixty-five percent","sixty-five percent","LAB_VALUE","","1"
"skin","skin","BIOLOGICAL_STRUCTURE","","2"
"skin-approximating suture","skin-approximating suture","THERAPEUTIC_PROCEDURE","","1"
"slightly hypoechoic lesion","slightly hypoechoic lesion","SIGN_SYMPTOM","","1"
"slightly reduced echogenicity","slightly reduced echogenicity","TEXTURE","","1"
"slightly reduced flow","slightly reduced flow","SIGN_SYMPTOM","","1"
"slowing of the sinus rhythm","slowing of the sinus rhythm","SIGN_SYMPTOM","","1"
"sluggish reaction to light","sluggish reaction to light","SIGN_SYMPTOM","","1"
"small focus of activity","small focus of activity","SIGN_SYMPTOM","","1"
"smoking","smoking","ACTIVITY","","1"
"smooth external outlines","smooth external outlines","DETAILED_DESCRIPTION","","2"
"smooth margins","smooth margins","SHAPE","","1"
"smooth outlines","smooth outlines","SHAPE","","4"
"solid and spongiform lesions","solid and spongiform lesions","SIGN_SYMPTOM","","1"
"solid focal lesions","solid focal lesions","SIGN_SYMPTOM","","1"
"solid, hypoechoic lesions","solid, hypoechoic lesions","SIGN_SYMPTOM","","1"
"solid, hypoechoic one","solid, hypoechoic one","SIGN_SYMPTOM","","1"
"solid-cystic focal lesions","solid-cystic focal lesions","SIGN_SYMPTOM","","1"
"solid-cystic lesions of mixed echogenicity and vascularity","solid-cystic lesions of mixed echogenicity and vascularity","SIGN_SYMPTOM","","1"
"somewhat deformed","somewhat deformed","SIGN_SYMPTOM","","1"
"source of bleeding","source of bleeding","DISEASE_DISORDER","","1"
"sparing the operated limb","sparing the operated limb","ACTIVITY","","1"
"sparse vascularity","sparse vascularity","SIGN_SYMPTOM","","2"
"specialist medical rescue team","specialist medical rescue team","NONBIOLOGICAL_LOCATION","","1"
"specialist water medical rescue team","specialist water medical rescue team","NONBIOLOGICAL_LOCATION","","1"
"spinal canal at the C3/C4 level","spinal canal at the C3/C4 level","BIOLOGICAL_STRUCTURE","","1"
"spongiform","spongiform","TEXTURE","","8"
"spongiform focal lesions","spongiform focal lesions","SIGN_SYMPTOM","","2"
"spongiform lesion","spongiform lesion","SIGN_SYMPTOM","","1"
"spongiform lesions","spongiform lesions","SIGN_SYMPTOM","","1"
"spread by budding","spread by budding","SIGN_SYMPTOM","","2"
"sputum","sputum","BIOLOGICAL_STRUCTURE","","1"
"stabilisation of body position","stabilisation of body position","THERAPEUTIC_PROCEDURE","","1"
"stay","stay","CLINICAL_EVENT","","2"
"stem of the endoprosthesis","stem of the endoprosthesis","OTHER_ENTITY","","1"
"stomach","stomach","BIOLOGICAL_STRUCTURE","","1"
"straightened","straightened","SIGN_SYMPTOM","","1"
"stump of the right femur","stump of the right femur","BIOLOGICAL_STRUCTURE","","1"
"submental flap","submental flap","BIOLOGICAL_STRUCTURE","","3"
"subpleural nodule","subpleural nodule","SIGN_SYMPTOM","","1"
"subpleurally","subpleurally","AREA","","1"
"subxiphoid view","subxiphoid view","DIAGNOSTIC_PROCEDURE","","2"
"sudden changes of body position","sudden changes of body position","ACTIVITY","","1"
"superior and temporal walls of the orbit","superior and temporal walls of the orbit","BIOLOGICAL_STRUCTURE","","1"
"superselective PVA embolisation","superselective PVA embolisation","THERAPEUTIC_PROCEDURE","","1"
"supplementary ultrasound","supplementary ultrasound","DIAGNOSTIC_PROCEDURE","","2"
"swirling flow","swirling flow","SIGN_SYMPTOM","","1"
"taken samples for testing","taken samples for testing","DIAGNOSTIC_PROCEDURE","","1"
"taller than wide","taller than wide","SHAPE","","1"
"tear","tear","DISEASE_DISORDER","","1"
"teleradiotherapy unit or facility","teleradiotherapy unit or facility","NONBIOLOGICAL_LOCATION","","1"
"tendon","tendon","BIOLOGICAL_STRUCTURE","","1"
"tendon of the long head of the biceps","tendon of the long head of the biceps","BIOLOGICAL_STRUCTURE","","1"
"tensing the muscles","tensing the muscles","THERAPEUTIC_PROCEDURE","","1"
"tenth nerve on the right side","tenth nerve on the right side","BIOLOGICAL_STRUCTURE","","1"
"tests for antibodies against glutamic acid decarboxylase","tests for antibodies against glutamic acid decarboxylase","DIAGNOSTIC_PROCEDURE","","1"
"them","them","COREFERENCE","","1"
"therapy centre for people dependent on alcohol with coexisting psychotic disorders","therapy centre for people dependent on alcohol with coexisting psychotic disorders","NONBIOLOGICAL_LOCATION","","1"
"therapy centre for people dependent on psychoactive substances with coexisting psychotic disorders","therapy centre for people dependent on psychoactive substances with coexisting psychotic disorders","NONBIOLOGICAL_LOCATION","","1"
"they","they","COREFERENCE","","1"
"thin-walled","thin-walled","DETAILED_DESCRIPTION","","1"
"thoracic surgery consultations","thoracic surgery consultations","CLINICAL_EVENT","","1"
"thrombosis","thrombosis","DISEASE_DISORDER","","1"
"throughout the year","throughout the year","DURATION","","1"
"tissue","tissue","BIOLOGICAL_STRUCTURE","","1"
"titration of the pressures on the CPAP device","titration of the pressures on the CPAP device","THERAPEUTIC_PROCEDURE","","1"
"tongue on the right side","tongue on the right side","BIOLOGICAL_STRUCTURE","","2"
"tonsil","tonsil","BIOLOGICAL_STRUCTURE","","1"
"transmedullary vessel","transmedullary vessel","BIOLOGICAL_STRUCTURE","","1"
"transplantology clinic","transplantology clinic","NONBIOLOGICAL_LOCATION","","1"
"transplantology department","transplantology department","NONBIOLOGICAL_LOCATION","","1"
"transthoracic examination","transthoracic examination","DIAGNOSTIC_PROCEDURE","","2"
"trapezius muscles on the right side","trapezius muscles on the right side","BIOLOGICAL_STRUCTURE","","1"
"trauma","trauma","DISEASE_DISORDER","","1"
"trauma and orthopaedic surgery clinic","trauma and orthopaedic surgery clinic","NONBIOLOGICAL_LOCATION","","1"
"trauma and orthopaedic surgery department","trauma and orthopaedic surgery department","NONBIOLOGICAL_LOCATION","","1"
"treatment","treatment","THERAPEUTIC_PROCEDURE","","3"
"tuberculosis and lung diseases department","tuberculosis and lung diseases department","NONBIOLOGICAL_LOCATION","","1"
"tumour","tumour","DISEASE_DISORDER","","4"
"tumour budding","tumour budding","SIGN_SYMPTOM","","1"
"tumour lesions","tumour lesions","DISEASE_DISORDER","","1"
"tumour of the parapharyngeal space on the right","tumour of the parapharyngeal space on the right","DISEASE_DISORDER","","1"
"turbo spin echo sequences","turbo spin echo sequences","DIAGNOSTIC_PROCEDURE","","1"
"turbulent","turbulent","SIGN_SYMPTOM","","2"
"turning her onto her sides","turning her onto her sides","ACTIVITY","","1"
"twenty-five millimetres","twenty-five millimetres","LAB_VALUE","","1"
"two jets","two jets","DETAILED_DESCRIPTION","","1"
"two point three seconds","two point three seconds","DURATION","","1"
"two-jet","two-jet","DETAILED_DESCRIPTION","","1"
"two-layered structure","two-layered structure","SIGN_SYMPTOM","","1"
"type N mobile medical transport team","type N mobile medical transport team","NONBIOLOGICAL_LOCATION","","1"
"ultrasound","ultrasound","DIAGNOSTIC_PROCEDURE","","1"
"ultrasound assessment","ultrasound assessment","DIAGNOSTIC_PROCEDURE","","1"
"underestimation","underestimation","SIGN_SYMPTOM","","1"
"unit or point supplying auxiliary aids","unit or point supplying auxiliary aids","NONBIOLOGICAL_LOCATION","","1"
"unit or point supplying medical devices that are orthopaedic appliances","unit or point supplying medical devices that are orthopaedic appliances","NONBIOLOGICAL_LOCATION","","1"
"unit or point supplying optical aids","unit or point supplying optical aids","NONBIOLOGICAL_LOCATION","","1"
"unreactive to light","unreactive to light","SIGN_SYMPTOM","","1"
"upper and lower poles","upper and lower poles","AREA","","2"
"upward trend","upward trend","LAB_VALUE","","1"
"urinary glucose excretion increases","urinary glucose excretion increases","SIGN_SYMPTOM","","2"
"urinary metanephrine levels","urinary metanephrine levels","LAB_VALUE","","2"
"urine","urine","BIOLOGICAL_STRUCTURE","","1"
"urine and sputum cultures","urine and sputum cultures","DIAGNOSTIC_PROCEDURE","","1"
"varied diet","varied diet","THERAPEUTIC_PROCEDURE","","1"
"varied, balanced diet","varied, balanced diet","ACTIVITY","","1"
"vascular background","vascular background","BIOLOGICAL_STRUCTURE","","1"
"vascular emboli of carcinoma cells","vascular emboli of carcinoma cells","DISEASE_DISORDER","","1"
"vascular emboli of tumour cells","vascular emboli of tumour cells","SIGN_SYMPTOM","","1"
"vascular resection lines","vascular resection lines","BIOLOGICAL_STRUCTURE","","2"
"vegetations","vegetations","DISEASE_DISORDER","","2"
"venereology clinic","venereology clinic","NONBIOLOGICAL_LOCATION","","1"
"venous sinuses of the meninges","venous sinuses of the meninges","BIOLOGICAL_STRUCTURE","","1"
"vertebra","vertebra","BIOLOGICAL_STRUCTURE","","1"
"vesicular breath sounds diminished","vesicular breath sounds diminished","SIGN_SYMPTOM","","1"
"vigorous work of the leg muscles","vigorous work of the leg muscles","THERAPEUTIC_PROCEDURE","","1"
"viral hepatitis","viral hepatitis","DISEASE_DISORDER","","2"
"visible vascularity","visible vascularity","SIGN_SYMPTOM","","4"
"vitamin or cholesterol ointment","vitamin or cholesterol ointment","MEDICATION","","1"
"waist","waist","AREA","","1"
"ward","ward","NONBIOLOGICAL_LOCATION","","1"
"wash the body","wash the body","THERAPEUTIC_PROCEDURE","","1"
"washing the wound","washing the wound","THERAPEUTIC_PROCEDURE","","1"
"washing under running water","washing under running water","THERAPEUTIC_PROCEDURE","","1"
"weakly (+)","weakly (+)","LAB_VALUE","","1"
"widening of the margin","widening of the margin","THERAPEUTIC_PROCEDURE","","1"
"wider","wider","SIGN_SYMPTOM","","2"
"withdrawal syndromes","withdrawal syndromes","DISEASE_DISORDER","","1"
"withdrawal syndromes following psychoactive substances","withdrawal syndromes following psychoactive substances","DISEASE_DISORDER","","3"
"worsening appetite","worsening appetite","SIGN_SYMPTOM","","1"
"wound","wound","DISEASE_DISORDER","","1"
"wound edges","wound edges","BIOLOGICAL_STRUCTURE","","4"
"yesterday's","yesterday's","DATE","","1"
"ypT3N0MxR0","ypT3N0MxR0","LAB_VALUE","","1"
